Business_Key,Source,Program,Task_ID,Status,User_Name,Date_Time,Task_Name,Improvement_Type,Change_Type,Import_Batch_ID,Import_TS,Reviewed_Flag
jira_issues|dorado|dorado-905,jira_issues,DORADO,DORADO-905,Open,,2025-07-02T01:05:56+08:00,Implement POML on Dorado,TTR,NEW,20251119-064203,2025-11-19T06:42:03,
jira_issues|marlin|marlinct-2089,jira_issues,MARLIN,MARLINCT-2089,Resolved,,2025-07-17T22:55:06+08:00,PROZ improvement Trunk CLs (July'2025),TTR,NEW,20251119-064203,2025-11-19T06:42:03,
jira_issues|marlin bp|mbp-1718,jira_issues,MARLIN BP,MBP-1718,Resolved,,2025-07-18T08:57:22+08:00,TTR: To close TT gap (vs Marlin) - BER measurement,TTR,NEW,20251119-064203,2025-11-19T06:42:03,
jira_issues|summit|summit-2266,jira_issues,SUMMIT,SUMMIT-2266,Closed,,2025-07-25T14:32:52+08:00,TTR malloc on Goby,TTR,NEW,20251119-064203,2025-11-19T06:42:03,
jira_issues|summit|summit-2268,jira_issues,SUMMIT,SUMMIT-2268,Closed,,2025-07-25T20:16:46+08:00,TTR: PROZ: Enable PROZ for CMR ZAP only.,TTR,NEW,20251119-064203,2025-11-19T06:42:03,
jira_issues|dorado|dorado-1007,jira_issues,DORADO,DORADO-1007,Open,,2025-07-26T00:18:25+08:00,Evaluate impact of integrating zone dependent default Wpower  ,TTR,NEW,20251119-064203,2025-11-19T06:42:03,
jira_issues|marlin bp|mbp-1730,jira_issues,MARLIN BP,MBP-1730,Resolved,,2025-07-26T03:41:43+08:00,SMR Format Removal Evaluation,TTR,NEW,20251119-064203,2025-11-19T06:42:03,
jira_issues|summit|summit-2269,jira_issues,SUMMIT,SUMMIT-2269,In Progress,,2025-07-28T15:42:23+08:00,TTR: Radical Rap Test Time Improvement,TTR,NEW,20251119-064203,2025-11-19T06:42:03,
jira_issues|marlin bp|mbp-1731,jira_issues,MARLIN BP,MBP-1731,In Progress,,2025-07-28T23:32:32+08:00,"Move From Trunk To Branch The Feature ""Scopy TA Feedforward to PRE2""",TTR,NEW,20251119-064203,2025-11-19T06:42:03,
jira_issues|dorado|dorado-1011,jira_issues,DORADO,DORADO-1011,In Progress,,2025-07-29T02:50:57+08:00,Scopy TA Feedforward,TTR,NEW,20251119-064203,2025-11-19T06:42:03,
jira_issues|summit|summit-2272,jira_issues,SUMMIT,SUMMIT-2272,Closed,,2025-07-29T16:26:59+08:00,TTR: Reduce num write of zone 0 at VBAR_ATI,TTR,NEW,20251119-064203,2025-11-19T06:42:03,
jira_issues|summit|summit-2273,jira_issues,SUMMIT,SUMMIT-2273,Closed,,2025-07-29T16:49:37+08:00,TTR: T240 TEST ZONE by Condition #Phase2,TTR,NEW,20251119-064203,2025-11-19T06:42:03,
jira_issues|summit|summit-2274,jira_issues,SUMMIT,SUMMIT-2274,Closed,,2025-07-29T17:13:33+08:00,"CLONE - TTR: FINE_UJOG_INIT GobyLite (for PK1, unlock condition)",TTR,NEW,20251119-064203,2025-11-19T06:42:03,
jira_issues|marlin bp|mbp-1734,jira_issues,MARLIN BP,MBP-1734,Resolved,,2025-07-30T00:03:02+08:00,CLONE - PROZ improvement Trunk CLs (July'2025),TTR,NEW,20251119-064203,2025-11-19T06:42:03,
jira_issues|dorado|dorado-1015,jira_issues,DORADO,DORADO-1015,Resolved,,2025-07-30T03:20:14+08:00,Skip track certify in format (TTR),TTR,NEW,20251119-064203,2025-11-19T06:42:03,
jira_issues|summit|summit-2276,jira_issues,SUMMIT,SUMMIT-2276,Closed,,2025-07-31T02:01:48+08:00,TTR: Further improvements on TTR in VBAR_METRICS,TTR,NEW,20251119-064203,2025-11-19T06:42:03,
jira_issues|marlin bp|mbp-1739,jira_issues,MARLIN BP,MBP-1739,Resolved,,2025-07-31T06:20:11+08:00,T282 sensitivity projection optimization - data & test time reduction,TTR,NEW,20251119-064203,2025-11-19T06:42:03,
jira_issues|dorado|dorado-1021,jira_issues,DORADO,DORADO-1021,Resolved,,2025-07-31T14:53:21+08:00,Overhead reduction in SetSysZoneIop(),TTR,NEW,20251119-064203,2025-11-19T06:42:03,
jira_issues|dorado|dorado-1022,jira_issues,DORADO,DORADO-1022,Reopened,,2025-07-31T22:30:39+08:00,TTR for IVBAR,TTR,NEW,20251119-064203,2025-11-19T06:42:03,
jira_issues|dorado|dorado-1023,jira_issues,DORADO,DORADO-1023,Open,,2025-07-31T23:00:23+08:00,"TTR: T211: LZR: Evaluate reducing 6,6 write count to 3,3 and 1,1.  Compensate TPIpicks with reduction in TpiSFR threshold",TTR,NEW,20251119-064203,2025-11-19T06:42:03,
jira_issues|dorado|dorado-1029,jira_issues,DORADO,DORADO-1029,Open,,2025-08-01T09:27:36+08:00,Removal of NDS ,TTR,NEW,20251119-064203,2025-11-19T06:42:03,
jira_issues|dorado|dorado-1030,jira_issues,DORADO,DORADO-1030,Open,,2025-08-01T09:30:03+08:00,4 loops of MQM to iMQM,TTR,NEW,20251119-064203,2025-11-19T06:42:03,
jira_issues|summit|summit-2278,jira_issues,SUMMIT,SUMMIT-2278,Closed,,2025-08-01T14:24:00+08:00,TTR: Sampling T240 Zn1 in write screen state.,TTR,NEW,20251119-064203,2025-11-19T06:42:03,
jira_issues|dorado|dorado-1032,jira_issues,DORADO,DORADO-1032,Open,,2025-08-01T19:33:31+08:00,Remove T269 from PRE2 (FINE_LASER_CAL2),TTR,NEW,20251119-064203,2025-11-19T06:42:03,
jira_issues|summit|summit-2279,jira_issues,SUMMIT,SUMMIT-2279,In Progress,,2025-08-04T14:34:16+08:00,TTR: Test 33 Seek Delay Improvement - merge to PCO 3.8 & 3.0,TTR,NEW,20251119-064203,2025-11-19T06:42:03,
jira_issues|summit|summit-2280,jira_issues,SUMMIT,SUMMIT-2280,Closed,,2025-08-04T21:59:06+08:00,Add Fast MSMR Combined Reader Calculation mode to either T238 or T438,TTR,NEW,20251119-064203,2025-11-19T06:42:03,
jira_issues|dorado|dorado-1036,jira_issues,DORADO,DORADO-1036,Resolved,,2025-08-05T05:10:59+08:00,"TTR - Items for Dorado implementation, leveraged from Marlin through EWC study",TTR,NEW,20251119-064203,2025-11-19T06:42:03,
jira_issues|dorado|dorado-1037,jira_issues,DORADO,DORADO-1037,Resolved,,2025-08-05T05:53:27+08:00,"SMR Dorado1 fractional VISA ByZone, By Preamp",TTR,NEW,20251119-064203,2025-11-19T06:42:03,
jira_issues|marlin bp|mbp-1745,jira_issues,MARLIN BP,MBP-1745,Resolved,,2025-08-05T11:53:02+08:00,Increase Skinc step from 4 to 8 in PRE2 TA SCAN TA_SCAN_INCR_CLR and TA_SCAN_ACTIVE states.,TTR,NEW,20251119-064203,2025-11-19T06:42:03,
jira_issues|marlin bp|mbp-1746,jira_issues,MARLIN BP,MBP-1746,Open,,2025-08-05T22:42:24+08:00,TTR: CMR Skip Track Format Certify,TTR,NEW,20251119-064203,2025-11-19T06:42:03,
jira_issues|summit|summit-2281,jira_issues,SUMMIT,SUMMIT-2281,Closed,,2025-08-06T00:35:29+08:00,TTR: Data Collection Tests Sampling Or Removal,TTR,NEW,20251119-064203,2025-11-19T06:42:03,
jira_issues|marlin|marlinct-2111,jira_issues,MARLIN,MARLINCT-2111,Open,,2025-08-06T00:36:49+08:00,Data Collection Tests Sampling Or Removal,TTR,NEW,20251119-064203,2025-11-19T06:42:03,
jira_issues|marlin bp|mbp-1748,jira_issues,MARLIN BP,MBP-1748,Open,,2025-08-06T00:39:49+08:00,Data Collection Tests Sampling Or Removal,TTR,NEW,20251119-064203,2025-11-19T06:42:03,
jira_issues|dorado|dorado-1039,jira_issues,DORADO,DORADO-1039,Open,,2025-08-06T00:41:48+08:00,Data Collection Tests Sampling Or Removal,TTR,NEW,20251119-064203,2025-11-19T06:42:03,
jira_issues|summit|summit-2283,jira_issues,SUMMIT,SUMMIT-2283,Closed,,2025-08-07T09:57:36+08:00,TTR: Simplify T282 VCM/uPZT/mPZT Structure Measurement at ID at PRE2 and/or CAL,TTR,NEW,20251119-064203,2025-11-19T06:42:03,
jira_issues|summit|summit-2288,jira_issues,SUMMIT,SUMMIT-2288,Closed,,2025-08-07T20:38:27+08:00,PCO Item - PCO3.7.3G,TTR,NEW,20251119-064203,2025-11-19T06:42:03,
jira_issues|dorado|dorado-1047,jira_issues,DORADO,DORADO-1047,Open,,2025-08-07T23:14:06+08:00,Reduction of Soak Before Cert for 25nm NFTs on Dorado 2,TTR,NEW,20251119-064203,2025-11-19T06:42:03,
jira_issues|marlin bp|mbp-1758,jira_issues,MARLIN BP,MBP-1758,Resolved,,2025-08-09T00:31:49+08:00,TTR: TOPAZ RroTarget ladder DOE w/ 2-Iter ZAP,TTR,NEW,20251119-064203,2025-11-19T06:42:03,
jira_issues|marlin|marlinct-2117,jira_issues,MARLIN,MARLINCT-2117,Open,,2025-08-11T10:35:56+08:00,TTR: Reduce ZAP iterations from 2 to 1 on HSMR,TTR,NEW,20251119-064203,2025-11-19T06:42:03,
jira_issues|marlin bp|mbp-1759,jira_issues,MARLIN BP,MBP-1759,Open,,2025-08-11T10:45:48+08:00,TTR: Reduce ZAP iterations from 3 to 2 on SMR(VC),TTR,NEW,20251119-064203,2025-11-19T06:42:03,
jira_issues|marlin bp|mbp-1760,jira_issues,MARLIN BP,MBP-1760,Resolved,,2025-08-11T10:52:34+08:00,TTR: Reduce ZAP iterations from 3 to 2 on CMR 30TB (LV),TTR,NEW,20251119-064203,2025-11-19T06:42:03,
jira_issues|dorado|dorado-1050,jira_issues,DORADO,DORADO-1050,Open,,2025-08-11T11:02:49+08:00,TTR: Reduce ZAP iterations from 3 to 2 on SMR(VC),TTR,NEW,20251119-064203,2025-11-19T06:42:03,
jira_issues|dorado|dorado-1051,jira_issues,DORADO,DORADO-1051,In Progress,,2025-08-11T11:14:58+08:00,TTR: Reduce ZAP iterations from 3 to 2 on HSMR(VC),TTR,NEW,20251119-064203,2025-11-19T06:42:03,
jira_issues|summit|summit-2294,jira_issues,SUMMIT,SUMMIT-2294,Closed,,2025-08-11T11:27:08+08:00,TTR: Reduce ZAP iterations from 2 to 1 on SMR(VC),TTR,NEW,20251119-064203,2025-11-19T06:42:03,
jira_issues|dorado|dorado-1053,jira_issues,DORADO,DORADO-1053,Resolved,,2025-08-12T00:41:59+08:00,"HSMR: PRE2: VBAR_INIT: delete final T451 and T461 calls, Change t451 in READER_PRM_OPTI",TTR,NEW,20251119-064203,2025-11-19T06:42:03,
jira_issues|dorado|dorado-1054,jira_issues,DORADO,DORADO-1054,Open,,2025-08-12T05:07:37+08:00,PRE2: READER_PRM_OPTI T451: Update Cwrd3 for derived opti,TTR,NEW,20251119-064203,2025-11-19T06:42:03,
jira_issues|summit|summit-2295,jira_issues,SUMMIT,SUMMIT-2295,Closed,,2025-08-12T13:36:46+08:00,TTR: T282 Rework how UACT/MACT measurement are done,TTR,NEW,20251119-064203,2025-11-19T06:42:03,
jira_issues|marlin|marlinct-2121,jira_issues,MARLIN,MARLINCT-2121,Resolved,,2025-08-14T09:20:10+08:00,Release PCO 7.2.10,TTR,NEW,20251119-064203,2025-11-19T06:42:03,
jira_issues|summit|summit-2300,jira_issues,SUMMIT,SUMMIT-2300,Closed,,2025-08-14T15:27:54+08:00,TTR: Remove 1>N28 from DNLD_CODE_TCG_SPT,TTR,NEW,20251119-064203,2025-11-19T06:42:03,
jira_issues|summit|summit-2301,jira_issues,SUMMIT,SUMMIT-2301,Closed,,2025-08-14T18:43:06+08:00,PCO Item - PCO3.7.3A_EFL2B1,TTR,NEW,20251119-064203,2025-11-19T06:42:03,
jira_issues|marlin|marlinct-2122,jira_issues,MARLIN,MARLINCT-2122,Open,,2025-08-15T00:53:10+08:00,Marlin TTR remove state ,TTR,NEW,20251119-064203,2025-11-19T06:42:03,
jira_issues|marlin|marlinct-2123,jira_issues,MARLIN,MARLINCT-2123,Open,,2025-08-15T00:55:01+08:00,Marlin TTR T135 Reduce Zone,TTR,NEW,20251119-064203,2025-11-19T06:42:03,
jira_issues|marlin bp|mbp-1769,jira_issues,MARLIN BP,MBP-1769,Open,,2025-08-15T01:36:47+08:00,DELL RDT FAILURE K1S0AHFN EC704 HANG,TTR,NEW,20251119-064203,2025-11-19T06:42:03,
jira_issues|summit|summit-2302,jira_issues,SUMMIT,SUMMIT-2302,Closed,,2025-08-15T12:30:56+08:00,TTR: PCBA_SCRN extreme optimization.,TTR,NEW,20251119-064203,2025-11-19T06:42:03,
jira_issues|summit|summit-2303,jira_issues,SUMMIT,SUMMIT-2303,Closed,,2025-08-15T17:25:55+08:00,PCO Item - PCO3.7.3A_EFL2B2,TTR,NEW,20251119-064203,2025-11-19T06:42:03,
jira_issues|dorado|dorado-1072,jira_issues,DORADO,DORADO-1072,Resolved,,2025-08-16T01:57:27+08:00,PWT: Remove T411 calls from PWT state VC_TO_FC_BPI_ADJUST,TTR,NEW,20251119-064203,2025-11-19T06:42:03,
jira_issues|summit|summit-2305,jira_issues,SUMMIT,SUMMIT-2305,Closed,,2025-08-18T14:24:24+08:00,Investigate Hd0 Abnormal BPIC for certain drive condition when enable SUMMIT-2092 causing EC10402 Failure,TTR,NEW,20251119-064203,2025-11-19T06:42:03,
jira_issues|summit|summit-2307,jira_issues,SUMMIT,SUMMIT-2307,Closed,,2025-08-19T10:02:28+08:00,TTR: Update default PSTE Range from 4 to 5 to support TTR SUMMIT-2091,TTR,NEW,20251119-064203,2025-11-19T06:42:03,
jira_issues|marlin|marlinct-2130,jira_issues,MARLIN,MARLINCT-2130,Open,,2025-08-19T12:48:04+08:00,TTR: CERT portion Powercycle,TTR,NEW,20251119-064203,2025-11-19T06:42:03,
jira_issues|marlin|marlinct-2131,jira_issues,MARLIN,MARLINCT-2131,Resolved,,2025-08-19T19:23:44+08:00,Add PCBA_SCRN while soaking test,TTR,NEW,20251119-064203,2025-11-19T06:42:03,
jira_issues|marlin bp|mbp-1774,jira_issues,MARLIN BP,MBP-1774,Resolved,,2025-08-19T19:25:08+08:00,Add DRAM screen while soaking test,TTR,NEW,20251119-064203,2025-11-19T06:42:03,
jira_issues|dorado|dorado-1080,jira_issues,DORADO,DORADO-1080,Resolved,,2025-08-19T19:26:03+08:00,Add DRAM screen while soaking test,TTR,NEW,20251119-064203,2025-11-19T06:42:03,
jira_issues|marlin|marlinct-2132,jira_issues,MARLIN,MARLINCT-2132,Resolved,,2025-08-19T22:15:26+08:00,Release PCO 7.2.09F,TTR,NEW,20251119-064203,2025-11-19T06:42:03,
jira_issues|marlin|marlinct-2133,jira_issues,MARLIN,MARLINCT-2133,Open,,2025-08-21T04:59:36+08:00,[HOT FIN2] IOPs and BER spec optimization,TTR,NEW,20251119-064203,2025-11-19T06:42:03,
jira_issues|dorado|dorado-1092,jira_issues,DORADO,DORADO-1092,Resolved,,2025-08-22T01:13:19+08:00,"Remove UACT1 ""milli"" actuator Bode",TTR,NEW,20251119-064203,2025-11-19T06:42:03,
jira_issues|summit|summit-2314,jira_issues,SUMMIT,SUMMIT-2314,Closed,,2025-08-22T16:28:32+08:00,TTR: Integrated Milli/Micro Structure Bode Measurement with One-Shot SS1X Bode Measurement,TTR,NEW,20251119-064203,2025-11-19T06:42:03,
jira_issues|dorado|dorado-1094,jira_issues,DORADO,DORADO-1094,Resolved,,2025-08-22T21:23:15+08:00,Monitor and avoid skipped tracks,TTR,NEW,20251119-064203,2025-11-19T06:42:03,
jira_issues|marlin|marlinct-2143,jira_issues,MARLIN,MARLINCT-2143,Resolved,,2025-08-26T08:00:57+08:00,Remove t461 BER measurements around ZAP,TTR,NEW,20251119-064203,2025-11-19T06:42:03,
jira_issues|marlin|marlinct-2144,jira_issues,MARLIN,MARLINCT-2144,Resolved,,2025-08-26T08:28:41+08:00,Reduce Mini ZAP state track list,TTR,NEW,20251119-064203,2025-11-19T06:42:03,
jira_issues|summit|summit-2315,jira_issues,SUMMIT,SUMMIT-2315,Closed,Gronggaew (GG) Boonjuang,2025-08-26T15:57:49+08:00,PCO Item - PCO3.7.3A_EFL2C,TTR,NEW,20251116-140537,2025-11-16T14:05:37,
jira_issues|summit|summit-2317,jira_issues,SUMMIT,SUMMIT-2317,Closed,Unassigned,2025-08-26T21:14:13+08:00,TTR: VBAR_ZN_IVBAR Further,TTR,NEW,20251116-140537,2025-11-16T14:05:37,
jira_issues|dorado|dorado-1104,jira_issues,DORADO,DORADO-1104,Open,,2025-08-27T00:33:33+08:00,Adding T55 Reader Bi-mode (temperature dependent) screen specs in MODE_HOP_CAL,TTR,NEW,20251119-064203,2025-11-19T06:42:03,
jira_issues|summit|summit-2319,jira_issues,SUMMIT,SUMMIT-2319,Closed,Unassigned,2025-08-27T10:19:22+08:00,TTR : VBAR_ATI_IVBAR Further reduction,TTR,NEW,20251116-140537,2025-11-16T14:05:37,
jira_issues|marlin bp|mbp-1790,jira_issues,MARLIN BP,MBP-1790,Open,,2025-08-28T02:59:46+08:00,Servo release Bx36,TTR,NEW,20251119-064203,2025-11-19T06:42:03,
jira_issues|marlin bp|mbp-1792,jira_issues,MARLIN BP,MBP-1792,Open,,2025-08-29T00:21:55+08:00,MarlinBP TTR remove state,TTR,NEW,20251119-064203,2025-11-19T06:42:03,
jira_issues|marlin bp|mbp-1793,jira_issues,MARLIN BP,MBP-1793,Resolved,,2025-08-29T00:24:33+08:00,MarlinBP TTR T135 Reduce Zone,TTR,NEW,20251119-064203,2025-11-19T06:42:03,
jira_issues|marlin|marlinct-2157,jira_issues,MARLIN,MARLINCT-2157,Open,,2025-08-29T09:35:25+08:00,T220 : Stop ATI write when current wp set ATI BER less than baseline,TTR,NEW,20251119-064203,2025-11-19T06:42:03,
jira_issues|dorado|dorado-1116,jira_issues,DORADO,DORADO-1116,Resolved,,2025-08-29T17:38:14+08:00,TTR - PC File Compression,TTR,NEW,20251119-064203,2025-11-19T06:42:03,
jira_issues|summit|summit-2321,jira_issues,SUMMIT,SUMMIT-2321,Closed,Unassigned,2025-08-29T21:59:56+08:00,TTR: T411 iVBAR for Summit,TTR,NEW,20251116-140537,2025-11-16T14:05:37,
jira_issues|marlin|marlinct-2159,jira_issues,MARLIN,MARLINCT-2159,Resolved,,2025-08-30T03:11:06+08:00,Sample PSV_SCOPY_QUALITY state in PRE2,TTR,NEW,20251119-064203,2025-11-19T06:42:03,
jira_issues|marlin|marlinct-2160,jira_issues,MARLIN,MARLINCT-2160,Resolved,,2025-08-30T03:16:03+08:00,t109 LUL Scan 50% reduction,TTR,NEW,20251119-064203,2025-11-19T06:42:03,
jira_issues|summit|summit-2322,jira_issues,SUMMIT,SUMMIT-2322,Closed,Unassigned,2025-09-01T11:44:20+08:00,TTR: T150 PWT by Exception ,TTR,NEW,20251116-140537,2025-11-16T14:05:37,
jira_issues|summit|summit-2324,jira_issues,SUMMIT,SUMMIT-2324,Closed,Unassigned,2025-09-02T13:16:45+08:00,"TTR: Release Block Point ""E"" Servo Code CEC3 for Summit SMR 30TB VC",TTR,NEW,20251116-140537,2025-11-16T14:05:37,
jira_issues|dorado|dorado-1122,jira_issues,DORADO,DORADO-1122,Resolved,,2025-09-03T00:20:19+08:00,SMR: PWT: remove state T298_ENCROACHMENT,TTR,NEW,20251119-064203,2025-11-19T06:42:03,
jira_issues|marlin bp|mbp-1803,jira_issues,MARLIN BP,MBP-1803,Resolved,,2025-09-03T23:59:31+08:00,Release PCO 4_2_12,TTR,NEW,20251119-064203,2025-11-19T06:42:03,
jira_issues|marlin|marlinct-2165,jira_issues,MARLIN,MARLINCT-2165,Resolved,,2025-09-04T01:30:59+08:00,Release PCO 7.2.09F2,TTR,NEW,20251119-064203,2025-11-19T06:42:03,
jira_issues|dorado|dorado-1132,jira_issues,DORADO,DORADO-1132,Open,,2025-09-04T02:45:54+08:00,Add PCBA_SCRN while soaking test,TTR,NEW,20251119-064203,2025-11-19T06:42:03,
jira_issues|summit|summit-2326,jira_issues,SUMMIT,SUMMIT-2326,Closed,Unassigned,2025-09-04T10:15:56+08:00,TTR: items from PCO 3.7.3x to PCO 3.8.1 branch,TTR,NEW,20251116-140537,2025-11-16T14:05:37,
jira_issues|summit|summit-2327,jira_issues,SUMMIT,SUMMIT-2327,Closed,Unassigned,2025-09-04T11:14:30+08:00,TTR: New Servo Code xx66,TTR,NEW,20251116-140537,2025-11-16T14:05:37,
jira_issues|summit|summit-2328,jira_issues,SUMMIT,SUMMIT-2328,Closed,Unassigned,2025-09-04T18:12:21+08:00,PCO Item - PCO3.7.3GB,TTR,NEW,20251116-140537,2025-11-16T14:05:37,
jira_issues|summit|summit-2329,jira_issues,SUMMIT,SUMMIT-2329,Closed,Unassigned,2025-09-04T18:27:10+08:00,PCO Item - PCO3.7.3GC,TTR,NEW,20251116-140537,2025-11-16T14:05:37,
jira_issues|summit|summit-2330,jira_issues,SUMMIT,SUMMIT-2330,Closed,Unassigned,2025-09-04T18:32:13+08:00,PCO Item - PCO3.7.3GD,TTR,NEW,20251116-140537,2025-11-16T14:05:37,
jira_issues|dorado|dorado-1136,jira_issues,DORADO,DORADO-1136,Open,,2025-09-04T19:54:33+08:00,"NDS laser burn in time test Time Reduction, utilizing bank write feature",TTR,NEW,20251119-064203,2025-11-19T06:42:03,
jira_issues|summit|summit-2331,jira_issues,SUMMIT,SUMMIT-2331,Closed,Unassigned,2025-09-05T08:33:10+08:00,TTR: T461 Test Zone Aligment,TTR,NEW,20251116-140537,2025-11-16T14:05:37,
jira_issues|marlin|marlinct-2168,jira_issues,MARLIN,MARLINCT-2168,Resolved,,2025-09-06T05:35:14+08:00,HAMR: Temperature Ramp Test - ASTB/VBAR Removal ,TTR,NEW,20251119-064203,2025-11-19T06:42:03,
jira_issues|marlin bp|mbp-1815,jira_issues,MARLIN BP,MBP-1815,SME Verification,,2025-09-08T22:13:20+08:00,MBP: FPW & SPFS Power Cycle Removal around LFA,TTR,NEW,20251119-064203,2025-11-19T06:42:03,
jira_issues|dorado|dorado-1150,jira_issues,DORADO,DORADO-1150,In Progress,,2025-09-09T00:06:46+08:00,Laser Screening During Soak to Replace NDS for Dorado,TTR,NEW,20251119-064203,2025-11-19T06:42:03,
jira_issues|summit|summit-2333,jira_issues,SUMMIT,SUMMIT-2333,SME Verification,Unassigned,2025-09-09T19:17:29+08:00,PCO Item - PCO3.7.3A_EFL2B4,TTR,NEW,20251116-140537,2025-11-16T14:05:37,
jira_issues|summit|summit-2334,jira_issues,SUMMIT,SUMMIT-2334,Closed,Unassigned,2025-09-09T22:34:12+08:00,PCO Item - PCO3.7.3A_EFL2C2,TTR,NEW,20251116-140537,2025-11-16T14:05:37,
jira_issues|marlin|marlinct-2171,jira_issues,MARLIN,MARLINCT-2171,Resolved,,2025-09-10T23:10:37+08:00,Increase serial format feedback spacing,TTR,NEW,20251119-064203,2025-11-19T06:42:03,
jira_issues|dorado|dorado-1156,jira_issues,DORADO,DORADO-1156,Resolved,,2025-09-11T03:27:13+08:00,Smooth Linear Bode with fast Convergence Check,TTR,NEW,20251119-064203,2025-11-19T06:42:03,
jira_issues|dorado|dorado-1157,jira_issues,DORADO,DORADO-1157,Resolved,,2025-09-11T03:44:37+08:00,Reducing the SkDly in t135 from 20ms to 0ms on AFH and AFH1_LOCD state,TTR,NEW,20251119-064203,2025-11-19T06:42:03,
jira_issues|marlin|marlinct-2172,jira_issues,MARLIN,MARLINCT-2172,Resolved,,2025-09-11T03:49:12+08:00,TTR: ZAP Seek Path Optimization ( PROZ/OCZ ) ,TTR,NEW,20251119-064203,2025-11-19T06:42:03,
jira_issues|dorado|dorado-1158,jira_issues,DORADO,DORADO-1158,Resolved,,2025-09-11T03:51:08+08:00,TTR: ZAP Seek Path Optimization ( PROZ/OCZ ),TTR,NEW,20251119-064203,2025-11-19T06:42:03,
jira_issues|dorado|dorado-1159,jira_issues,DORADO,DORADO-1159,Resolved,,2025-09-11T03:58:13+08:00,T282 Idle time reduction,TTR,NEW,20251119-064203,2025-11-19T06:42:03,
jira_issues|summit|summit-2337,jira_issues,SUMMIT,SUMMIT-2337,SME Verification,Unassigned,2025-09-12T04:42:02+08:00,TTR: YIP7 for Summit RSEED,TTR,NEW,20251116-140537,2025-11-16T14:05:37,
jira_issues|dorado|dorado-1171,jira_issues,DORADO,DORADO-1171,Open,,2025-09-16T23:26:29+08:00,LZR: Set Write power values to zone dependent population average at the beginning of VBAR_LASER,TTR,NEW,20251119-064203,2025-11-19T06:42:03,
jira_issues|dorado|dorado-1172,jira_issues,DORADO,DORADO-1172,Resolved,,2025-09-16T23:30:10+08:00,Pulling in 'Update T443 DPCO Clearance from 12A to 6A' from MBP-1666,TTR,NEW,20251119-064203,2025-11-19T06:42:03,
jira_issues|marlin|marlinct-2181,jira_issues,MARLIN,MARLINCT-2181,Resolved,,2025-09-17T02:19:02+08:00,TTR : T461 reduce NumRd/NumWr from 2 to 1,TTR,NEW,20251119-064203,2025-11-19T06:42:03,
jira_issues|dorado|dorado-1175,jira_issues,DORADO,DORADO-1175,Resolved,,2025-09-17T02:22:11+08:00,TTR : T461 reduce NumRd/NumWr from 2 to 1,TTR,NEW,20251119-064203,2025-11-19T06:42:03,
jira_issues|dorado|dorado-1177,jira_issues,DORADO,DORADO-1177,Resolved,,2025-09-17T02:52:19+08:00,TTR: ZAP Seek Path Optimization ( PROZ/OCZ ) - Dorado Eval,TTR,NEW,20251119-064203,2025-11-19T06:42:03,
jira_issues|dorado|dorado-1179,jira_issues,DORADO,DORADO-1179,Resolved,,2025-09-17T23:14:50+08:00,TTR Radical Malloc Dorado Eval,TTR,NEW,20251119-064203,2025-11-19T06:42:03,
jira_issues|marlin|marlinct-2182,jira_issues,MARLIN,MARLINCT-2182,Resolved,,2025-09-18T03:29:41+08:00,Add DPCO for data collection in CRT2,TTR,NEW,20251119-064203,2025-11-19T06:42:03,
jira_issues|dorado|dorado-1182,jira_issues,DORADO,DORADO-1182,SME Verification,,2025-09-18T04:26:26+08:00,Adding screen specs for HSMR/HCMR/SMR TPI in CAL2,TTR,NEW,20251119-064203,2025-11-19T06:42:03,
jira_issues|marlin|marlinct-2183,jira_issues,MARLIN,MARLINCT-2183,Resolved,,2025-09-18T22:08:52+08:00,Release PCO 7.2.09H,TTR,NEW,20251119-064203,2025-11-19T06:42:03,
jira_issues|marlin|marlinct-2184,jira_issues,MARLIN,MARLINCT-2184,Resolved,,2025-09-18T22:11:32+08:00,Release PCO 7.2.10B,TTR,NEW,20251119-064203,2025-11-19T06:42:03,
jira_issues|dorado|dorado-1195,jira_issues,DORADO,DORADO-1195,In Progress,,2025-09-20T20:57:00+08:00,Dorado2: Move IBW calibration from CAL2 to (top-of-tempramp),TTR,NEW,20251119-064203,2025-11-19T06:42:03,
jira_issues|summit|summit-2345,jira_issues,SUMMIT,SUMMIT-2345,Reopened,Unassigned,2025-09-22T09:16:53+08:00,"TTR: PWT optimization: DNLD_CODE, enableDiags, Powercycle",TTR,NEW,20251116-140537,2025-11-16T14:05:37,
jira_issues|dorado|dorado-1198,jira_issues,DORADO,DORADO-1198,Resolved,,2025-09-23T10:06:21+08:00,Remove PWT SF3 portion for Weld Before Cert,TTR,NEW,20251119-064203,2025-11-19T06:42:03,
jira_issues|dorado|dorado-1203,jira_issues,DORADO,DORADO-1203,Open,,2025-09-24T00:00:21+08:00,Adding Hd screen specs for T461 SMR BER in PWT_BER_SMR_C/PWT_BER_SMR for HSMR/SMR drives,TTR,NEW,20251119-064203,2025-11-19T06:42:03,
jira_issues|marlin bp|mbp-1843,jira_issues,MARLIN BP,MBP-1843,Resolved,,2025-09-24T03:37:27+08:00,Enable PROZ,TTR,NEW,20251119-064203,2025-11-19T06:42:03,
jira_issues|summit|summit-2347,jira_issues,SUMMIT,SUMMIT-2347,SME Verification,Unassigned,2025-09-26T18:03:34+08:00,PCO Item - PCO3.7.4B,TTR,NEW,20251116-140537,2025-11-16T14:05:37,
jira_issues|dorado|dorado-1216,jira_issues,DORADO,DORADO-1216,Resolved,,2025-09-27T04:01:14+08:00,WPOPTI: Removal of Offset Search & Channel Training Reads (TTR),TTR,NEW,20251119-064203,2025-11-19T06:42:03,
jira_issues|marlin bp|mbp-1852,jira_issues,MARLIN BP,MBP-1852,Resolved,,2025-09-27T04:02:21+08:00,WPOPTI: Removal of Offset Search & Channel Training Reads (TTR),TTR,NEW,20251119-064203,2025-11-19T06:42:03,
jira_issues|dorado|dorado-1222,jira_issues,DORADO,DORADO-1222,Resolved,,2025-09-30T09:34:06+08:00,PC file compression,TTR,NEW,20251119-064203,2025-11-19T06:42:03,
jira_issues|dorado|dorado-1223,jira_issues,DORADO,DORADO-1223,Resolved,,2025-09-30T10:40:56+08:00,Remove FNC2 state T299_DS_ATI for TTR,TTR,NEW,20251119-064203,2025-11-19T06:42:03,
jira_issues|dorado|dorado-1224,jira_issues,DORADO,DORADO-1224,Resolved,,2025-09-30T10:52:33+08:00,Remove CRT2 state T299_ATI for TTR,TTR,NEW,20251119-064203,2025-11-19T06:42:03,
jira_issues|marlin bp|mbp-1855,jira_issues,MARLIN BP,MBP-1855,Resolved,,2025-09-30T13:57:44+08:00,"Modify T461 tracking measurements in AFH states: ISO_BER only, every 8th zone",TTR,NEW,20251119-064203,2025-11-19T06:42:03,
jira_issues|marlin bp|mbp-1856,jira_issues,MARLIN BP,MBP-1856,Resolved,,2025-09-30T14:17:23+08:00,T451 Derived Opti: Update Anchor zone behavior and set anchor zone mask,TTR,NEW,20251119-064203,2025-11-19T06:42:03,
jira_issues|marlin|marlinct-2192,jira_issues,MARLIN,MARLINCT-2192,Resolved,Allen Tseng,2025-10-01T04:00:30+08:00,PC file compression,TTR,NEW,20251116-140537,2025-11-16T14:05:37,
jira_issues|dorado|dorado-1228,jira_issues,DORADO,DORADO-1228,Resolved,,2025-10-01T05:11:34+08:00,Evaluate modification of Active Servo Flaw Table (ASFT) build algorithm.,TTR,NEW,20251119-064203,2025-11-19T06:42:03,
jira_issues|dorado|dorado-1231,jira_issues,DORADO,DORADO-1231,SME Verification,,2025-10-01T17:22:19+08:00,Enable DHCM for Dorado [monitor detcr while loading heads to detect contact],TTR,NEW,20251119-064203,2025-11-19T06:42:03,
jira_issues|marlin|marlinct-2193,jira_issues,MARLIN,MARLINCT-2193,In Progress,Allen Tseng,2025-10-02T02:21:07+08:00,Trianglewave injection IOP calibration in LASER_INIT ,TTR,NEW,20251116-140537,2025-11-16T14:05:37,
jira_issues|marlin bp|mbp-1866,jira_issues,MARLIN BP,MBP-1866,Resolved,,2025-10-03T02:12:46+08:00,Remove T299_DS_ATI in FNC2 ,TTR,NEW,20251119-064203,2025-11-19T06:42:03,
jira_issues|dorado|dorado-1236,jira_issues,DORADO,DORADO-1236,Open,,2025-10-03T23:14:00+08:00,"CAL2: IBW: T461 set Rd=1, Wrt=1",TTR,NEW,20251119-064203,2025-11-19T06:42:03,
jira_issues|dorado|dorado-1242,jira_issues,DORADO,DORADO-1242,Open,,2025-10-07T15:04:02+08:00,T299_DS_ATI set Cwrd3 bit[2] FastWriteMode,TTR,NEW,20251119-064203,2025-11-19T06:42:03,
jira_issues|dorado|dorado-1243,jira_issues,DORADO,DORADO-1243,Open,,2025-10-07T18:12:11+08:00,TTR T461,TTR,NEW,20251119-064203,2025-11-19T06:42:03,
jira_issues|dorado|dorado-1244,jira_issues,DORADO,DORADO-1244,Open,,2025-10-07T21:16:53+08:00,SMR: HME_COMPONENT_TEST: remove redundant T293 measurements,TTR,NEW,20251119-064203,2025-11-19T06:42:03,
jira_issues|dorado|dorado-1245,jira_issues,DORADO,DORADO-1245,Open,,2025-10-07T21:21:23+08:00,"SMR, HSMR: Remove BPIc Sweep from CAL2 for TTR",TTR,NEW,20251119-064203,2025-11-19T06:42:03,
jira_issues|dorado|dorado-1246,jira_issues,DORADO,DORADO-1246,Open,,2025-10-07T22:02:05+08:00,Adding new Hd screen specs of high Iop/delta in PWT,TTR,NEW,20251119-064203,2025-11-19T06:42:03,
jira_issues|dorado|dorado-1247,jira_issues,DORADO,DORADO-1247,Resolved,,2025-10-07T22:42:29+08:00,Reduce drive power off from 20s to 5s,TTR,NEW,20251119-064203,2025-11-19T06:42:03,
jira_issues|dorado|dorado-1248,jira_issues,DORADO,DORADO-1248,Resolved,,2025-10-07T22:47:39+08:00,Pause time reduce from 20s to 3s,TTR,NEW,20251119-064203,2025-11-19T06:42:03,
jira_issues|dorado|dorado-1249,jira_issues,DORADO,DORADO-1249,Resolved,,2025-10-07T22:50:11+08:00,Baud rate optimization,TTR,NEW,20251119-064203,2025-11-19T06:42:03,
jira_issues|dorado|dorado-1251,jira_issues,DORADO,DORADO-1251,Resolved,,2025-10-08T00:09:29+08:00,Pulling in 'Additional T150 criteria to relax OCLIM for Low NS50 - Reli High PES improvement' from MBP-1532,TTR,NEW,20251119-064203,2025-11-19T06:42:03,
jira_issues|marlin|marlinct-2198,jira_issues,MARLIN,MARLINCT-2198,Resolved,Unassigned,2025-10-08T09:27:31+08:00,Release PCO 7.2.10D,TTR,NEW,20251116-140537,2025-11-16T14:05:37,
jira_issues|dorado|dorado-1252,jira_issues,DORADO,DORADO-1252,Open,,2025-10-08T10:53:56+08:00,Optimize flash saving in IOP_BY_WEDGE state.,TTR,NEW,20251119-064203,2025-11-19T06:42:03,
jira_issues|dorado|dorado-1258,jira_issues,DORADO,DORADO-1258,Open,,2025-10-08T18:12:34+08:00,"SMR: HME_COMPONENT_TEST: T461, SPCID=30032, Reduce zone mask to z0 only",TTR,NEW,20251119-064203,2025-11-19T06:42:03,
jira_issues|dorado|dorado-1262,jira_issues,DORADO,DORADO-1262,Resolved,,2025-10-09T10:09:14+08:00,Remove T451 at the beginning of LFA_DBER_CAL2_SMR,TTR,NEW,20251119-064203,2025-11-19T06:42:03,
jira_issues|dorado|dorado-1263,jira_issues,DORADO,DORADO-1263,Resolved,,2025-10-09T10:13:40+08:00,CAL2: Remove the state OPTI_CHECK_461,TTR,NEW,20251119-064203,2025-11-19T06:42:03,
jira_issues|marlin|marlinct-2200,jira_issues,MARLIN,MARLINCT-2200,Open,Unassigned,2025-10-10T01:00:45+08:00,Opti settling bypass BIE,TTR,NEW,20251116-140537,2025-11-16T14:05:37,
jira_issues|marlin|marlinct-2201,jira_issues,MARLIN,MARLINCT-2201,Open,Unassigned,2025-10-10T01:04:06+08:00,Increase Opti LC_Delay step size from 2 to 4,TTR,NEW,20251116-140537,2025-11-16T14:05:37,
jira_issues|marlin|marlinct-2202,jira_issues,MARLIN,MARLINCT-2202,Open,Unassigned,2025-10-10T01:08:23+08:00,apply Increase Opti LC_Delay step size from 2 to 4 to all opti calls,TTR,NEW,20251116-140537,2025-11-16T14:05:37,
jira_issues|dorado|dorado-1268,jira_issues,DORADO,DORADO-1268,Open,,2025-10-10T10:30:11+08:00,"HSMR, SMR:  CAL2 BER_STRESS_SMR: T461 adjust zone mask to every 8th zone",TTR,NEW,20251119-064203,2025-11-19T06:42:03,
jira_issues|dorado|dorado-1269,jira_issues,DORADO,DORADO-1269,Open,,2025-10-10T10:40:52+08:00,HSMR: CAL2_BER T461 SPCID=27000 modify inputs for 9% data track pitch squeeze,TTR,NEW,20251119-064203,2025-11-19T06:42:03,
jira_issues|dorado|dorado-1273,jira_issues,DORADO,DORADO-1273,Open,,2025-10-10T17:40:08+08:00,Summary of TTR Ideas related to T299 and DOS calibration ,TTR,NEW,20251119-064203,2025-11-19T06:42:03,
jira_issues|marlin bp|mbp-1884,jira_issues,MARLIN BP,MBP-1884,Open,,2025-10-13T22:28:41+08:00,Remove FPW - TTR,TTR,NEW,20251119-064203,2025-11-19T06:42:03,
jira_issues|dorado|dorado-1280,jira_issues,DORADO,DORADO-1280,Open,,2025-10-14T03:48:08+08:00,FPW removal in Dorado1 ,TTR,NEW,20251119-064203,2025-11-19T06:42:03,
jira_issues|marlin bp|mbp-1887,jira_issues,MARLIN BP,MBP-1887,Open,,2025-10-14T08:35:06+08:00,TTR: FPW Removal Validation,TTR,NEW,20251119-064203,2025-11-19T06:42:03,
jira_issues|dorado|dorado-1283,jira_issues,DORADO,DORADO-1283,Open,,2025-10-14T11:03:48+08:00,Remove SQUEEZE_OFFSET_2@PWT,TTR,NEW,20251119-064203,2025-11-19T06:42:03,
jira_issues|dorado|dorado-1284,jira_issues,DORADO,DORADO-1284,SME Verification,,2025-10-14T12:20:19+08:00,Dorado Write/Read Transfer Rate Reduction.,TTR,NEW,20251119-064203,2025-11-19T06:42:03,
jira_issues|summit|summit-2355,jira_issues,SUMMIT,SUMMIT-2355,Open,Unassigned,2025-10-15T21:31:34+08:00,TTR: TOPAZ w/ PROZ Integration,TTR,NEW,20251116-140537,2025-11-16T14:05:37,
jira_issues|dorado|dorado-1289,jira_issues,DORADO,DORADO-1289,Open,,2025-10-15T23:50:30+08:00,OEE:  PWT absorbed into SPSC2 ,TTR,NEW,20251119-064203,2025-11-19T06:42:03,
jira_issues|dorado|dorado-1292,jira_issues,DORADO,DORADO-1292,Open,,2025-10-16T03:42:54+08:00,T055: ZAP Handling,TTR,NEW,20251119-064203,2025-11-19T06:42:03,
jira_issues|marlin|marlinct-2209,jira_issues,MARLIN,MARLINCT-2209,Open,Unassigned,2025-10-16T03:58:56+08:00,T55 - ZAP track reduction,TTR,NEW,20251116-140537,2025-11-16T14:05:37,
jira_issues|marlin|marlinct-2210,jira_issues,MARLIN,MARLINCT-2210,Resolved,Unassigned,2025-10-16T04:07:36+08:00,Removal of offset search and channel training reads,TTR,NEW,20251116-140537,2025-11-16T14:05:37,
jira_issues|dorado|dorado-1294,jira_issues,DORADO,DORADO-1294,Open,,2025-10-16T17:43:30+08:00,SCOPY Improvement for DORADO,TTR,NEW,20251119-064203,2025-11-19T06:42:03,
jira_issues|dorado|dorado-1298,jira_issues,DORADO,DORADO-1298,SME Verification,,2025-10-18T00:09:08+08:00,Sec0  Defect improvement (Warmup writes),TTR,NEW,20251119-064203,2025-11-19T06:42:03,
jira_issues|marlin bp|mbp-1907,jira_issues,MARLIN BP,MBP-1907,Resolved,Billy Aas,2025-10-18T02:13:04+08:00,Marlin BP TA dwell,TTR,NEW,20251116-140537,2025-11-16T14:05:37,
jira_issues|marlin bp|mbp-1908,jira_issues,MARLIN BP,MBP-1908,Resolved,Billy Aas,2025-10-18T02:17:00+08:00,TA dwell - MBP drive,TTR,NEW,20251116-140537,2025-11-16T14:05:37,
jira_issues|marlin bp|mbp-1909,jira_issues,MARLIN BP,MBP-1909,Open,,2025-10-20T14:54:57+08:00,CLONE - T055: ZAP Handling,TTR,NEW,20251119-064203,2025-11-19T06:42:03,
jira_issues|dorado|dorado-1300,jira_issues,DORADO,DORADO-1300,Open,,2025-10-21T00:59:57+08:00,Adding screen specs for TCC failures in CAL,TTR,NEW,20251119-064203,2025-11-19T06:42:03,
jira_issues|marlin|marlinct-2217,jira_issues,MARLIN,MARLINCT-2217,Resolved,Unassigned,2025-10-21T05:48:41+08:00,Active Servo Flaw Table (ASFT) build algorithm change,TTR,NEW,20251116-140537,2025-11-16T14:05:37,
jira_issues|dorado|dorado-1303,jira_issues,DORADO,DORADO-1303,In Progress,,2025-10-21T22:21:48+08:00,WPOPTI:  Overhead Time Reduction - TTR,TTR,NEW,20251119-064203,2025-11-19T06:42:03,
jira_issues|marlin bp|mbp-1916,jira_issues,MARLIN BP,MBP-1916,In Progress,Unassigned,2025-10-21T22:30:49+08:00,"WPOPTI: Pickup of SF3 TTR, and PF3 TTR",TTR,NEW,20251116-140537,2025-11-16T14:05:37,
jira_issues|marlin bp|mbp-1917,jira_issues,MARLIN BP,MBP-1917,Resolved,Unassigned,2025-10-21T23:31:44+08:00,CLONE - Evaluate modification of Active Servo Flaw Table (ASFT) build algorithm.,TTR,NEW,20251116-140537,2025-11-16T14:05:37,
jira_issues|summit|summit-2359,jira_issues,SUMMIT,SUMMIT-2359,Closed,Unassigned,2025-10-23T09:34:05+08:00,Evaluate modification of Active Servo Flaw Table (ASFT) build algorithm,TTR,NEW,20251116-140537,2025-11-16T14:05:37,
jira_issues|dorado|dorado-1313,jira_issues,DORADO,DORADO-1313,Open,Mihir Sathe,2025-10-24T00:29:57+08:00,"TTR: T451, T438: Reduce the Opti Reg in the T451 call before T438 in CAL2 FINE_UJOG_INIT",TTR,NEW,20251116-140537,2025-11-16T14:05:37,
jira_issues|marlin|marlinct-2221,jira_issues,MARLIN,MARLINCT-2221,Resolved,Unassigned,2025-10-24T02:08:44+08:00,Release PCO 7.3.03,TTR,NEW,20251116-140537,2025-11-16T14:05:37,
jira_issues|dorado|dorado-1314,jira_issues,DORADO,DORADO-1314,Open,Mihir Sathe,2025-10-24T02:27:01+08:00,LZR: VBAR_WpOpti: T220: Save the final pick NLTS and PP result to RAP and smooth the results across the stroke ,TTR,NEW,20251116-140537,2025-11-16T14:05:37,
jira_issues|marlin bp|mbp-1924,jira_issues,MARLIN BP,MBP-1924,In Progress,Unassigned,2025-10-25T00:16:51+08:00,SF3 ReloadRAP Eval,TTR,NEW,20251116-140537,2025-11-16T14:05:37,
jira_issues|marlin|marlinct-2225,jira_issues,MARLIN,MARLINCT-2225,Open,Unassigned,2025-10-25T00:20:28+08:00,OEE: Re-arrange Hot and Cold Operation ,TTR,NEW,20251116-140537,2025-11-16T14:05:37,
jira_issues|marlin|marlinct-2226,jira_issues,MARLIN,MARLINCT-2226,In Progress,Unassigned,2025-10-25T00:46:10+08:00,SF3 reloadRAP eval,TTR,NEW,20251116-140537,2025-11-16T14:05:37,
jira_issues|dorado|dorado-1320,jira_issues,DORADO,DORADO-1320,Resolved,Unassigned,2025-10-25T02:32:15+08:00,Optimize get ta rec for TA access and audit lookup,TTR,NEW,20251116-140537,2025-11-16T14:05:37,
jira_issues|marlin bp|mbp-1926,jira_issues,MARLIN BP,MBP-1926,Resolved,Unassigned,2025-10-25T02:42:01+08:00,CLONE - Optimize get ta rec for TA access and audit lookup,TTR,NEW,20251116-140537,2025-11-16T14:05:37,
jira_issues|dorado|dorado-1322,jira_issues,DORADO,DORADO-1322,Resolved,Unassigned,2025-10-26T10:37:04+08:00,T282 Bode uAct Timeout Fix,TTR,NEW,20251116-140537,2025-11-16T14:05:37,
jira_issues|marlin|marlinct-2227,jira_issues,MARLIN,MARLINCT-2227,Resolved,Unassigned,2025-10-27T10:06:04+08:00,"CLONE - WPOPTI: Pickup of SF3 TTR, and PF3 TTR",TTR,NEW,20251116-140537,2025-11-16T14:05:37,
jira_issues|dorado|dorado-1327,jira_issues,DORADO,DORADO-1327,Open,Unassigned,2025-10-27T23:26:56+08:00,Managing TPM/MemDump files for ToolsGUI,TTR,NEW,20251116-140537,2025-11-16T14:05:37,
jira_issues|marlin bp|mbp-1931,jira_issues,MARLIN BP,MBP-1931,SME Verification,Unassigned,2025-10-29T00:31:06+08:00,MarlinBP 10k RPM eval at SPIN OPER (Soak Time reduction eval),TTR,NEW,20251116-140537,2025-11-16T14:05:37,
jira_issues|dorado|dorado-1332,jira_issues,DORADO,DORADO-1332,Resolved,Unassigned,2025-10-29T02:13:10+08:00,Add Hd screen specs of T297 checkerboard Tests,TTR,NEW,20251116-140537,2025-11-16T14:05:37,
jira_issues|dorado|dorado-1335,jira_issues,DORADO,DORADO-1335,SME Verification,Unassigned,2025-10-29T21:28:16+08:00,10krpm eval at SPIN oper on Dorado,TTR,NEW,20251116-140537,2025-11-16T14:05:37,
jira_issues|marlin|marlinct-2232,jira_issues,MARLIN,MARLINCT-2232,SME Verification,Unassigned,2025-11-01T04:28:25+08:00,Marlin SCopy TTR,TTR,NEW,20251116-140537,2025-11-16T14:05:37,
jira_issues|summit|summit-2361,jira_issues,SUMMIT,SUMMIT-2361,Closed,Unassigned,2025-11-04T13:18:06+08:00,TTR: Removal of main_w_mux opti state in CAL2  ,TTR,NEW,20251116-140537,2025-11-16T14:05:37,
jira_issues|marlin|marlinct-2235,jira_issues,MARLIN,MARLINCT-2235,SME Verification,Unassigned,2025-11-05T03:03:36+08:00,Remove power cycles around SPFS and LFA cal,TTR,NEW,20251116-140537,2025-11-16T14:05:37,
jira_issues|dorado|dorado-1345,jira_issues,DORADO,DORADO-1345,Open,Unassigned,2025-11-05T05:43:37+08:00,Dorado Sea-POT (SeaPot),TTR,NEW,20251116-140537,2025-11-16T14:05:37,
jira_issues|dorado|dorado-1349,jira_issues,DORADO,DORADO-1349,In Progress,Unassigned,2025-11-06T04:42:19+08:00,TTR - T282 supports on single rate sensitivity scoring and combined BODE,TTR,NEW,20251116-140537,2025-11-16T14:05:37,
jira_issues|summit|summit-2364,jira_issues,SUMMIT,SUMMIT-2364,In Progress,Unassigned,2025-11-08T05:47:24+08:00,YIP8 for Summit RSEED,TTR,NEW,20251116-140537,2025-11-16T14:05:37,
jira_issues|marlin|marlinct-2239,jira_issues,MARLIN,MARLINCT-2239,In Progress,Unassigned,2025-11-12T02:07:20+08:00,Live TCC eval for t55 TTR,TTR,NEW,20251116-140537,2025-11-16T14:05:37,
jira_issues|dorado|dorado-1361,jira_issues,DORADO,DORADO-1361,Resolved,Unassigned,2025-11-12T05:44:41+08:00,Pull in TSR-6419 for Dorado 2 Heads,TTR,NEW,20251116-140537,2025-11-16T14:05:37,
jira_issues|marlin bp|mbp-1954,jira_issues,MARLIN BP,MBP-1954,Open,Unassigned,2025-11-12T09:27:32+08:00,CLONE - MarlinBP Write/Read Transfer Rate Reduction.,TTR,NEW,20251116-140537,2025-11-16T14:05:37,
jira_issues|marlin bp|mbp-1955,jira_issues,MARLIN BP,MBP-1955,Open,Unassigned,2025-11-12T09:46:32+08:00,TOPAZ for PROZ,TTR,NEW,20251116-140537,2025-11-16T14:05:37,
jira_issues|marlin bp|mbp-1957,jira_issues,MARLIN BP,MBP-1957,Resolved,Unassigned,2025-11-13T03:31:53+08:00,CLONE - TOPAZ for PROZ,TTR,NEW,20251116-140537,2025-11-16T14:05:37,
jira_issues|marlin bp|mbp-1958,jira_issues,MARLIN BP,MBP-1958,Open,Unassigned,2025-11-13T05:12:58+08:00,Create new config based 5.0.5L7 +PROZ SFW,TTR,NEW,20251116-140537,2025-11-16T14:05:37,
jira_issues|marlin|marlinct-2243,jira_issues,MARLIN,MARLINCT-2243,Open,Unassigned,2025-11-13T15:55:33+08:00,Align FINE_JOG_CAL to remove T451 following PCO7.2x to PCO7.3x,TTR,NEW,20251116-140537,2025-11-16T14:05:37,
jira_issues|dorado|dorado-1368,jira_issues,DORADO,DORADO-1368,Open,Unassigned,2025-11-14T00:32:24+08:00,Dorado 2 C9 Wafer CFR Assessment Plus Soak Reduction ,TTR,NEW,20251116-140537,2025-11-16T14:05:37,
jira_issues|dorado|dorado-1369,jira_issues,DORADO,DORADO-1369,Open,Unassigned,2025-11-14T03:10:26+08:00,Release PCO 4.4.2,TTR,NEW,20251116-140537,2025-11-16T14:05:37,
jira_issues|marlin|marlinct-2246,jira_issues,MARLIN,MARLINCT-2246,Resolved,Unassigned,2025-11-14T12:46:03+08:00,CLONE - MBP: FPW & SPFS Power Cycle Removal around LFA,TTR,NEW,20251116-140537,2025-11-16T14:05:37,
jira_issues|dorado|dorado-1379,jira_issues,DORADO,DORADO-1379,Open,,2025-11-18T12:20:21+08:00,Reduced O2 content during ZAP,TTR,NEW,20251119-064203,2025-11-19T06:42:03,
jira_issues|marlin bp|mbp-1973,jira_issues,MARLIN BP,MBP-1973,In Progress,,2025-11-19T00:17:27+08:00,ASTF Search Optimization - LocateTestTracks,TTR,NEW,20251119-064203,2025-11-19T06:42:03,
disc|longspeak sata|cr0011865,DISC,LONGSPEAK SATA,CR0011865,Rejected at Development,Sitthichai Pomthong,2024-01-04T11:07:43,LP :WP Prediction Korat version,TTR,NEW,20251116-140537,2025-11-16T14:05:37,
disc|longspeak sata|cr0011866,DISC,LONGSPEAK SATA,CR0011866,Rejected at Development,Irin Siribannasit,2024-01-04T18:18:43,LongsPeak : Remove Temperature ramping for scopy rerun.,TTR,NEW,20251116-140537,2025-11-16T14:05:37,
disc|evans bp sata|cr0011867,DISC,EVANS BP SATA,CR0011867,Completed,Pakyada Maneewan,2024-01-05T08:24:40,CSO TTR V3,TTR,NEW,20251116-140537,2025-11-16T14:05:37,
disc|evans bp sata|cr0011869,DISC,EVANS BP SATA,CR0011869,Completed,Pakyada Maneewan,2024-01-05T10:27:25,CSO TTR V3.5,TTR,NEW,20251116-140537,2025-11-16T14:05:37,
disc|marlin|cr0011886,DISC,MARLIN,CR0011886,Completed,Kriangkrai Kuskul,2024-01-10T14:34:57,Marlin : T163 TTR,TTR,NEW,20251116-140537,2025-11-16T14:05:37,
disc|longspeak bp sata|cr0011887,DISC,LONGSPEAK BP SATA,CR0011887,Completed,Naruporn Srikullabut,2024-01-10T15:24:00,CSO TTR V3.5,TTR,NEW,20251116-140537,2025-11-16T14:05:37,
disc|longspeak bp sata|cr0011911,DISC,LONGSPEAK BP SATA,CR0011911,Completed,Ampol Meetee,2024-01-15T16:55:19,LPBP:Force set initial BPI/TPI format for VBAR_INIT prediction,TTR,NEW,20251116-140537,2025-11-16T14:05:37,
disc|summit|cr0011918,DISC,SUMMIT,CR0011918,Completed,Kriangkrai Kuskul,2024-01-16T14:52:45,"SUMMIT : Integrate CL2410882: Optimize T461 at OPTI_CHECK_T461, OPTI_CHECK_T461_SMR state CAL2 oper",TTR,NEW,20251116-140537,2025-11-16T14:05:37,
disc|longspeak sata|cr0011919,DISC,LONGSPEAK SATA,CR0011919,Completed,Orathai Kajhonkam,2024-01-16T15:04:29,PCO releasing : PCO1.4.4V2,TTR,NEW,20251116-140537,2025-11-16T14:05:37,
disc|longspeak sata|cr0011934,DISC,LONGSPEAK SATA,CR0011934,Completed,Irin Siribannasit,2024-01-19T17:23:17,PCO releasing : PCO1.4.4U_CCV2DOE1,TTR,NEW,20251116-140537,2025-11-16T14:05:37,
disc|longspeak sata|cr0011938,DISC,LONGSPEAK SATA,CR0011938,Completed,Warat  Jintanamaneerat ,2024-01-22T16:04:38,LP CSO DS combine TASK and TTR V2,TTR,NEW,20251116-140537,2025-11-16T14:05:37,
disc|longspeak sata|cr0011939,DISC,LONGSPEAK SATA,CR0011939,Completed,Warat  Jintanamaneerat ,2024-01-22T16:08:56,LP CSO SS combine TASK and TTR V2,TTR,NEW,20251116-140537,2025-11-16T14:05:37,
disc|longspeak bp sata|cr0011943,DISC,LONGSPEAK BP SATA,CR0011943,Completed,Orathai Kajhonkam,2024-01-23T10:51:57,Combine Opal function with CSO TTR V1V2 and Request Merge CSO Feature to Current normal MASS,TTR,NEW,20251116-140537,2025-11-16T14:05:37,
disc|longspeak bp sata|cr0011944,DISC,LONGSPEAK BP SATA,CR0011944,Completed,Orathai Kajhonkam,2024-01-23T10:55:56,Combine Opal function with CSO TTR V1V2 and Request Merge CSO Feature to Current Efesto MASS,TTR,NEW,20251116-140537,2025-11-16T14:05:37,
disc|longspeak bp sata|cr0011945,DISC,LONGSPEAK BP SATA,CR0011945,Completed,Natthakritta Rungtalay,2024-01-23T11:19:58,WP Prediction (Korat and LCO version),TTR,NEW,20251116-140537,2025-11-16T14:05:37,
disc|summit|cr0011952,DISC,SUMMIT,CR0011952,Completed,Kriangkrai Kuskul,2024-01-24T12:12:08,Summit : T163 TTR,TTR,NEW,20251116-140537,2025-11-16T14:05:37,
disc|longspeak bp sata|cr0011958,DISC,LONGSPEAK BP SATA,CR0011958,Completed,Orathai Kajhonkam,2024-01-25T10:29:03,PCO releasing : PCO LPBP_3_07_03,TTR,NEW,20251116-140537,2025-11-16T14:05:37,
disc|longspeak bp sata|cr0011962,DISC,LONGSPEAK BP SATA,CR0011962,Completed,Naruporn Srikullabut,2024-01-25T23:48:22,T461 optimize read rev for SMR/HSMR (duplicate CR0011850)),TTR,NEW,20251116-140537,2025-11-16T14:05:37,
disc|summit|cr0011974,DISC,SUMMIT,CR0011974,Completed,Gronggaew Boonjuang,2024-01-30T14:23:35,OCZ-ZFS Repeatability Study for TTR,TTR,NEW,20251116-140537,2025-11-16T14:05:37,
disc|marlin|cr0011985,DISC,MARLIN,CR0011985,Completed,Worawit Kanjanapruthipong,2024-02-01T18:32:39,POML (force PO last zone for system area reclaim),TTR,NEW,20251116-140537,2025-11-16T14:05:37,
disc|summit|cr0011991,DISC,SUMMIT,CR0011991,Completed,Worawit Kanjanapruthipong,2024-02-02T18:59:43,POML (force PO last zone for system area reclaim),TTR,NEW,20251116-140537,2025-11-16T14:05:37,
disc|marlin|cr0011992,DISC,MARLIN,CR0011992,Completed,Oosana Onjan,2024-02-05T17:39:44,Marlin Rseed Add P_FAILING_HEAD,TTR,NEW,20251116-140537,2025-11-16T14:05:37,
disc|longspeak sata|cr0011993,DISC,LONGSPEAK SATA,CR0011993,Completed,Warat  Jintanamaneerat ,2024-02-06T10:59:11,LP CSO DS combine TASK and TTR V3.5,TTR,NEW,20251116-140537,2025-11-16T14:05:37,
disc|longspeak sata|cr0011996,DISC,LONGSPEAK SATA,CR0011996,Completed,Irin Siribannasit,2024-02-07T11:00:09,LongsPeak: ZFS feature over 1-rev ZAP and based PCO1.4.4 mass,TTR,NEW,20251116-140537,2025-11-16T14:05:37,
disc|summit|cr0011997,DISC,SUMMIT,CR0011997,Completed,Atchara Tiantawatchakun,2024-02-07T12:59:05,TTR Test240 EAW,TTR,NEW,20251116-140537,2025-11-16T14:05:37,
disc|summit|cr0012008,DISC,SUMMIT,CR0012008,Completed,Suphaphit Saepu,2024-02-09T15:09:39,Summit : TTR T461 reduce NumRd/NumWr from 2 to 1,TTR,NEW,20251116-140537,2025-11-16T14:05:37,
disc|longspeak bp sata|cr0012012,DISC,LONGSPEAK BP SATA,CR0012012,Completed,Orathai Kajhonkam,2024-02-12T17:24:37,PCO releasing : PCO LPBP_3_07_04,TTR,NEW,20251116-140537,2025-11-16T14:05:37,
disc|longspeak sata|cr0012021,DISC,LONGSPEAK SATA,CR0012021,Completed,Worawit Kanjanapruthipong,2024-02-14T12:32:08,T74 Opti Passive Clearance calibration,TTR,NEW,20251116-140537,2025-11-16T14:05:37,
disc|longspeak bp sata|cr0012022,DISC,LONGSPEAK BP SATA,CR0012022,Completed,Worawit Kanjanapruthipong,2024-02-14T12:35:14,T74 Opti Passive Clearance calibration,TTR,NEW,20251116-140537,2025-11-16T14:05:37,
disc|summit|cr0012027,DISC,SUMMIT,CR0012027,Completed,Sitthichai Pomthong,2024-02-15T15:50:18,Summit: ATI write optimization in WP version2,TTR,NEW,20251116-140537,2025-11-16T14:05:37,
disc|longspeak bp sata|cr0012035,DISC,LONGSPEAK BP SATA,CR0012035,Rejected at Development,Krerkkiat Thalangsri,2024-02-16T10:03:01,Change command write/read in MQM,TTR,NEW,20251116-140537,2025-11-16T14:05:37,
disc|longspeak bp sata|cr0012041,DISC,LONGSPEAK BP SATA,CR0012041,Completed,Krerkkiat Thalangsri,2024-02-19T16:44:52,	Change command write/read in MQM for LongSpeakBP,TTR,NEW,20251116-140537,2025-11-16T14:05:37,
disc|longspeak bp sata|cr0012042,DISC,LONGSPEAK BP SATA,CR0012042,Completed,Orathai Kajhonkam,2024-02-20T11:41:58,PCO releasing : PCO LPBP_3_07_04A,TTR,NEW,20251116-140537,2025-11-16T14:05:37,
disc|summit|cr0012045,DISC,SUMMIT,CR0012045,Completed,Gronggaew Boonjuang,2024-02-20T15:34:48,SUMMIT: Enable run T257 via GSM sampling,TTR,NEW,20251116-140537,2025-11-16T14:05:37,
disc|marlin|cr0012059,DISC,MARLIN,CR0012059,Completed,Sitthichai Pomthong,2024-02-28T11:17:45,Marlin: ATI write optimization in WP,TTR,NEW,20251116-140537,2025-11-16T14:05:37,
disc|longspeak sata|cr0012062,DISC,LONGSPEAK SATA,CR0012062,Completed,Irin Siribannasit,2024-02-28T15:00:03,LongsPeak: Reduction of T130 DBI(FileID 8) backup calls at SPFS,TTR,NEW,20251116-140537,2025-11-16T14:05:37,
disc|longspeak bp sata|cr0012066,DISC,LONGSPEAK BP SATA,CR0012066,Completed,Orathai Kajhonkam,2024-02-29T09:56:02,PCO releasing : PCO LPBP_3_07_01B,TTR,NEW,20251116-140537,2025-11-16T14:05:37,
disc|longspeak bp sata|cr0012068,DISC,LONGSPEAK BP SATA,CR0012068,Completed,Ampol Meetee,2024-02-29T12:38:52,LPBP: VBAR_INIT prediction for LPBP4H media,TTR,NEW,20251116-140537,2025-11-16T14:05:37,
disc|longspeak bp sata|cr0012077,DISC,LONGSPEAK BP SATA,CR0012077,Completed,Naruporn Srikullabut,2024-03-01T16:26:54,Reducetion of Test 130 DBI (FileID 8) backup calls at SPFS,TTR,NEW,20251116-140537,2025-11-16T14:05:37,
disc|marlin|cr0012093,DISC,MARLIN,CR0012093,Completed,Sitthichai Pomthong,2024-03-07T10:10:35,Marlin: T451 zone alignment VBAR_ATI,TTR,NEW,20251116-140537,2025-11-16T14:05:37,
disc|summit|cr0012094,DISC,SUMMIT,CR0012094,Completed,Atchara Tiantawatchakun,2024-03-07T12:44:16,Power Cycle Optimization,TTR,NEW,20251116-140537,2025-11-16T14:05:37,
disc|summit|cr0012095,DISC,SUMMIT,CR0012095,Completed,Atchara Tiantawatchakun,2024-03-07T12:52:16,TTR T240 EAW Experiment,TTR,NEW,20251116-140537,2025-11-16T14:05:37,
disc|marlin|cr0012100,DISC,MARLIN,CR0012100,Completed,Warachai Singjungreed,2024-03-08T12:46:18,ZBB Eval for MArlin,TTR,NEW,20251116-140537,2025-11-16T14:05:37,
disc|marlin|cr0012101,DISC,MARLIN,CR0012101,Completed,Worawit Kanjanapruthipong,2024-03-08T15:17:19,T461 reduce NumRd/NumWr from 2 to 1,TTR,NEW,20251116-140537,2025-11-16T14:05:37,
disc|marlin|cr0012109,DISC,MARLIN,CR0012109,Completed,Sitthichai Pomthong,2024-03-11T17:56:40,Marlin: Optimize updating BPI/TPI formats,TTR,NEW,20251116-140537,2025-11-16T14:05:37,
disc|longspeak sata|cr0012114,DISC,LONGSPEAK SATA,CR0012114,Completed,Irin Siribannasit,2024-03-12T16:31:25,LongsPeak: ZFS feature over 1-rev ZAP by based PCO1.4.4,TTR,NEW,20251116-140537,2025-11-16T14:05:37,
disc|marlin|cr0012120,DISC,MARLIN,CR0012120,Completed,Warachai Singjungreed,2024-03-13T15:39:54,Limit sector for W/R TRANSFER,TTR,NEW,20251116-140537,2025-11-16T14:05:37,
disc|summit|cr0012123,DISC,SUMMIT,CR0012123,Completed,Natthakritta Rungtalay,2024-03-14T12:05:45,DOE for NumWrt 512 in T299_DS_ATI,TTR,NEW,20251116-140537,2025-11-16T14:05:37,
disc|summit|cr0012130,DISC,SUMMIT,CR0012130,Completed,Gronggaew Boonjuang,2024-03-15T15:53:27,Allow Short FAIL_PROC for brain swap process after flash saving.,TTR,NEW,20251116-140537,2025-11-16T14:05:37,
disc|summit|cr0012132,DISC,SUMMIT,CR0012132,Completed,Gronggaew Boonjuang,2024-03-15T18:17:56,Allow Short FAIL_PROC for brain swap process after flash saving PCO3.2.7,TTR,NEW,20251116-140537,2025-11-16T14:05:37,
disc|evans bp sata|cr0012143,DISC,EVANS BP SATA,CR0012143,Completed,Gronggaew Boonjuang,2024-03-19T16:15:37,EvansBP WZ with digital pattern (CSO TTR v3.5),TTR,NEW,20251116-140537,2025-11-16T14:05:37,
disc|summit|cr0012202,DISC,SUMMIT,CR0012202,Completed,Gronggaew Boonjuang,2024-03-28T11:44:52,SUMMIT: OCZ-ZFS Repeatability Study for TTR on SMR,TTR,NEW,20251116-140537,2025-11-16T14:05:37,
disc|marlin|cr0012205,DISC,MARLIN,CR0012205,Completed,Kittitus Samatthanaras,2024-03-28T14:44:50,DOE Issue TCG_PREP EC11044,TTR,NEW,20251116-140537,2025-11-16T14:05:37,
disc|summit|cr0012211,DISC,SUMMIT,CR0012211,Completed,Gronggaew Boonjuang,2024-03-29T15:05:03,Summit CMR ZFS Repeatability,TTR,NEW,20251116-140537,2025-11-16T14:05:37,
disc|marlin|cr0012212,DISC,MARLIN,CR0012212,Completed,Worawit Kanjanapruthipong,2024-03-29T15:48:11,POML OTF,TTR,NEW,20251116-140537,2025-11-16T14:05:37,
disc|summit|cr0012213,DISC,SUMMIT,CR0012213,Completed,Worawit Kanjanapruthipong,2024-03-29T16:25:18,POML OTF,TTR,NEW,20251116-140537,2025-11-16T14:05:37,
disc|marlin|cr0012214,DISC,MARLIN,CR0012214,Rejected at Development,Sitthichai Pomthong,2024-04-01T11:02:33,Marlin : Read sector time improvement,TTR,NEW,20251116-140537,2025-11-16T14:05:37,
disc|longspeak sata|cr0012220,DISC,LONGSPEAK SATA,CR0012220,Completed,Orathai Kajhonkam,2024-04-02T10:29:25,PCO releasing : PCO1.5.1,TTR,NEW,20251116-140537,2025-11-16T14:05:37,
disc|longspeak bp sata|cr0012243,DISC,LONGSPEAK BP SATA,CR0012243,Completed,Nontawat Nakul,2024-04-09T16:31:50,LPBP Rseed Move Hds Change Base PCO,TTR,NEW,20251116-140537,2025-11-16T14:05:37,
disc|marlin|cr0012247,DISC,MARLIN,CR0012247,Completed,Warachai Singjungreed,2024-04-10T09:15:50,Limit sector for W/R TRANSFER with Repeat data.,TTR,NEW,20251116-140537,2025-11-16T14:05:37,
disc|evans sata|cr0012248,DISC,EVANS SATA,CR0012248,Completed,Naruporn Srikullabut,2024-04-10T09:18:58,Change based on PCO for CSO and integrate TTR item,TTR,NEW,20251116-140537,2025-11-16T14:05:37,
disc|marlin bp|cr0012250,DISC,MARLIN BP,CR0012250,Completed,Ronnakorn Yimgratok,2024-04-10T12:15:34,MarlinBP: Get buddy slot information,TTR,NEW,20251116-140537,2025-11-16T14:05:37,
disc|summit|cr0012253,DISC,SUMMIT,CR0012253,Completed,Gronggaew Boonjuang,2024-04-11T10:53:11,DOE#2: Workaround to fix EC14527,TTR,NEW,20251116-140537,2025-11-16T14:05:37,
disc|summit|cr0012262,DISC,SUMMIT,CR0012262,Completed,Gronggaew Boonjuang,2024-04-12T09:22:19,DOE#3: Workaround to fix EC14527,TTR,NEW,20251116-140537,2025-11-16T14:05:37,
disc|summit|cr0012268,DISC,SUMMIT,CR0012268,Completed,Natthakritta Rungtalay,2024-04-12T12:33:44,DOE for Reduce NumWrt from 1000 to 512 in T299_DS_ATI,TTR,NEW,20251116-140537,2025-11-16T14:05:37,
disc|marlin|cr0012276,DISC,MARLIN,CR0012276,Completed,Worawit Kanjanapruthipong,2024-04-18T16:55:48,POML OTF (updated),TTR,NEW,20251116-140537,2025-11-16T14:05:37,
disc|summit|cr0012285,DISC,SUMMIT,CR0012285,Completed,Gronggaew Boonjuang,2024-04-19T22:23:44,Leverage TTR VIBE/CALM feature,TTR,NEW,20251116-140537,2025-11-16T14:05:37,
disc|longspeak sata|cr0012286,DISC,LONGSPEAK SATA,CR0012286,Completed,Irin Siribannasit,2024-04-20T18:30:22,LongsPeak: Dynamic Timeout improvement,TTR,NEW,20251116-140537,2025-11-16T14:05:37,
disc|summit|cr0012309,DISC,SUMMIT,CR0012309,Completed,Sitthichai Pomthong,2024-04-26T12:03:31,Summit : VBAR_INIT Prediction sampling collection data,TTR,NEW,20251116-140537,2025-11-16T14:05:37,
disc|marlin|cr0012316,DISC,MARLIN,CR0012316,Completed,Kriangkrai Kuskul,2024-04-26T17:34:18,Marlin : T55 ASTB overhead debug,TTR,NEW,20251116-140537,2025-11-16T14:05:37,
disc|summit|cr0012320,DISC,SUMMIT,CR0012320,Completed,Gronggaew Boonjuang,2024-04-29T14:15:30,	SUMMIT: OCZ-ZFS Repeatability Study for TTR on SMR,TTR,NEW,20251116-140537,2025-11-16T14:05:37,
disc|summit|cr0012326,DISC,SUMMIT,CR0012326,Completed,Gronggaew Boonjuang,2024-04-30T23:11:26,SUMMIT: OCZ-ZFS Repeatability Study for TTR on CMR,TTR,NEW,20251116-140537,2025-11-16T14:05:37,
disc|summit|cr0012329,DISC,SUMMIT,CR0012329,Completed,Atchara Tiantawatchakun,2024-05-02T11:25:06,TTR T240 EAW Experiment with bypass failure,TTR,NEW,20251116-140537,2025-11-16T14:05:37,
disc|summit|cr0012349,DISC,SUMMIT,CR0012349,Completed,Gronggaew Boonjuang,2024-05-06T23:03:39,SUMMIT: OCZ-ZFS Repeatability Study for TTR on CMR [PCO3.4.1E],TTR,NEW,20251116-140537,2025-11-16T14:05:37,
disc|summit|cr0012367,DISC,SUMMIT,CR0012367,Completed,Gronggaew Boonjuang,2024-05-10T16:38:12,SUMMIT: OCZ-ZFS Repeatability Study for TTR on SMR [PCO3.3.2],TTR,NEW,20251116-140537,2025-11-16T14:05:37,
disc|summit|cr0012373,DISC,SUMMIT,CR0012373,Completed,Natthakritta Rungtalay,2024-05-13T18:22:45,New T299 RAP saving optimization for CMR and HSMR,TTR,NEW,20251116-140537,2025-11-16T14:05:37,
disc|summit|cr0012388,DISC,SUMMIT,CR0012388,Completed,Atchara Tiantawatchakun,2024-05-15T10:03:23,Power Cycle Optimization for SCOPY PCO3.4.1F,TTR,NEW,20251116-140537,2025-11-16T14:05:37,
disc|summit|cr0012389,DISC,SUMMIT,CR0012389,Completed,Atchara Tiantawatchakun,2024-05-15T10:04:50,Power Cycle Optimization for PCO3.4.2,TTR,NEW,20251116-140537,2025-11-16T14:05:37,
disc|marlin|cr0012411,DISC,MARLIN,CR0012411,Completed,Worawit Kanjanapruthipong,2024-05-17T16:06:57,POML OTF (reli qual),TTR,NEW,20251116-140537,2025-11-16T14:05:37,
disc|longspeak bp sata|cr0012412,DISC,LONGSPEAK BP SATA,CR0012412,Completed,Penpan Chaiwattanaroj,2024-05-17T16:13:20,MOD_MQM_CRT2 optimize,TTR,NEW,20251116-140537,2025-11-16T14:05:37,
disc|longspeak bp sata|cr0012449,DISC,LONGSPEAK BP SATA,CR0012449,Completed,Naruporn Srikullabut,2024-05-28T17:22:00,FNC2 activities for TTR and PWL fix (duplicate CR0012210),TTR,NEW,20251116-140537,2025-11-16T14:05:37,
disc|marlin|cr0012451,DISC,MARLIN,CR0012451,Completed,Worawit Kanjanapruthipong,2024-05-29T11:58:04,POML WW,TTR,NEW,20251116-140537,2025-11-16T14:05:37,
disc|summit|cr0012454,DISC,SUMMIT,CR0012454,Completed,Gronggaew Boonjuang,2024-05-29T17:46:36,SUMMIT: OCZ-ZFS ,TTR,NEW,20251116-140537,2025-11-16T14:05:37,
disc|summit|cr0012462,DISC,SUMMIT,CR0012462,Completed,Gronggaew Boonjuang,2024-05-31T10:18:07,SUMMIT: Short reconfig flow (Mid Plan),TTR,NEW,20251116-140537,2025-11-16T14:05:37,
disc|longspeak sas|cr0012474,DISC,LONGSPEAK SAS,CR0012474,Rejected at Distribution,Wimonporn Netwong,2024-06-05T12:42:13,LP CCV2 EC10504 add flow recovery,TTR,NEW,20251116-140537,2025-11-16T14:05:37,
disc|summit|cr0012475,DISC,SUMMIT,CR0012475,Completed,Worawit Kanjanapruthipong,2024-06-05T16:42:09,POML WW,TTR,NEW,20251116-140537,2025-11-16T14:05:37,
disc|summit|cr0012483,DISC,SUMMIT,CR0012483,Completed,Gronggaew Boonjuang,2024-06-06T17:05:44,SUMMIT: OCZ-ZFS Repeatability Study for TTR on SMR [PCO3.4.2],TTR,NEW,20251116-140537,2025-11-16T14:05:37,
disc|summit|cr0012486,DISC,SUMMIT,CR0012486,Completed,Gronggaew Boonjuang,2024-06-07T10:17:39,SUMMIT: Short reconfig flow (Mid Plan),TTR,NEW,20251116-140537,2025-11-16T14:05:37,
disc|marlin|cr0012487,DISC,MARLIN,CR0012487,Awaiting Development,Sitthichai Pomthong,2024-06-07T11:28:35,Marlin: Final loop VBAR_ATI Prediction,TTR,NEW,20251116-140537,2025-11-16T14:05:37,
disc|marlin|cr0012488,DISC,MARLIN,CR0012488,Completed,Warachai Singjungreed,2024-06-07T12:46:26,ZBB Eval for Marlin for CMR mode only,TTR,NEW,20251116-140537,2025-11-16T14:05:37,
disc|marlin bp|cr0012495,DISC,MARLIN BP,CR0012495,Completed,Ronnakorn Yimgratok,2024-06-10T15:31:17,MarlinBP: IR_TEST_TIME report for iReovery restate,TTR,NEW,20251116-140537,2025-11-16T14:05:37,
disc|longspeak sata|cr0012504,DISC,LONGSPEAK SATA,CR0012504,Completed,Worawut Boonruesi,2024-06-13T14:23:37,PCO releasing: PCO1.6.2A,TTR,NEW,20251116-140537,2025-11-16T14:05:37,
disc|marlin|cr0012507,DISC,MARLIN,CR0012507,Completed,Worawit Kanjanapruthipong,2024-06-13T19:12:46,POML WW (2nd run),TTR,NEW,20251116-140537,2025-11-16T14:05:37,
disc|longspeak bp sata|cr0012523,DISC,LONGSPEAK BP SATA,CR0012523,Completed,rungnapa taithai,2024-06-18T20:32:43,Request CCV2 short flow for LPBP,TTR,NEW,20251116-140537,2025-11-16T14:05:37,
disc|summit|cr0012524,DISC,SUMMIT,CR0012524,Completed,Atchara Tiantawatchakun,2024-06-19T09:25:17,Power Cycle Optimization Experiment based on PCO3.4.2,TTR,NEW,20251116-140537,2025-11-16T14:05:37,
disc|longspeak sata|cr0012532,DISC,LONGSPEAK SATA,CR0012532,Completed,Irin Siribannasit,2024-06-21T10:16:23,LongsPeak: Request CCV2 short flow,TTR,NEW,20251116-140537,2025-11-16T14:05:37,
disc|summit|cr0012535,DISC,SUMMIT,CR0012535,Completed,Atchara Tiantawatchakun,2024-06-24T12:44:24,Power Cycle Optimization Experiment based on PCO3.4.2 ver2,TTR,NEW,20251116-140537,2025-11-16T14:05:37,
disc|summit|cr0012541,DISC,SUMMIT,CR0012541,Completed,Kriangkrai Kuskul,2024-06-25T15:11:19,SUMMIT : Write Opti: Read Averaging Reduction,TTR,NEW,20251116-140537,2025-11-16T14:05:37,
disc|longspeak sata|cr0012557,DISC,LONGSPEAK SATA,CR0012557,Completed,Irin Siribannasit,2024-06-28T15:06:04,PCO releasing: PCO1.7.1A,TTR,NEW,20251116-140537,2025-11-16T14:05:37,
disc|marlin|cr0012562,DISC,MARLIN,CR0012562,Completed,Kriangkrai Kuskul,2024-07-01T11:08:03,Marlin : variable lba W/R xfr evaluaion,TTR,NEW,20251116-140537,2025-11-16T14:05:37,
disc|summit|cr0012582,DISC,SUMMIT,CR0012582,Completed,Atchara Tiantawatchakun,2024-07-04T11:16:14,Separate out tempSaturationDifferentialReq for HC and HL cell,TTR,NEW,20251116-140537,2025-11-16T14:05:37,
disc|longspeak bp sata|cr0012584,DISC,LONGSPEAK BP SATA,CR0012584,Completed,Naruporn Srikullabut,2024-07-04T14:13:11,ZFS feature,TTR,NEW,20251116-140537,2025-11-16T14:05:37,
disc|summit|cr0012586,DISC,SUMMIT,CR0012586,Completed,Atchara Tiantawatchakun,2024-07-04T15:34:01,Power Cycle Optimization skip 4 states CRT2,TTR,NEW,20251116-140537,2025-11-16T14:05:37,
disc|osprey sas|cr0012588,DISC,OSPREY SAS,CR0012588,Completed,Punnathon Phatai,2024-07-04T18:51:21,Osprey: IR_TEST_TIME report for iReovery restate,TTR,NEW,20251116-140537,2025-11-16T14:05:37,
disc|marlin|cr0012617,DISC,MARLIN,CR0012617,Completed,Worawit Kanjanapruthipong,2024-07-11T15:54:43,T461 Optimization (revise per Lewis),TTR,NEW,20251116-140537,2025-11-16T14:05:37,
disc|summit|cr0012632,DISC,SUMMIT,CR0012632,Completed,Gronggaew Boonjuang,2024-07-15T20:01:59,SUMMIT: OCZ-ZFS Version09C,TTR,NEW,20251116-140537,2025-11-16T14:05:37,
disc|longspeak bp sata|cr0012636,DISC,LONGSPEAK BP SATA,CR0012636,Completed,Naruporn Srikullabut,2024-07-16T13:57:07,ZFS V2,TTR,NEW,20251116-140537,2025-11-16T14:05:37,
disc|summit|cr0012645,DISC,SUMMIT,CR0012645,Completed,Kriangkrai Kuskul,2024-07-17T16:33:13,SUMMIT : ZAP prediction,TTR,NEW,20251116-140537,2025-11-16T14:05:37,
disc|marlin|cr0012646,DISC,MARLIN,CR0012646,Rejected at Distribution,Phanom Nuangchomphoo,2024-07-17T17:19:31,Study merge Backend TP,TTR,NEW,20251116-140537,2025-11-16T14:05:37,
disc|osprey sas|cr0012678,DISC,OSPREY SAS,CR0012678,Completed,Mongkol Bowornwiriyanat,2024-07-24T11:48:51,Change IR of 13426 CRT2 and add 48525 SCOPY IR,TTR,NEW,20251116-140537,2025-11-16T14:05:37,
disc|longspeak bp sata|cr0012685,DISC,LONGSPEAK BP SATA,CR0012685,Completed,Naruporn Srikullabut,2024-07-25T09:03:53,Enable ZFS V3 (both CMR and HSMR),TTR,NEW,20251116-140537,2025-11-16T14:05:37,
disc|marlin|cr0012690,DISC,MARLIN,CR0012690,Completed,Petcharat Boonprasop,2024-07-25T16:48:18,Enable ZBB full mode (CMR&SMR),TTR,NEW,20251116-140537,2025-11-16T14:05:37,
disc|longspeak sata|cr0012694,DISC,LONGSPEAK SATA,CR0012694,Rejected at Approval,Chatchawan Taiwan,2024-07-29T23:37:01,Efesto HMSC timeout limit change,TTR,NEW,20251116-140537,2025-11-16T14:05:37,
disc|longspeak bp sata|cr0012695,DISC,LONGSPEAK BP SATA,CR0012695,Completed,Naruporn Srikullabut,2024-07-30T11:28:27,ZFS V4,TTR,NEW,20251116-140537,2025-11-16T14:05:37,
disc|evans bp sata|cr0012702,DISC,EVANS BP SATA,CR0012702,Completed,Petcharat Boonprasop,2024-07-31T16:02:03,EvansBP - Rerquest enable ZAP flaw scan.,TTR,NEW,20251116-140537,2025-11-16T14:05:37,
disc|summit|cr0012706,DISC,SUMMIT,CR0012706,Completed,Gronggaew Boonjuang,2024-07-31T22:03:03,Summit: TTR-ZFS based on PCO3.5.0A,TTR,NEW,20251116-140537,2025-11-16T14:05:37,
disc|longspeak sata|cr0012738,DISC,LONGSPEAK SATA,CR0012738,Completed,Worawut Boonruesi,2024-08-07T10:10:33,PCO releasing : PCO1.6.3A,TTR,NEW,20251116-140537,2025-11-16T14:05:37,
disc|summit|cr0012746,DISC,SUMMIT,CR0012746,Completed,Suphaphit Saepu,2024-08-08T16:56:49,Summit: MRT2 Feature V2 Update,TTR,NEW,20251116-140537,2025-11-16T14:05:37,
disc|summit|cr0012749,DISC,SUMMIT,CR0012749,Completed,Gronggaew Boonjuang,2024-08-08T18:20:43,SUMMIT: ZFS feature qualification,TTR,NEW,20251116-140537,2025-11-16T14:05:37,
disc|longspeak bp sata|cr0012776,DISC,LONGSPEAK BP SATA,CR0012776,Completed,Naruporn Srikullabut,2024-08-15T15:57:21,Disable ZFS for SMR,TTR,NEW,20251116-140537,2025-11-16T14:05:37,
disc|makara sata|cr0012779,DISC,MAKARA SATA,CR0012779,Completed,Punnathon Phatai,2024-08-16T10:42:29,MAKARA: Validate Zero pattern as move TCG_PREP before serial FMT,TTR,NEW,20251116-140537,2025-11-16T14:05:37,
disc|longspeak sata|cr0012783,DISC,LONGSPEAK SATA,CR0012783,Completed,Worawut Boonruesi,2024-08-16T15:03:49,PCO releasing:PCO1.7.2A,TTR,NEW,20251116-140537,2025-11-16T14:05:37,
disc|summit|cr0012785,DISC,SUMMIT,CR0012785,Completed,Gronggaew Boonjuang,2024-08-16T22:40:18,SUMMIT: T2108 SkInc settings for TTR,TTR,NEW,20251116-140537,2025-11-16T14:05:37,
disc|summit|cr0012786,DISC,SUMMIT,CR0012786,Completed,Gronggaew Boonjuang,2024-08-16T22:43:18,SUMMIT: Reduction of Test 130 DBI (FileID 8) backup calls at SPFS,TTR,NEW,20251116-140537,2025-11-16T14:05:37,
disc|summit|cr0012808,DISC,SUMMIT,CR0012808,Completed,Gronggaew Boonjuang,2024-08-22T14:47:41,Summit SMR SPFS with SkInc=20,TTR,NEW,20251116-140537,2025-11-16T14:05:37,
disc|summit|cr0012810,DISC,SUMMIT,CR0012810,Completed,Gronggaew Boonjuang,2024-08-22T15:27:50,Enable PROZ feature by condition,TTR,NEW,20251116-140537,2025-11-16T14:05:37,
disc|longspeak sata|cr0012812,DISC,LONGSPEAK SATA,CR0012812,Completed,Irin Siribannasit,2024-08-23T09:40:40,LongsPeak: Minor change to support 1-rev zap and ZFS,TTR,NEW,20251116-140537,2025-11-16T14:05:37,
disc|summit|cr0012825,DISC,SUMMIT,CR0012825,Completed,Sitthichai Pomthong,2024-08-27T14:49:29,Summit: Zap Prediction evaluation phase,TTR,NEW,20251116-140537,2025-11-16T14:05:37,
disc|summit|cr0012856,DISC,SUMMIT,CR0012856,Completed,Punnathon Phatai,2024-09-03T19:22:35,SUMMIT: Implement Write Power Set Prediction,TTR,NEW,20251116-140537,2025-11-16T14:05:37,
disc|longspeak sata|cr0012864,DISC,LONGSPEAK SATA,CR0012864,Completed,Worawit Kanjanapruthipong,2024-09-04T18:15:15,T461 reduce NumRd/NumWr from 2 to 1,TTR,NEW,20251116-140537,2025-11-16T14:05:37,
disc|summit|cr0012871,DISC,SUMMIT,CR0012871,Rejected at Distribution,Oosana Onjan,2024-09-05T18:24:48,Summit Request add T321 and limit candidate M1 M2,TTR,NEW,20251116-140537,2025-11-16T14:05:37,
disc|longspeak bp sata|cr0012880,DISC,LONGSPEAK BP SATA,CR0012880,Completed,Naruporn Srikullabut,2024-09-09T15:19:36,Disable ZFS with IR special flow,TTR,NEW,20251116-140537,2025-11-16T14:05:37,
disc|summit|cr0012883,DISC,SUMMIT,CR0012883,Completed,Gronggaew Boonjuang,2024-09-10T14:55:29,SUMMIT: ZFS feature qualification (reli),TTR,NEW,20251116-140537,2025-11-16T14:05:37,
disc|summit|cr0012888,DISC,SUMMIT,CR0012888,Completed,Suphaphit Saepu,2024-09-11T14:11:09,Summit : TTR experiment initiated Overclock in SF3,TTR,NEW,20251116-140537,2025-11-16T14:05:37,
disc|longspeak sata|cr0012894,DISC,LONGSPEAK SATA,CR0012894,Completed,Irin Siribannasit,2024-09-12T16:00:24,LongsPeak: 1Rev ZAP + ZFS to correctly populate ZFF list during T275 retry,TTR,NEW,20251116-140537,2025-11-16T14:05:37,
disc|evans bp sata|cr0012896,DISC,EVANS BP SATA,CR0012896,Completed,Petcharat Boonprasop,2024-09-12T16:37:34,EvansBP - TTR 1-rev  long seek delay optimization.,TTR,NEW,20251116-140537,2025-11-16T14:05:37,
disc|evans bp sata|cr0012897,DISC,EVANS BP SATA,CR0012897,Completed,Petcharat Boonprasop,2024-09-12T16:43:36,EvansBP - TTR 1-rev + ZFS long seek delay optimization.,TTR,NEW,20251116-140537,2025-11-16T14:05:37,
disc|summit|cr0012904,DISC,SUMMIT,CR0012904,Completed,Sitthichai Pomthong,2024-09-13T15:19:55,Summit: Final loop VBAR_ATI Prediction and reduce redundant ATI measurement,TTR,NEW,20251116-140537,2025-11-16T14:05:37,
disc|evans bp sata|cr0012907,DISC,EVANS BP SATA,CR0012907,Completed,Petcharat Boonprasop,2024-09-16T14:59:15,EvansBP - TTR 1-rev + ZFS long seek delay optimizatin for rework drive.,TTR,NEW,20251116-140537,2025-11-16T14:05:37,
disc|longspeak sata|cr0012921,DISC,LONGSPEAK SATA,CR0012921,Completed,Irin Siribannasit,2024-09-20T14:31:46,LongsPeak: Repeatability study for ZFS & 1 Rev (SBR A),TTR,NEW,20251116-140537,2025-11-16T14:05:37,
disc|longspeak sata|cr0012922,DISC,LONGSPEAK SATA,CR0012922,Completed,Irin Siribannasit,2024-09-20T14:47:27,LongsPeak: Repeatability study for ZFS & 1 Rev (SBR B),TTR,NEW,20251116-140537,2025-11-16T14:05:37,
disc|evans bp sata|cr0012923,DISC,EVANS BP SATA,CR0012923,Completed,Petcharat Boonprasop,2024-09-20T17:33:32,EvansBP: Repeatability study for ZFS & 1 Rev (SBR A),TTR,NEW,20251116-140537,2025-11-16T14:05:37,
disc|evans bp sata|cr0012924,DISC,EVANS BP SATA,CR0012924,Completed,Petcharat Boonprasop,2024-09-20T17:50:10,EvansBP: Repeatability study for ZFS & 1 Rev (SBR B),TTR,NEW,20251116-140537,2025-11-16T14:05:37,
disc|summit|cr0012927,DISC,SUMMIT,CR0012927,Completed,Sitthichai Pomthong,2024-09-23T09:58:53,Summit: Reduce redundants zones test of VBAR_ATI,TTR,NEW,20251116-140537,2025-11-16T14:05:37,
disc|marlin|cr0012928,DISC,MARLIN,CR0012928,Completed,Sitthichai Pomthong,2024-09-23T10:37:38,Marlin: Reduce redundants zones test of VBAR_ATI,TTR,NEW,20251116-140537,2025-11-16T14:05:37,
disc|evans bp sata|cr0012933,DISC,EVANS BP SATA,CR0012933,Completed,Petcharat Boonprasop,2024-09-24T16:24:14,EvansBP: Repeatability study for ZFS & 1 Rev (SBR C),TTR,NEW,20251116-140537,2025-11-16T14:05:37,
disc|marlin|cr0012935,DISC,MARLIN,CR0012935,Completed,Petcharat Boonprasop,2024-09-24T17:28:01,FNC2 TTR using optimization of T2108 Cert Track Step (SkInc) parameter,TTR,NEW,20251116-140537,2025-11-16T14:05:37,
disc|evans bp sata|cr0012947,DISC,EVANS BP SATA,CR0012947,Rejected at Distribution,Petcharat Boonprasop,2024-09-27T17:17:29,EvansBP: Repeatability study for ZFS & 1 Rev (SBR D),TTR,NEW,20251116-140537,2025-11-16T14:05:37,
disc|evans bp sata|cr0012948,DISC,EVANS BP SATA,CR0012948,Completed,Petcharat Boonprasop,2024-09-27T17:29:13,EvansBP: Repeatability study for ZFS & 1 Rev (SBR E),TTR,NEW,20251116-140537,2025-11-16T14:05:37,
disc|summit|cr0012954,DISC,SUMMIT,CR0012954,Completed,Suphaphit Saepu,2024-10-01T12:22:59,Summit : TTR experiment initiated Overclock in SF3 [DOE2],TTR,NEW,20251116-140537,2025-11-16T14:05:37,
disc|longspeak sata|cr0012956,DISC,LONGSPEAK SATA,CR0012956,Completed,Sureeporn Sukchoosri,2024-10-01T16:59:39,IR_TEST_TIME report for iReovery restate,TTR,NEW,20251116-140537,2025-11-16T14:05:37,
disc|marlin bp|cr0012963,DISC,MARLIN BP,CR0012963,Completed,Sitthichai Pomthong,2024-10-02T14:38:45,	MarlinBP: Optimize updating BPI/TPI formats by using PCfile,TTR,NEW,20251116-140537,2025-11-16T14:05:37,
disc|longspeak sata|cr0012968,DISC,LONGSPEAK SATA,CR0012968,Completed,Irin Siribannasit,2024-10-03T15:56:44,LongsPeak: Repeatability study for ZFS & 1 Rev (SBR C),TTR,NEW,20251116-140537,2025-11-16T14:05:37,
disc|evans bp sata|cr0012996,DISC,EVANS BP SATA,CR0012996,Completed,Petcharat Boonprasop,2024-10-10T11:07:22,EvansBP: Repeatability study for ZFS & 1 Rev (SBR F),TTR,NEW,20251116-140537,2025-11-16T14:05:37,
disc|evans bp sata|cr0012997,DISC,EVANS BP SATA,CR0012997,Completed,Petcharat Boonprasop,2024-10-10T11:09:44,EvansBP: Repeatability study for ZFS & 1 Rev (SBR G),TTR,NEW,20251116-140537,2025-11-16T14:05:37,
disc|evans bp sata|cr0012998,DISC,EVANS BP SATA,CR0012998,Completed,Petcharat Boonprasop,2024-10-10T11:11:30,EvansBP: Repeatability study for ZFS & 1 Rev (SBR H),TTR,NEW,20251116-140537,2025-11-16T14:05:37,
disc|longspeak bp sata|cr0013003,DISC,LONGSPEAK BP SATA,CR0013003,Completed,Naruemon Wannawong,2024-10-10T16:18:42,PCO releasing : PCO LPBP_3_16_01,TTR,NEW,20251116-140537,2025-11-16T14:05:37,
disc|summit|cr0013009,DISC,SUMMIT,CR0013009,Completed,Sitthichai Pomthong,2024-10-11T09:31:21,Summit: Removal READ_OPTI_OD state,TTR,NEW,20251116-140537,2025-11-16T14:05:37,
disc|summit|cr0013010,DISC,SUMMIT,CR0013010,Completed,Gronggaew Boonjuang,2024-10-11T11:56:36,Enable TTR X-Bar feature,TTR,NEW,20251116-140537,2025-11-16T14:05:37,
disc|evans bp sata|cr0013026,DISC,EVANS BP SATA,CR0013026,Completed,Petcharat Boonprasop,2024-10-17T16:44:26,EvansBP: Repeatability study for ZFS & 1 Rev (SBR J),TTR,NEW,20251116-140537,2025-11-16T14:05:37,
disc|iomqm|cr0013029,DISC,IOMQM,CR0013029,Completed,Atchara Tiantawatchakun,2024-10-17T19:44:18,Optimize workload,TTR,NEW,20251116-140537,2025-11-16T14:05:37,
disc|marlin|cr0013044,DISC,MARLIN,CR0013044,Completed,Worawit Kanjanapruthipong,2024-10-22T16:45:20,POML (ZAVG register removal),TTR,NEW,20251116-140537,2025-11-16T14:05:37,
disc|marlin|cr0013046,DISC,MARLIN,CR0013046,Completed,Worawit Kanjanapruthipong,2024-10-23T11:32:18,Optimize the updating BPI/TPI formats by using PCfile [for HSMR-S],TTR,NEW,20251116-140537,2025-11-16T14:05:37,
disc|longspeak sata|cr0013074,DISC,LONGSPEAK SATA,CR0013074,Completed,Irin Siribannasit,2024-11-01T17:31:46,LongsPeak: 1Rev ZAP + ZFS to correctly populate ZFF list during T275 retry with new SF3 & PF3,TTR,NEW,20251116-140537,2025-11-16T14:05:37,
disc|marlin|cr0013079,DISC,MARLIN,CR0013079,Rejected at Distribution,Warachai Singjungreed,2024-11-04T23:31:13,XFER RATE TTR,TTR,NEW,20251116-140537,2025-11-16T14:05:37,
disc|summit|cr0013092,DISC,SUMMIT,CR0013092,Completed,Gronggaew Boonjuang,2024-11-07T14:47:00,Summit HSMR SPFS with SkInc optimization,TTR,NEW,20251116-140537,2025-11-16T14:05:37,
disc|marlin|cr0013095,DISC,MARLIN,CR0013095,Rejected at Distribution,Warachai Singjungreed,2024-11-07T19:54:55,Implement APS_22 to PCO,TTR,NEW,20251116-140537,2025-11-16T14:05:37,
disc|marlin|cr0013096,DISC,MARLIN,CR0013096,Completed,Warachai Singjungreed,2024-11-07T20:00:34,Implement APS_10 to PCO,TTR,NEW,20251116-140537,2025-11-16T14:05:37,
disc|marlin|cr0013097,DISC,MARLIN,CR0013097,Rejected at Distribution,Warachai Singjungreed,2024-11-07T20:04:13,Implement APS_14 to PCO,TTR,NEW,20251116-140537,2025-11-16T14:05:37,
disc|marlin|cr0013098,DISC,MARLIN,CR0013098,Completed,Warachai Singjungreed,2024-11-07T20:08:56,Implement APS_57 to PCO,TTR,NEW,20251116-140537,2025-11-16T14:05:37,
disc|marlin|cr0013099,DISC,MARLIN,CR0013099,Completed,Warachai Singjungreed,2024-11-07T20:12:42,Implement APS_116 to PCO,TTR,NEW,20251116-140537,2025-11-16T14:05:37,
disc|marlin|cr0013100,DISC,MARLIN,CR0013100,Completed,Warachai Singjungreed,2024-11-07T20:16:13,Implement APS_8to PCO,TTR,NEW,20251116-140537,2025-11-16T14:05:37,
disc|marlin|cr0013101,DISC,MARLIN,CR0013101,Rejected at Development,Warachai Singjungreed,2024-11-07T20:18:58,Implement APS_30 to PCO,TTR,NEW,20251116-140537,2025-11-16T14:05:37,
disc|marlin|cr0013102,DISC,MARLIN,CR0013102,Completed,Warachai Singjungreed,2024-11-07T20:21:17,Implement APS_26 to PCO,TTR,NEW,20251116-140537,2025-11-16T14:05:37,
disc|summit|cr0013106,DISC,SUMMIT,CR0013106,Completed,Worawit Kanjanapruthipong,2024-11-08T16:28:03,POML for SMR,TTR,NEW,20251116-140537,2025-11-16T14:05:37,
disc|summit|cr0013115,DISC,SUMMIT,CR0013115,Completed,Gronggaew Boonjuang,2024-11-12T10:59:22,Post reli qual enhancement to ZFS,TTR,NEW,20251116-140537,2025-11-16T14:05:37,
disc|summit|cr0013120,DISC,SUMMIT,CR0013120,Completed,Suphaphit Saepu,2024-11-13T12:15:17,Summit : Base CR12888 with non-OverClock,TTR,NEW,20251116-140537,2025-11-16T14:05:37,
disc|marlin|cr0013132,DISC,MARLIN,CR0013132,Completed,Petcharat Boonprasop,2024-11-15T15:16:12,Add ProZ enable by ConfigVar.,TTR,NEW,20251116-140537,2025-11-16T14:05:37,
disc|summit|cr0013142,DISC,SUMMIT,CR0013142,Completed,Gronggaew Boonjuang,2024-11-18T20:52:35,Summit CMR SPFS with SkInc optimization,TTR,NEW,20251116-140537,2025-11-16T14:05:37,
disc|summit|cr0013155,DISC,SUMMIT,CR0013155,Completed,Worawit Kanjanapruthipong,2024-11-20T17:31:19,Mini Opti at FINE_UJOG_INIT,TTR,NEW,20251116-140537,2025-11-16T14:05:37,
disc|marlin|cr0013159,DISC,MARLIN,CR0013159,Completed,Sitthichai Pomthong,2024-11-21T17:39:31,Marlin: VBAR Laser Prediction,TTR,NEW,20251116-140537,2025-11-16T14:05:37,
disc|summit|cr0013169,DISC,SUMMIT,CR0013169,Completed,Sitthichai Pomthong,2024-11-22T11:31:09,Summit: Optimize updating BPI/TPI formats by using PCfile,TTR,NEW,20251116-140537,2025-11-16T14:05:37,
disc|longspeak sata|cr0013170,DISC,LONGSPEAK SATA,CR0013170,Completed,Irin Siribannasit,2024-11-25T11:51:32,LongsPeak: Support T220 WPOPTI TTR,TTR,NEW,20251116-140537,2025-11-16T14:05:37,
disc|marlin|cr0013173,DISC,MARLIN,CR0013173,Completed,Petcharat Boonprasop,2024-11-25T18:28:53,TTR remove duplicate T461 at CAL2 ,TTR,NEW,20251116-140537,2025-11-16T14:05:37,
disc|longspeak sata|cr0013191,DISC,LONGSPEAK SATA,CR0013191,Completed,Worawut Boonruesi,2024-11-28T16:09:29,PCO releasing:PCO1.13.1A,TTR,NEW,20251116-140537,2025-11-16T14:05:37,
disc|marlin|cr0013198,DISC,MARLIN,CR0013198,Rejected at Distribution,Kriangkrai Kuskul,2024-12-02T10:21:40,Marlin : T461 zone reduction,TTR,NEW,20251116-140537,2025-11-16T14:05:37,
disc|longspeak sata|cr0013207,DISC,LONGSPEAK SATA,CR0013207,Completed,Irin Siribannasit,2024-12-03T14:14:21,LongsPeak: ZFS + 1 rev zap based LP_01_11_03A,TTR,NEW,20251116-140537,2025-11-16T14:05:37,
disc|longspeak bp sata|cr0013224,DISC,LONGSPEAK BP SATA,CR0013224,Completed,Naruporn Srikullabut,2024-12-09T14:05:12,Enable ZFS feature,TTR,NEW,20251116-140537,2025-11-16T14:05:37,
disc|summit|cr0013241,DISC,SUMMIT,CR0013241,Completed,Gronggaew Boonjuang,2024-12-13T15:21:25,Summit enhancement to PROZ,TTR,NEW,20251116-140537,2025-11-16T14:05:37,
disc|summit|cr0013245,DISC,SUMMIT,CR0013245,Completed,Gronggaew Boonjuang,2024-12-17T09:07:29,CRT2 and PWT Screen removal for TTR (extra TTR 24 hrs),TTR,NEW,20251116-140537,2025-11-16T14:05:37,
disc|summit|cr0013246,DISC,SUMMIT,CR0013246,Completed,Gronggaew Boonjuang,2024-12-17T09:14:46,PWT variable spare by condition for TTR (extra TTR 24 hrs),TTR,NEW,20251116-140537,2025-11-16T14:05:37,
disc|summit|cr0013247,DISC,SUMMIT,CR0013247,Completed,Gronggaew Boonjuang,2024-12-17T09:19:41,CCV2 DST Long removal for ODT by APS for TTR (extra TTR 24 hrs),TTR,NEW,20251116-140537,2025-11-16T14:05:37,
disc|summit|cr0013260,DISC,SUMMIT,CR0013260,Completed,Daranee Thitiprayoonwongse,2024-12-18T15:51:20,Post reli qual enhancement to ZFS V2,TTR,NEW,20251116-140537,2025-11-16T14:05:37,
disc|summit|cr0013261,DISC,SUMMIT,CR0013261,Completed,Gronggaew Boonjuang,2024-12-18T16:00:11,T299: Disable Track Center Search for SMR-ABI Measurement,TTR,NEW,20251116-140537,2025-11-16T14:05:37,
disc|summit|cr0013290,DISC,SUMMIT,CR0013290,Completed,Gronggaew Boonjuang,2024-12-26T15:19:27,Summit READ_OPTI_OD state removal and T299 fix,TTR,NEW,20251116-140537,2025-11-16T14:05:37,
disc|summit|cr0013291,DISC,SUMMIT,CR0013291,Completed,Gronggaew Boonjuang,2024-12-26T16:16:17,Summit : TTR 24 hr proposal based on PCO3.5.0G,TTR,NEW,20251116-140537,2025-11-16T14:05:37,
disc|summit|cr0013312,DISC,SUMMIT,CR0013312,Completed,Gronggaew Boonjuang,2025-01-06T19:32:09,Evaluate reducing the write count in Test 299 states,TTR,NEW,20251116-140537,2025-11-16T14:05:37,
disc|summit|cr0013328,DISC,SUMMIT,CR0013328,Completed,Pantamit  Sombaddee,2025-01-10T11:04:59,ProZ EC10225 fix phase2,TTR,NEW,20251116-140537,2025-11-16T14:05:37,
disc|marlin|cr0013346,DISC,MARLIN,CR0013346,Completed,Petcharat Boonprasop,2025-01-15T14:40:02,CSO TTR add new tab -881 in list.,TTR,NEW,20251116-140537,2025-11-16T14:05:37,
disc|summit|cr0013355,DISC,SUMMIT,CR0013355,Completed,Gronggaew Boonjuang,2025-01-18T08:19:19,Enable TTR variable spare,TTR,NEW,20251116-140537,2025-11-16T14:05:37,
disc|marlin bp|cr0013356,DISC,MARLIN BP,CR0013356,Completed,Worawit Kanjanapruthipong,2025-01-20T14:33:40,POML,TTR,NEW,20251116-140537,2025-11-16T14:05:37,
disc|summit|cr0013401,DISC,SUMMIT,CR0013401,Completed,Punnathon Phatai,2025-02-04T18:52:42,SUMMIT: Write Power Set Prediction Adjust OVS Search Rage at STEP2,TTR,NEW,20251116-140537,2025-11-16T14:05:37,
disc|longspeak sata|cr0013408,DISC,LONGSPEAK SATA,CR0013408,Rejected at Distribution,Irin Siribannasit,2025-02-06T10:49:53,LongsPeak: LongsPeak : LongsPeak : T299 optimization,TTR,NEW,20251116-140537,2025-11-16T14:05:37,
disc|longspeak sata|cr0013409,DISC,LONGSPEAK SATA,CR0013409,Rejected at Distribution,Irin Siribannasit,2025-02-06T10:52:53,LongsPeak: T299_EXPN_STE_SCRN optimization,TTR,NEW,20251116-140537,2025-11-16T14:05:37,
disc|marlin|cr0013416,DISC,MARLIN,CR0013416,Completed,Petcharat Boonprasop,2025-02-07T17:23:20,Support CSG TTR,TTR,NEW,20251116-140537,2025-11-16T14:05:37,
disc|summit|cr0013419,DISC,SUMMIT,CR0013419,Completed,Gronggaew Boonjuang,2025-02-09T17:02:50,Enable T451 TTR optimized registers for T438 uJog by condition,TTR,NEW,20251116-140537,2025-11-16T14:05:37,
disc|summit|cr0013426,DISC,SUMMIT,CR0013426,Completed,Orathai Kajhonkam,2025-02-11T17:34:28,SUMMIT TTR Reduced BER measurement from 2 to 1 Trk in Test220 WPOPTI,TTR,NEW,20251116-140537,2025-11-16T14:05:37,
disc|longspeak sata|cr0013430,DISC,LONGSPEAK SATA,CR0013430,Completed,Irin Siribannasit,2025-02-13T21:03:37,LongsPeak: 1 rev zap - zfs based on PCO1.15.1A,TTR,NEW,20251116-140537,2025-11-16T14:05:37,
disc|longspeak bp sata|cr0013431,DISC,LONGSPEAK BP SATA,CR0013431,Completed,Naruporn Srikullabut,2025-02-14T12:22:46,Add new criteria from reli failures for screening and disable ZFS feature.,TTR,NEW,20251116-140537,2025-11-16T14:05:37,
disc|summit|cr0013441,DISC,SUMMIT,CR0013441,Rejected at Distribution,Daranee Thitiprayoonwongse,2025-02-18T14:43:31,Post reli qual enhancement to ZFS V2,TTR,NEW,20251116-140537,2025-11-16T14:05:37,
disc|summit|cr0013442,DISC,SUMMIT,CR0013442,Completed,Daranee Thitiprayoonwongse,2025-02-18T14:43:44,Post reli qual enhancement to ZFS V3,TTR,NEW,20251116-140537,2025-11-16T14:05:37,
disc|marlin|cr0013452,DISC,MARLIN,CR0013452,Completed,Petcharat Boonprasop,2025-02-20T14:30:30,ProZ : Update 'BndSz' parameter from 1000 to 4500 for better ZBB efficiency for all media format,TTR,NEW,20251116-140537,2025-11-16T14:05:37,
disc|summit|cr0013455,DISC,SUMMIT,CR0013455,Rejected at Distribution,Sitthichai Pomthong,2025-02-21T09:23:13,Summit : TTR reduce number of compcap during VBAR process,TTR,NEW,20251116-140537,2025-11-16T14:05:37,
disc|summit|cr0013457,DISC,SUMMIT,CR0013457,Completed,Worawit Kanjanapruthipong,2025-02-21T12:06:36,POML SMR,TTR,NEW,20251116-140537,2025-11-16T14:05:37,
disc|summit|cr0013461,DISC,SUMMIT,CR0013461,Completed,Gronggaew Boonjuang,2025-02-22T00:16:31,Enhance TTR X-Bar feature (Fix XBAR Yield Impact on GobyLite),TTR,NEW,20251116-140537,2025-11-16T14:05:37,
disc|summit|cr0013464,DISC,SUMMIT,CR0013464,Completed,Worawit Kanjanapruthipong,2025-02-24T12:54:27,Mini Opti at SQUEEZE_OFFSET_INIT,TTR,NEW,20251116-140537,2025-11-16T14:05:37,
disc|summit|cr0013465,DISC,SUMMIT,CR0013465,Completed,Worawit Kanjanapruthipong,2025-02-24T13:35:40,PC File compression,TTR,NEW,20251116-140537,2025-11-16T14:05:37,
disc|summit|cr0013470,DISC,SUMMIT,CR0013470,Completed,Gronggaew Boonjuang,2025-02-25T10:04:26,Remove T298 in T299_ATI and WRITE_SCRN,TTR,NEW,20251116-140537,2025-11-16T14:05:37,
disc|marlin|cr0013473,DISC,MARLIN,CR0013473,Completed,Petcharat Boonprasop,2025-02-25T18:19:36,Marlin Write/Read Transfer Rate Reduction.,TTR,NEW,20251116-140537,2025-11-16T14:05:37,
disc|marlin|cr0013474,DISC,MARLIN,CR0013474,Rejected at Distribution,Warachai Singjungreed,2025-02-25T21:53:40,Ramp temp no wait before download code then check temp after download finished.,TTR,NEW,20251116-140537,2025-11-16T14:05:37,
disc|marlin|cr0013475,DISC,MARLIN,CR0013475,Rejected at Distribution,Warachai Singjungreed,2025-02-25T22:02:31,Optimize Baud Rate for HSMR FILE100 Retrieval,TTR,NEW,20251116-140537,2025-11-16T14:05:37,
disc|summit|cr0013479,DISC,SUMMIT,CR0013479,Completed,Pantamit  Sombaddee,2025-02-26T17:20:55,TTR: T33 reduce rev from 32 to 16,TTR,NEW,20251116-140537,2025-11-16T14:05:37,
disc|summit|cr0013483,DISC,SUMMIT,CR0013483,Completed,Irin Siribannasit,2025-02-27T15:09:18,Summit: Vibe/Calm blocking test removal,TTR,NEW,20251116-140537,2025-11-16T14:05:37,
disc|marlin|cr0013485,DISC,MARLIN,CR0013485,Completed,Phanom Nuangchomphoo,2025-02-27T21:47:31,CSO TTR CRT2 Oper,TTR,NEW,20251116-140537,2025-11-16T14:05:37,
disc|marlin|cr0013492,DISC,MARLIN,CR0013492,Completed,Petcharat Boonprasop,2025-03-03T17:51:28,Marlin ProZ : MIMO seek error skip track handling changes,TTR,NEW,20251116-140537,2025-11-16T14:05:37,
disc|summit|cr0013504,DISC,SUMMIT,CR0013504,Completed,Gronggaew Boonjuang,2025-03-06T23:11:41,TTR: Reduce zone W/R XFER,TTR,NEW,20251116-140537,2025-11-16T14:05:37,
disc|summit|cr0013513,DISC,SUMMIT,CR0013513,Completed,Atchara Tiantawatchakun,2025-03-12T09:45:33,Remove SAVE_STATE at SCOPY and PRE2 oper,TTR,NEW,20251116-140537,2025-11-16T14:05:37,
disc|summit|cr0013519,DISC,SUMMIT,CR0013519,Completed,Suphaphit Saepu,2025-03-12T16:48:44,Summit : TTR T150 measure only Primary Reader,TTR,NEW,20251116-140537,2025-11-16T14:05:37,
disc|marlin bp|cr0013525,DISC,MARLIN BP,CR0013525,Completed,Naruporn Srikullabut,2025-03-13T15:31:27,T282 eval code,TTR,NEW,20251116-140537,2025-11-16T14:05:37,
disc|marlin bp|cr0013529,DISC,MARLIN BP,CR0013529,Completed,Wipasinee Changkae,2025-03-14T08:44:16,MarlinBP Dynamic Soak Time,TTR,NEW,20251116-140537,2025-11-16T14:05:37,
disc|marlin|cr0013533,DISC,MARLIN,CR0013533,Completed,Petcharat Boonprasop,2025-03-14T11:49:31,CMR SkInc eval for TTR.,TTR,NEW,20251116-140537,2025-11-16T14:05:37,
disc|summit|cr0013535,DISC,SUMMIT,CR0013535,Completed,Punnathon Phatai,2025-03-16T11:40:50,SUMMIT: Implement Write Power Set Prediction (Change PCO),TTR,NEW,20251116-140537,2025-11-16T14:05:37,
disc|summit|cr0013536,DISC,SUMMIT,CR0013536,Completed,Gronggaew Boonjuang,2025-03-17T11:31:33,TTR: PCBA_SCRN_T102 Optimization,TTR,NEW,20251116-140537,2025-11-16T14:05:37,
disc|marlin bp|cr0013537,DISC,MARLIN BP,CR0013537,Completed,Jumpasri Nattawat,2025-03-17T11:52:39,MBP add auto sampling in PWT structure bode,TTR,NEW,20251116-140537,2025-11-16T14:05:37,
disc|summit|cr0013538,DISC,SUMMIT,CR0013538,Completed,Gronggaew Boonjuang,2025-03-17T19:04:20,Enable TTR PCO3.6.5C1 (All Items),TTR,NEW,20251116-140537,2025-11-16T14:05:37,
disc|summit|cr0013539,DISC,SUMMIT,CR0013539,Completed,Gronggaew Boonjuang,2025-03-17T20:23:01,POML SMR for Reli qual,TTR,NEW,20251116-140537,2025-11-16T14:05:37,
disc|summit|cr0013541,DISC,SUMMIT,CR0013541,Completed,Gronggaew Boonjuang,2025-03-17T21:59:41,TTR: MSMR dual reader test by condition (from single reader),TTR,NEW,20251116-140537,2025-11-16T14:05:37,
disc|longspeak bp sata|cr0013542,DISC,LONGSPEAK BP SATA,CR0013542,Completed,Naruporn Srikullabut,2025-03-18T09:54:03,Enable ZFS feature,TTR,NEW,20251116-140537,2025-11-16T14:05:37,
disc|summit|cr0013553,DISC,SUMMIT,CR0013553,Completed,Gronggaew Boonjuang,2025-03-20T16:07:22,DOE of T451 LC_DELAY_SDW step size 2->4 (SUMMIT-1545),TTR,NEW,20251116-140537,2025-11-16T14:05:37,
disc|summit|cr0013561,DISC,SUMMIT,CR0013561,Rejected at Development,pimchanok chomtaku,2025-03-21T17:24:33,Summit TTR SUMMIT-1708 Prevent Escape case,TTR,NEW,20251116-140537,2025-11-16T14:05:37,
disc|marlin|cr0013564,DISC,MARLIN,CR0013564,Completed,Worawit Kanjanapruthipong,2025-03-24T12:29:20,T282 TTR : C0 sensitivity scoring single-rate,TTR,NEW,20251116-140537,2025-11-16T14:05:37,
disc|summit|cr0013565,DISC,SUMMIT,CR0013565,Completed,Sitthichai Pomthong,2025-03-24T15:17:31,Summit: ATI write optimization in WP version2 version2,TTR,NEW,20251116-140537,2025-11-16T14:05:37,
disc|summit|cr0013570,DISC,SUMMIT,CR0013570,Completed,Worawit Kanjanapruthipong,2025-03-25T15:08:51,POML SMR model v.2,TTR,NEW,20251116-140537,2025-11-16T14:05:37,
disc|summit|cr0013573,DISC,SUMMIT,CR0013573,Completed,Gronggaew Boonjuang,2025-03-25T22:09:04,TTR: T451 increase step size from 2 to 4 for LC_DELAY_SDW ( register ID 2164) for test time saving for all T451,TTR,NEW,20251116-140537,2025-11-16T14:05:37,
disc|marlin|cr0013579,DISC,MARLIN,CR0013579,Completed,Petcharat Boonprasop,2025-03-26T18:24:25,ProZ P90 improvement : Improve TA skip track handling during find min OD track revision 2,TTR,NEW,20251116-140537,2025-11-16T14:05:37,
disc|marlin bp|cr0013587,DISC,MARLIN BP,CR0013587,Completed,Worawit Kanjanapruthipong,2025-03-28T17:16:16,T282 TTR : C0 sensitivity scoring single-rate,TTR,NEW,20251116-140537,2025-11-16T14:05:37,
disc|summit|cr0013591,DISC,SUMMIT,CR0013591,Completed,Gronggaew Boonjuang,2025-03-28T23:38:09,ProZ : P90/Test time reduction improvement,TTR,NEW,20251116-140537,2025-11-16T14:05:37,
disc|summit|cr0013592,DISC,SUMMIT,CR0013592,Completed,Gronggaew Boonjuang,2025-03-29T00:03:23, Enable T451 TTR optimized registers for T438 uJog for PK1,TTR,NEW,20251116-140537,2025-11-16T14:05:37,
disc|summit|cr0013593,DISC,SUMMIT,CR0013593,Completed,Worawit Kanjanapruthipong,2025-03-30T23:28:28,T282 TTR : C0 sensitivity scoring single-rate,TTR,NEW,20251116-140537,2025-11-16T14:05:37,
disc|summit|cr0013597,DISC,SUMMIT,CR0013597,Completed,Kriangkrai Kuskul,2025-03-31T11:34:44,Summit : T285 DRCM optimize iteration,TTR,NEW,20251116-140537,2025-11-16T14:05:37,
disc|marlin|cr0013599,DISC,MARLIN,CR0013599,Completed,Kriangkrai Kuskul,2025-04-01T10:24:17,Marlin : ProZ reduce overhead in TA skip track scan by Binary search,TTR,NEW,20251116-140537,2025-11-16T14:05:37,
disc|marlin|cr0013601,DISC,MARLIN,CR0013601,Completed,phitpasu pinpirom,2025-04-01T11:07:17,Marlin enable SCOPY sniff test 7.2.03,TTR,NEW,20251116-140537,2025-11-16T14:05:37,
disc|marlin bp|cr0013612,DISC,MARLIN BP,CR0013612,Completed,Naruporn Srikullabut,2025-04-02T15:27:16,SkInc eval for TTR,TTR,NEW,20251116-140537,2025-11-16T14:05:37,
disc|summit|cr0013619,DISC,SUMMIT,CR0013619,Completed,Sitthichai Pomthong,2025-04-04T17:16:04,Summit TTR: T33 reduce rev from 32 to 16 based on current APS spec,TTR,NEW,20251116-140537,2025-11-16T14:05:37,
disc|marlin|cr0013621,DISC,MARLIN,CR0013621,Completed,Kriangkrai Kuskul,2025-04-07T12:02:45,Marlin : T285 DRCM optimize iteration,TTR,NEW,20251116-140537,2025-11-16T14:05:37,
disc|summit|cr0013628,DISC,SUMMIT,CR0013628,Completed,Irin Siribannasit,2025-04-09T13:19:23,Reduce timeout of T33 at CRT2,TTR,NEW,20251116-140537,2025-11-16T14:05:37,
disc|marlin|cr0013631,DISC,MARLIN,CR0013631,Completed,Petcharat Boonprasop,2025-04-09T15:04:58,Add TP.zip for PCO7.1.11B_DPLC to support CSO TTR.,TTR,NEW,20251116-140537,2025-11-16T14:05:37,
disc|marlin|cr0013633,DISC,MARLIN,CR0013633,Completed,Petcharat Boonprasop,2025-04-10T12:23:40,HSMR SkInc eval for TTR.,TTR,NEW,20251116-140537,2025-11-16T14:05:37,
disc|summit|cr0013643,DISC,SUMMIT,CR0013643,Completed,Gronggaew Boonjuang,2025-04-18T17:58:16,Summit : XBAR + ProZ evaluation,TTR,NEW,20251116-140537,2025-11-16T14:05:37,
disc|marlin|cr0013649,DISC,MARLIN,CR0013649,Awaiting Approval,Kriangkrai Kuskul,2025-04-22T12:33:17,Marlin : T461 TTR,TTR,NEW,20251116-140537,2025-11-16T14:05:37,
disc|summit|cr0013651,DISC,SUMMIT,CR0013651,Completed,Sureeporn Sukchoosri,2025-04-22T18:04:19,T240 TEST ZONE by Condition #Phase2,TTR,NEW,20251116-140537,2025-11-16T14:05:37,
disc|summit|cr0013654,DISC,SUMMIT,CR0013654,Completed,Sitthichai Pomthong,2025-04-23T18:01:42,Summit TTR:Optimize T461 Flow,TTR,NEW,20251116-140537,2025-11-16T14:05:37,
disc|summit|cr0013663,DISC,SUMMIT,CR0013663,Completed,Manuschanok  Srikhrueadong,2025-04-25T15:28:50,Summit: POML integrate CL3153403 and control enable feature by config type,TTR,NEW,20251116-140537,2025-11-16T14:05:37,
disc|marlin|cr0013666,DISC,MARLIN,CR0013666,Completed,Petcharat Boonprasop,2025-04-25T17:22:37,ProZ : Fix EC11112 cause P90,TTR,NEW,20251116-140537,2025-11-16T14:05:37,
disc|summit|cr0013670,DISC,SUMMIT,CR0013670,Completed,Pantamit  Sombaddee,2025-04-28T10:29:35,Add condition T282 C0 sensitivity scoring,TTR,NEW,20251116-140537,2025-11-16T14:05:37,
disc|summit|cr0013671,DISC,SUMMIT,CR0013671,Completed,Punnathon Phatai,2025-04-28T10:45:39,SUMMIT: Write Power Set Handle Flow for Bad OVS,TTR,NEW,20251116-140537,2025-11-16T14:05:37,
disc|marlin|cr0013674,DISC,MARLIN,CR0013674,Completed,Worawit Kanjanapruthipong,2025-04-29T17:29:49,Bank Write (replace FULL_PACK_WRT @CAL2),TTR,NEW,20251116-140537,2025-11-16T14:05:37,
disc|longspeak bp sata|cr0013685,DISC,LONGSPEAK BP SATA,CR0013685,Completed,Naruporn Srikullabut,2025-05-04T22:12:11,Enable ZFS feature (duplicate CR0013542),TTR,NEW,20251116-140537,2025-11-16T14:05:37,
disc|marlin bp|cr0013705,DISC,MARLIN BP,CR0013705,Completed,Jumpasri Nattawat,2025-05-08T10:44:09,MBP CSO TTR,TTR,NEW,20251116-140537,2025-11-16T14:05:37,
disc|summit|cr0013716,DISC,SUMMIT,CR0013716,Completed,Suphaphit Saepu,2025-05-09T12:59:30,Summit : TTR T299 more state testing,TTR,NEW,20251116-140537,2025-11-16T14:05:37,
disc|summit|cr0013729,DISC,SUMMIT,CR0013729,Completed,Warachai Singjungreed,2025-05-15T10:31:17,Remove T240 Zn1 in write screen state.,TTR,NEW,20251116-140537,2025-11-16T14:05:37,
disc|summit|cr0013732,DISC,SUMMIT,CR0013732,Completed,Daranee Thitiprayoonwongse,2025-05-15T17:02:25,SUMMIT TTR PROZ 1 REV,TTR,NEW,20251116-140537,2025-11-16T14:05:37,
disc|summit|cr0013734,DISC,SUMMIT,CR0013734,Completed,Pantamit  Sombaddee,2025-05-16T12:25:28,TTR - 150x to 1 Read/Write Channel Speed up,TTR,NEW,20251116-140537,2025-11-16T14:05:37,
disc|summit|cr0013735,DISC,SUMMIT,CR0013735,Completed,Manuschanok  Srikhrueadong,2025-05-16T14:21:01,SUMMIT: TTR Disable States for weld before CERT,TTR,NEW,20251116-140537,2025-11-16T14:05:37,
disc|summit|cr0013755,DISC,SUMMIT,CR0013755,Completed,Gronggaew Boonjuang,2025-05-23T01:06:54,Skip Track Certify: Potential fix available for the Flash LED,TTR,NEW,20251116-140537,2025-11-16T14:05:37,
disc|marlin bp|cr0013770,DISC,MARLIN BP,CR0013770,Completed,Worawit Kanjanapruthipong,2025-05-28T14:46:17,T282 TTR : C0 sensitivity scoring single-rate plus condition,TTR,NEW,20251116-140537,2025-11-16T14:05:37,
disc|summit|cr0013773,DISC,SUMMIT,CR0013773,Completed,Gronggaew Boonjuang,2025-05-29T14:13:04,Summit PROZ w. PRE2 Weld requested changes,TTR,NEW,20251116-140537,2025-11-16T14:05:37,
disc|marlin|cr0013775,DISC,MARLIN,CR0013775,Rejected at Distribution,Petcharat Boonprasop,2025-05-29T15:06:39,"ProZ TTR op : Optimize TA skip track searching with binary search (LinearSearch, BinarySearch)",TTR,NEW,20251116-140537,2025-11-16T14:05:37,
disc|summit|cr0013777,DISC,SUMMIT,CR0013777,Completed,Phanom Nuangchomphoo,2025-05-29T16:14:42,Move OD PAD MQM to prior Format,TTR,NEW,20251116-140537,2025-11-16T14:05:37,
disc|marlin|cr0013781,DISC,MARLIN,CR0013781,Completed,Kriangkrai Kuskul,2025-05-30T10:52:11,Marlin : ProZ optimize servoflaw searching,TTR,NEW,20251116-140537,2025-11-16T14:05:37,
disc|marlin|cr0013782,DISC,MARLIN,CR0013782,Completed,Kriangkrai Kuskul,2025-05-30T10:58:31,Marlin : Disable vibe detection for overhead time removal,TTR,NEW,20251116-140537,2025-11-16T14:05:37,
disc|marlin bp|cr0013783,DISC,MARLIN BP,CR0013783,Completed,Naruporn Srikullabut,2025-05-30T11:14:13,Enable POML for reli lot,TTR,NEW,20251116-140537,2025-11-16T14:05:37,
disc|summit|cr0013790,DISC,SUMMIT,CR0013790,Rejected at Development,Gronggaew Boonjuang,2025-06-05T11:18:51,IR improvement (PCO3.6.2x based) - 0% effective,TTR,NEW,20251116-140537,2025-11-16T14:05:37,
disc|evans bp sata|cr0013791,DISC,EVANS BP SATA,CR0013791,Completed,Leepithakwatthana Pisan,2025-06-05T11:36:05,EvansBP: Optimize Write Triplet Sweep for TTR,TTR,NEW,20251116-140537,2025-11-16T14:05:37,
disc|summit|cr0013796,DISC,SUMMIT,CR0013796,Completed,Gronggaew Boonjuang,2025-06-06T00:30:50,TTR: ZAP Seek Path Optimization ( PROZ/OCZ ),TTR,NEW,20251116-140537,2025-11-16T14:05:37,
disc|marlin|cr0013805,DISC,MARLIN,CR0013805,Developing,Ampol Meetee,2025-06-10T14:34:05,Marlin: Final loop VBAR_ATI Prediction,TTR,NEW,20251116-140537,2025-11-16T14:05:37,
disc|summit|cr0013806,DISC,SUMMIT,CR0013806,Completed,Sitthichai Pomthong,2025-06-10T14:51:03,Summit: Fast UJOG on CMR and HSMR,TTR,NEW,20251116-140537,2025-11-16T14:05:37,
disc|summit|cr0013812,DISC,SUMMIT,CR0013812,Completed,Kriangkrai Kuskul,2025-06-11T15:33:32,ProZ SMR : Close reli failure evaluation,TTR,NEW,20251116-140537,2025-11-16T14:05:37,
disc|summit|cr0013817,DISC,SUMMIT,CR0013817,Rejected at Distribution,Kriangkrai Kuskul,2025-06-12T11:52:19,Summit : ProZ mimo end pad track code fix + disable ZAP spike compensation,TTR,NEW,20251116-140537,2025-11-16T14:05:37,
disc|summit|cr0013819,DISC,SUMMIT,CR0013819,Completed,Orathai Kajhonkam,2025-06-12T17:42:28,SUMMIT Engineering Eval for Summit LC TTR: PF3 for T282 C0 sensitivity scoring from multi-rate to single-rate by condition,TTR,NEW,20251116-140537,2025-11-16T14:05:37,
disc|marlin bp|cr0013828,DISC,MARLIN BP,CR0013828,Completed,Naruporn Srikullabut,2025-06-13T15:52:01,T282 TTR : C0 sensitivity scoring single-rate plus condition for Trident 3.2,TTR,NEW,20251116-140537,2025-11-16T14:05:37,
disc|marlin bp|cr0013835,DISC,MARLIN BP,CR0013835,Completed,Warat  Jintanamaneerat ,2025-06-16T17:23:06,MarlinBP TTR Recover CAL2 FULL_PACK_WRT PWL by head,TTR,NEW,20251116-140537,2025-11-16T14:05:37,
disc|dorado|cr0013843,DISC,DORADO,CR0013843,Completed,Kriangkrai Kuskul,2025-06-19T10:52:49,Dorado : Overhead reduction in LASER_TCC CAL,TTR,NEW,20251116-140537,2025-11-16T14:05:37,
disc|summit|cr0013846,DISC,SUMMIT,CR0013846,Completed,Worawit Kanjanapruthipong,2025-06-19T16:17:13,T282 TTR : Bode Convergence Check,TTR,NEW,20251116-140537,2025-11-16T14:05:37,
disc|summit|cr0013855,DISC,SUMMIT,CR0013855,Completed,Jakaphun Karoonkittisarn,2025-06-23T18:07:33,Format cerify improvement,TTR,NEW,20251116-140537,2025-11-16T14:05:37,
disc|summit|cr0013887,DISC,SUMMIT,CR0013887,Completed,Gronggaew Boonjuang,2025-06-30T14:06:08,SMR Certify by Conditional with PROZ and STFL,TTR,NEW,20251116-140537,2025-11-16T14:05:37,
disc|summit|cr0013894,DISC,SUMMIT,CR0013894,Completed,Gronggaew Boonjuang,2025-07-02T21:08:41,HSMR FMT Certify Condition,TTR,NEW,20251116-140537,2025-11-16T14:05:37,
disc|summit|cr0013900,DISC,SUMMIT,CR0013900,Completed,Manuschanok  Srikhrueadong,2025-07-07T09:57:17,Summit: PCO3.5.0JH40A + pull in CLs (Eng eval),TTR,NEW,20251116-140537,2025-11-16T14:05:37,
disc|summit|cr0013901,DISC,SUMMIT,CR0013901,Rejected at Distribution,Gronggaew Boonjuang,2025-07-07T10:39:19,Improvement on HSMR,TTR,NEW,20251116-140537,2025-11-16T14:05:37,
disc|summit|cr0013905,DISC,SUMMIT,CR0013905,Awaiting Acceptation,Irin Siribannasit,2025-07-07T23:14:02,Summit: Reduce timeout of T33 at CRT2,TTR,NEW,20251116-140537,2025-11-16T14:05:37,
disc|marlin|cr0013906,DISC,MARLIN,CR0013906,Completed,Sarunya Nathonghor,2025-07-08T11:43:15,Reduce overhead from IOP Read,TTR,NEW,20251116-140537,2025-11-16T14:05:37,
disc|marlin|cr0013908,DISC,MARLIN,CR0013908,Completed,Kriangkrai Kuskul,2025-07-08T16:22:14,T197 : data type optimization,TTR,NEW,20251116-140537,2025-11-16T14:05:37,
disc|summit|cr0013922,DISC,SUMMIT,CR0013922,Completed,Gronggaew Boonjuang,2025-07-11T23:50:34,Summit: PCO Release for RGA (DA004) - PCO3.5.0JH3_FMT,TTR,NEW,20251116-140537,2025-11-16T14:05:37,
disc|marlin|cr0013960,DISC,MARLIN,CR0013960,Developing,Ampol Meetee,2025-07-24T09:47:05,TTR: VBAR_LASER prediction at PRE2,TTR,NEW,20251116-140537,2025-11-16T14:05:37,
disc|summit|cr0013965,DISC,SUMMIT,CR0013965,Completed,Kriangkrai Kuskul,2025-07-25T10:40:11,Summit : HSMR Proz qaul with latest fix,TTR,NEW,20251116-140537,2025-11-16T14:05:37,
disc|summit|cr0013970,DISC,SUMMIT,CR0013970,Completed,Gronggaew Boonjuang,2025-07-25T14:56:20,TTR: ZAP Seek Path Optimization ( PROZ/OCZ ),TTR,NEW,20251116-140537,2025-11-16T14:05:37,
disc|summit|cr0013973,DISC,SUMMIT,CR0013973,Completed,Sitthichai Pomthong,2025-07-29T16:37:00,Summit: TTR Reduce num write of zone 0 at VBAR_ATI,TTR,NEW,20251116-140537,2025-11-16T14:05:37,
disc|summit|cr0013974,DISC,SUMMIT,CR0013974,Completed,Gronggaew Boonjuang,2025-07-29T16:49:30,TTR malloc on Goby,TTR,NEW,20251116-140537,2025-11-16T14:05:37,
disc|dorado|cr0013981,DISC,DORADO,CR0013981,Completed,Ronnakorn Yimgratok,2025-07-31T09:57:43,T87 In LaserPowerOpti() while updating clearance.,TTR,NEW,20251116-140537,2025-11-16T14:05:37,
disc|summit|cr0013982,DISC,SUMMIT,CR0013982,Developing,Jakaphun Karoonkittisarn,2025-07-31T15:12:17,BeatUp V40 support skip track ceritify,TTR,NEW,20251116-140537,2025-11-16T14:05:37,
disc|summit|cr0013992,DISC,SUMMIT,CR0013992,Completed,Irin Siribannasit,2025-08-03T23:45:05,Summit: Vibe/Calm blocking test removal (PCO 3.7.4A),TTR,NEW,20251116-140537,2025-11-16T14:05:37,
disc|summit|cr0013994,DISC,SUMMIT,CR0013994,Completed,Gronggaew Boonjuang,2025-08-04T12:49:38,Enable PROZ for CMR ZAP only,TTR,NEW,20251116-140537,2025-11-16T14:05:37,
disc|summit|cr0013996,DISC,SUMMIT,CR0013996,Completed,Gronggaew Boonjuang,2025-08-05T13:58:39,Summit: PCO Release for RGA (DA008) - PCO3.5.0JH4_FMT,TTR,NEW,20251116-140537,2025-11-16T14:05:37,
disc|marlin|cr0013998,DISC,MARLIN,CR0013998,Rejected at Distribution,Pitiwat  Rahothan,2025-08-06T14:14:21,Marlin Request to remove Full Pack Write State,TTR,NEW,20251116-140537,2025-11-16T14:05:37,
disc|summit|cr0014000,DISC,SUMMIT,CR0014000,Developing,Jakaphun Karoonkittisarn,2025-08-06T15:34:20,SPFS remove even track write,TTR,NEW,20251116-140537,2025-11-16T14:05:37,
disc|summit|cr0014025,DISC,SUMMIT,CR0014025,Developing,Sirivan  Changkudwian,2025-08-13T15:44:53,SPFS remove even track write - efesto,TTR,NEW,20251116-140537,2025-11-16T14:05:37,
disc|summit|cr0014035,DISC,SUMMIT,CR0014035,Completed,Worawit Kanjanapruthipong,2025-08-15T15:30:27,T33 Seek Delay Improvement,TTR,NEW,20251116-140537,2025-11-16T14:05:37,
disc|summit|cr0014037,DISC,SUMMIT,CR0014037,Completed,Ampol Meetee,2025-08-15T17:51:01,TTR: Update material control for VBAR_ATI prediction,TTR,NEW,20251116-140537,2025-11-16T14:05:37,
disc|marlin|cr0014040,DISC,MARLIN,CR0014040,Awaiting Acceptation,Kriangkrai Kuskul,2025-08-18T15:17:57,Marlin : VBAR_WP stop write ,TTR,NEW,20251116-140537,2025-11-16T14:05:37,
disc|summit|cr0014044,DISC,SUMMIT,CR0014044,Developing,Oosana Onjan,2025-08-19T11:27:39,Summit Remove T281 and T135 in RSEED_ERASE_M1 state ,TTR,NEW,20251116-140537,2025-11-16T14:05:37,
disc|summit|cr0014046,DISC,SUMMIT,CR0014046,Developing,Oosana Onjan,2025-08-19T12:21:36,Summit SCOPY IR change slot for failure Step 4,TTR,NEW,20251116-140537,2025-11-16T14:05:37,
disc|summit|cr0014047,DISC,SUMMIT,CR0014047,Developing,Oosana Onjan,2025-08-19T12:56:30,Summit Optimize Full Erase M2 to be erase only failing head,TTR,NEW,20251116-140537,2025-11-16T14:05:37,
disc|summit|cr0014065,DISC,SUMMIT,CR0014065,Completed,Rawinnipa Sutantiwanichkul,2025-08-22T09:35:10,SUMMIT merge SUMMIT-2298,TTR,NEW,20251116-140537,2025-11-16T14:05:37,
disc|summit|cr0014070,DISC,SUMMIT,CR0014070,Completed,Warachai Singjungreed,2025-08-22T16:57:21,Fail Safe for all PCBA SCREEN,TTR,NEW,20251116-140537,2025-11-16T14:05:37,
disc|summit|cr0014073,DISC,SUMMIT,CR0014073,Completed,Oosana Onjan,2025-08-25T10:36:15,Summit Optimize Timeout spec T276 T281,TTR,NEW,20251116-140537,2025-11-16T14:05:37,
disc|summit|cr0014076,DISC,SUMMIT,CR0014076,Completed,Daranee Thitiprayoonwongse,2025-08-25T14:38:05,Summit: PCO Release (DA011) - PCO3.7.3A_EFL2B3,TTR,NEW,20251116-140537,2025-11-16T14:05:37,
disc|summit|cr0014096,DISC,SUMMIT,CR0014096,Completed,Daranee Thitiprayoonwongse,2025-08-30T00:19:34,Summit: PCO Release (DA013) - PCO3.7.3D1-A_1REV,TTR,NEW,20251116-140537,2025-11-16T14:05:37,
disc|marlin bp|cr0014104,DISC,MARLIN BP,CR0014104,Rejected at Distribution,Naruporn Srikullabut,2025-09-02T11:18:17,Special flow for SF3 overclock,TTR,NEW,20251116-140537,2025-11-16T14:05:37,
disc|marlin bp|cr0014115,DISC,MARLIN BP,CR0014115,Rejected at Development,Naruporn Srikullabut,2025-09-05T10:39:11,Special flow for SF3 overclock V2,TTR,NEW,20251116-140537,2025-11-16T14:05:37,
disc|marlin|cr0014127,DISC,MARLIN,CR0014127,Awaiting Acceptation,Irin Siribannasit,2025-09-10T11:47:20,Marlin: Adjust timeout of T451 at  DERIVED_OPTI_1 and DERIVED_OPTI_2 state,TTR,NEW,20251116-140537,2025-11-16T14:05:37,
disc|summit|cr0014144,DISC,SUMMIT,CR0014144,Completed,Gronggaew Boonjuang,2025-09-12T10:01:38,SMR Master Format Removal,TTR,NEW,20251116-140537,2025-11-16T14:05:37,
disc|summit|cr0014152,DISC,SUMMIT,CR0014152,Completed,Naruemon Wannawong,2025-09-15T18:06:05,Back out TTR in VBAR_METRICS,TTR,NEW,20251116-140537,2025-11-16T14:05:37,
disc|marlin|cr0014153,DISC,MARLIN,CR0014153,Developing,Sarunya Nathonghor,2025-09-15T18:23:39,Marlin - Disable power cycle during SPFS LFA,TTR,NEW,20251116-140537,2025-11-16T14:05:37,
disc|dorado|cr0014155,DISC,DORADO,CR0014155,Developing,Kriangkrai Kuskul,2025-09-16T11:38:59,Dorado : LASER_INIT optimization,TTR,NEW,20251116-140537,2025-11-16T14:05:37,
disc|summit|cr0014160,DISC,SUMMIT,CR0014160,Awaiting Acceptation,Warachai Singjungreed,2025-09-17T12:48:52,T150 PWT by Exception,TTR,NEW,20251116-140537,2025-11-16T14:05:37,
disc|summit|cr0014161,DISC,SUMMIT,CR0014161,Awaiting Acceptation,Warachai Singjungreed,2025-09-17T12:54:28,T461 Test Zone Aligment,TTR,NEW,20251116-140537,2025-11-16T14:05:37,
disc|marlin|cr0014175,DISC,MARLIN,CR0014175,Completed,Petcharat Boonprasop,2025-09-19T14:38:26,SMR enable STFL and force PWL simluation on T2108.,TTR,NEW,20251116-140537,2025-11-16T14:05:37,
disc|dorado|cr0014176,DISC,DORADO,CR0014176,Developing,Naruporn Srikullabut,2025-09-19T15:50:09,Change Rev for T230 from 3 to 1,TTR,NEW,20251116-140537,2025-11-16T14:05:37,
disc|summit|cr0014179,DISC,SUMMIT,CR0014179,Completed,Daranee Thitiprayoonwongse,2025-09-22T12:38:12,Summit: Disable TTR for 1-REV evaluation,TTR,NEW,20251116-140537,2025-11-16T14:05:37,
disc|marlin bp|cr0014184,DISC,MARLIN BP,CR0014184,Developing,Irin Siribannasit,2025-09-23T11:02:57,MarlinBP: Remove power cycle at T222,TTR,NEW,20251116-140537,2025-11-16T14:05:37,
disc|dorado|cr0014205,DISC,DORADO,CR0014205,Awaiting Implementation,Kriangkrai Kuskul,2025-09-26T11:16:12,Dorado : IOP_BY_WEDGE process optimization,TTR,NEW,20251116-140537,2025-11-16T14:05:37,
disc|dorado|cr0014206,DISC,DORADO,CR0014206,Developing,Kriangkrai Kuskul,2025-09-26T12:12:14,Dorado : Remove power cycle at T222,TTR,NEW,20251116-140537,2025-11-16T14:05:37,
disc|summit|cr0014217,DISC,SUMMIT,CR0014217,Completed,Gronggaew Boonjuang,2025-10-01T09:34:34,VBAR_METRICS TTR Improvement Actions,TTR,NEW,20251116-140537,2025-11-16T14:05:37,
disc|summit|cr0014221,DISC,SUMMIT,CR0014221,Completed,Manuschanok  Srikhrueadong,2025-10-01T20:56:58,Summit:Reduce num write of zone 0 at VBAR_ATI (DOE),TTR,NEW,20251116-140537,2025-11-16T14:05:37,
disc|summit|cr0014225,DISC,SUMMIT,CR0014225,Developing,Warachai Singjungreed,2025-10-03T11:10:26,T240 EAW Early-Stop Write Optimization,TTR,NEW,20251116-140537,2025-11-16T14:05:37,
disc|marlin bp|cr0014228,DISC,MARLIN BP,CR0014228,Completed,Naruporn Srikullabut,2025-10-03T14:19:19,Overclock code,TTR,NEW,20251116-140537,2025-11-16T14:05:37,
disc|marlin bp|cr0014234,DISC,MARLIN BP,CR0014234,Awaiting Acceptation,Kriangkrai Kuskul,2025-10-07T11:17:45,MarlinBP : T55 with independent ZAP track,TTR,NEW,20251116-140537,2025-11-16T14:05:37,
disc|dorado|cr0014236,DISC,DORADO,CR0014236,Awaiting Implementation,Kriangkrai Kuskul,2025-10-07T15:51:48,Dorado : T55 with independent ZAP track,TTR,NEW,20251116-140537,2025-11-16T14:05:37,
disc|summit|cr0014237,DISC,SUMMIT,CR0014237,Completed,Leepithakwatthana Pisan,2025-10-08T12:24:29,Summit: Format Certify Improvement in eFESTO PCO,TTR,NEW,20251116-140537,2025-11-16T14:05:37,
disc|marlin|cr0014242,DISC,MARLIN,CR0014242,Awaiting Approval,Worawit Kanjanapruthipong,2025-10-10T05:20:56,POML SMR,TTR,NEW,20251116-140537,2025-11-16T14:05:37,
disc|summit|cr0014255,DISC,SUMMIT,CR0014255,Awaiting Implementation,Worawit Kanjanapruthipong,2025-10-15T11:41:03,T282 Integrated Milli/Micro Structure Bode Measurement with One-Shot,TTR,NEW,20251116-140537,2025-11-16T14:05:37,
disc|summit|cr0014264,DISC,SUMMIT,CR0014264,Completed,Gronggaew Boonjuang,2025-10-16T16:27:30,TTR for PCBA_SCN in PRE2 (DRAM test),TTR,NEW,20251116-140537,2025-11-16T14:05:37,
disc|summit|cr0014267,DISC,SUMMIT,CR0014267,Awaiting Acceptation,Warachai Singjungreed,2025-10-16T17:52:35,Summit CERT BER Removal,TTR,NEW,20251116-140537,2025-11-16T14:05:37,
disc|summit|cr0014268,DISC,SUMMIT,CR0014268,Awaiting Acceptation,Warachai Singjungreed,2025-10-17T16:20:36,LUL Defect Scan TTR,TTR,NEW,20251116-140537,2025-11-16T14:05:37,
disc|summit|cr0014269,DISC,SUMMIT,CR0014269,Developing,Worawit Kanjanapruthipong,2025-10-17T17:36:56,WP Opti bypass channel training and offset searches,TTR,NEW,20251116-140537,2025-11-16T14:05:37,
disc|summit|cr0014270,DISC,SUMMIT,CR0014270,Completed,Gronggaew Boonjuang,2025-10-20T14:41:16,TTR: Remove 1>N28 from DNLD_CODE_TCG_SPT,TTR,NEW,20251116-140537,2025-11-16T14:05:37,
disc|dorado|cr0014286,DISC,DORADO,CR0014286,Developing,Ronnakorn Yimgratok,2025-10-23T17:22:24,Dorado TTR : T55 Zero Latency Write,TTR,NEW,20251116-140537,2025-11-16T14:05:37,
disc|marlin bp|cr0014298,DISC,MARLIN BP,CR0014298,Awaiting Approval,Worawit Kanjanapruthipong,2025-10-28T16:45:50,POML SMR,TTR,NEW,20251116-140537,2025-11-16T14:05:37,
disc|summit|cr0014299,DISC,SUMMIT,CR0014299,Developing,Manuschanok  Srikhrueadong,2025-10-28T20:05:56,Summit: Reduce num write of zone 0 at VBAR_ATI (TTR),TTR,NEW,20251116-140537,2025-11-16T14:05:37,
disc|marlin|cr0014317,DISC,MARLIN,CR0014317,Awaiting Acceptation,Worawit Kanjanapruthipong,2025-11-03T17:15:18,TTR : Fix the BPI/TPI formats from PC file for pure SMR,TTR,NEW,20251116-140537,2025-11-16T14:05:37,
disc|summit|cr0014319,DISC,SUMMIT,CR0014319,Awaiting Acceptation,Ratchaphon Phonyiam,2025-11-03T19:05:57,Summit TTR T94-threshold fixed,TTR,NEW,20251116-140537,2025-11-16T14:05:37,
disc|summit|cr0014320,DISC,SUMMIT,CR0014320,Awaiting Acceptation,Ratchaphon Phonyiam,2025-11-03T19:21:40,Summit TTR T109 LUL Skip-track,TTR,NEW,20251116-140537,2025-11-16T14:05:37,
disc|summit|cr0014322,DISC,SUMMIT,CR0014322,Awaiting Acceptation,Amared Saichomphoo,2025-11-04T10:26:54,SUMMIT TTR AFH reducing zone order,TTR,NEW,20251116-140537,2025-11-16T14:05:37,
disc|summit|cr0014323,DISC,SUMMIT,CR0014323,Awaiting Acceptation,Amared Saichomphoo,2025-11-04T10:33:27,SUMMIT TTR AFH Increase start DAC,TTR,NEW,20251116-140537,2025-11-16T14:05:37,
disc|summit|cr0014326,DISC,SUMMIT,CR0014326,Awaiting Development,Punnathon Phatai,2025-11-04T17:59:06,SUMMIT: Write Power Set New Model,TTR,NEW,20251116-140537,2025-11-16T14:05:37,
disc|summit|cr0014332,DISC,SUMMIT,CR0014332,Awaiting Acceptation,Chonnakarn Jerddeesakul,2025-11-05T18:08:08,Remove WRITE_POWER_TCC State - FNC2,TTR,NEW,20251116-140537,2025-11-16T14:05:37,
disc|summit|cr0014334,DISC,SUMMIT,CR0014334,Awaiting Acceptation,Thiansue  Yanthawin,2025-11-06T08:57:43,REMOVE ZN 2 4 P461_BIE_MEAN_BY_TRACK -- WRITE ABILITY SOLO,TTR,NEW,20251116-140537,2025-11-16T14:05:37,
disc|summit|cr0014337,DISC,SUMMIT,CR0014337,Awaiting Acceptation,Nontawat Nakul,2025-11-06T17:20:45,Summit TTR : P285 RampDetect,TTR,NEW,20251116-140537,2025-11-16T14:05:37,
disc|summit|cr0014338,DISC,SUMMIT,CR0014338,Awaiting Acceptation,Nontawat Nakul,2025-11-06T17:26:00,Summit TTR : P25 PRE_LUL_TEST,TTR,NEW,20251116-140537,2025-11-16T14:05:37,
disc|summit|cr0014339,DISC,SUMMIT,CR0014339,Awaiting Acceptation,Nontawat Nakul,2025-11-06T17:33:53,Summit TTR : Remove Bode State,TTR,NEW,20251116-140537,2025-11-16T14:05:37,
disc|summit|cr0014340,DISC,SUMMIT,CR0014340,Awaiting Acceptation,Nontawat Nakul,2025-11-06T17:46:01,Summit TTR : P335 Adjustment,TTR,NEW,20251116-140537,2025-11-16T14:05:37,
disc|summit|cr0014341,DISC,SUMMIT,CR0014341,Awaiting Acceptation,Nontawat Nakul,2025-11-06T17:54:01,Summit TTR : P033 FNC2,TTR,NEW,20251116-140537,2025-11-16T14:05:37,
disc|summit|cr0014342,DISC,SUMMIT,CR0014342,Awaiting Acceptation,Nontawat Nakul,2025-11-06T18:03:12,Summit TTR : P30 Reduce seek count,TTR,NEW,20251116-140537,2025-11-16T14:05:37,
disc|dorado|cr0014345,DISC,DORADO,CR0014345,Developing,Warat  Jintanamaneerat ,2025-11-07T11:06:43,Dorado : fixed PWL recovery restart full PWT,TTR,NEW,20251116-140537,2025-11-16T14:05:37,
disc|summit|cr0014351,DISC,SUMMIT,CR0014351,Awaiting Acceptation,Nontawat Nakul,2025-11-07T18:16:26,Summit TTR : Add new state for monitor,TTR,NEW,20251116-140537,2025-11-16T14:05:37,
excel_import|marlin bp|mbp-1404,excel_import,MARLIN BP,MBP-1404,,,2025-11-16T00:00:00,FNC2 RRO_SCRN_x removal (pull in),TTR,NEW,20251116-140537,2025-11-16T14:05:37,
excel_import|marlin bp|mbp-1445,excel_import,MARLIN BP,MBP-1445,,,2025-11-16T00:00:00,TTR: Remove PRE2 prm_282_hiResVCMBodeTemp (pull in),TTR,NEW,20251116-140537,2025-11-16T14:05:37,
excel_import|marlin bp|mbp-1481,excel_import,MARLIN BP,MBP-1481,,,2025-11-16T00:00:00,T102 PCBA_SCRN TTR (pull in),TTR,NEW,20251116-140537,2025-11-16T14:05:37,
excel_import|marlin bp|mbp-1609,excel_import,MARLIN BP,MBP-1609,,,2025-11-16T00:00:00,Remove PWT SF3 portion for weld before Cert (pull in),TTR,NEW,20251116-140537,2025-11-16T14:05:37,
excel_import|marlin bp|mbp-1641,excel_import,MARLIN BP,MBP-1641,,,2025-11-16T00:00:00,TTR: CERT portion Powercycle,TTR,NEW,20251116-140537,2025-11-16T14:05:37,
excel_import|marlin bp|mbp-1706,excel_import,MARLIN BP,MBP-1706,,,2025-11-16T00:00:00,"TTR: T282 reduce ""idle time""",TTR,NEW,20251116-140537,2025-11-16T14:05:37,
excel_import|marlin bp|mbp-1707,excel_import,MARLIN BP,MBP-1707,,,2025-11-16T00:00:00,TTR: Further Test Time Reduction In T282 - Bode Convergence Check,TTR,NEW,20251116-140537,2025-11-16T14:05:37,
excel_import|marlin bp|mbp-1708,excel_import,MARLIN BP,MBP-1708,,,2025-11-16T00:00:00,TTR - Reducing the SkDly in t135 from 20ms to 0ms,TTR,NEW,20251116-140537,2025-11-16T14:05:37,
excel_import|marlin bp|mbp-1352,excel_import,MARLIN BP,MBP-1352,,DC / Korat PE,2025-11-16T00:00:00,Enable STFL on SMR,TTR,NEW,20251116-140537,2025-11-16T14:05:37,
excel_import|marlin bp|mbp-1383,excel_import,MARLIN BP,MBP-1383,,DC,2025-11-16T00:00:00,Fast uJog in T299,TTR,NEW,20251116-140537,2025-11-16T14:05:37,
excel_import|marlin bp|mbp-972,excel_import,MARLIN BP,MBP-972,,DC,2025-11-16T00:00:00,PROZ   (note: PROZ chg is in PCO 5.0.4),TTR,NEW,20251116-140537,2025-11-16T14:05:37,
excel_import|marlin bp|mbp-1444,excel_import,MARLIN BP,MBP-1444,,,2025-11-16T00:00:00,T282 C0 sensitivity opti,TTR,NEW,20251116-140537,2025-11-16T14:05:37,
excel_import|marlin bp|mbp-1525,excel_import,MARLIN BP,MBP-1525,,,2025-11-16T00:00:00,Erasure Testing - Fast Write Modes (T298/T299),TTR,NEW,20251116-140537,2025-11-16T14:05:37,
excel_import|marlin bp|mbp-1718,excel_import,MARLIN BP,MBP-1718,,,2025-11-16T00:00:00,TTR: To close TT gap (vs Marlin) - BER measurement,TTR,NEW,20251116-140537,2025-11-16T14:05:37,
excel_import|marlin bp|mbp-1739,excel_import,MARLIN BP,MBP-1739,,,2025-11-16T00:00:00,T282 sensitivity projection optimization - data & test time reduction,TTR,NEW,20251116-140537,2025-11-16T14:05:37,
excel_import|marlin bp|mbp-1671,excel_import,MARLIN BP,MBP-1671,,,2025-11-16T00:00:00,TTR - Radical malloc eval,TTR,NEW,20251116-140537,2025-11-16T14:05:37,
excel_import|marlin bp|mbp-1846,excel_import,MARLIN BP,MBP-1846,,Korat FW,2025-11-16T00:00:00,LASER_INIT test process optimization,TTR,NEW,20251116-140537,2025-11-16T14:05:37,
excel_import|marlin bp|mbp-1625,excel_import,MARLIN BP,MBP-1625,,,2025-11-16T00:00:00,ZAP Seek Path Optimization,TTR,NEW,20251116-140537,2025-11-16T14:05:37,
excel_import|marlin bp|mbp-1602,excel_import,MARLIN BP,MBP-1602,,,2025-11-16T00:00:00,SPFS T2108 Read TTR by increasing CertTrkStep (SkInc) to 75 from default 30 (CMR only),TTR,NEW,20251116-140537,2025-11-16T14:05:37,
excel_import|marlin bp|mbp-1704,excel_import,MARLIN BP,MBP-1704,,,2025-11-16T00:00:00,Reduce redundant zones test of VBAR_ATI,TTR,NEW,20251116-140537,2025-11-16T14:05:37,
excel_import|marlin bp|mbp-1852,excel_import,MARLIN BP,MBP-1852,,,2025-11-16T00:00:00,Removal of Offset Search & Channel Training Reads,TTR,NEW,20251116-140537,2025-11-16T14:05:37,
excel_import|marlin bp|mbp-1916,excel_import,MARLIN BP,MBP-1916,,DC,2025-11-16T00:00:00,WP Optimization,TTR,NEW,20251116-140537,2025-11-16T14:05:37,
excel_import|marlin bp|mbp-1926,excel_import,MARLIN BP,MBP-1926,,,2025-11-16T00:00:00,Optimize get ta rec for TA access and audit lookup,TTR,NEW,20251116-140537,2025-11-16T14:05:37,
excel_import|marlin bp|mbp-1774,excel_import,MARLIN BP,MBP-1774,,,2025-11-16T00:00:00,Add DRAM screen while soaking test,TTR,NEW,20251116-140537,2025-11-16T14:05:37,
excel_import|marlin bp|mbp-1792,excel_import,MARLIN BP,MBP-1792,,Servo DC,2025-11-16T00:00:00,MarlinBP remove state (est. 43 hrs) ??,TTR,NEW,20251116-140537,2025-11-16T14:05:37,
excel_import|marlin bp|mbp-1856,excel_import,MARLIN BP,MBP-1856,,,2025-11-16T00:00:00,T451 Derived Opti: Update Anchor zone behavior and set anchor zone mask,TTR,NEW,20251116-140537,2025-11-16T14:05:37,
excel_import|marlin bp|mbp-1815,excel_import,MARLIN BP,MBP-1815,,,2025-11-16T00:00:00,FPW & SPFS Power Cycle Removal around LFA,TTR,NEW,20251116-140537,2025-11-16T14:05:37,
"excel_import|marlin bp|mbp-1884, mbp-1887",excel_import,MARLIN BP,"MBP-1884, MBP-1887",,Korat FW/DC TP/ARS,2025-11-16T00:00:00,FPW removal,TTR,NEW,20251116-140537,2025-11-16T14:05:37,
excel_import|marlin bp|mbp-1731,excel_import,MARLIN BP,MBP-1731,,,2025-11-16T00:00:00,Scopy TA Scan Feed Forward,TTR,NEW,20251116-140537,2025-11-16T14:05:37,
excel_import|marlin bp|mbp-1705,excel_import,MARLIN BP,MBP-1705,,DC,2025-11-16T00:00:00,"Project to remove UACT1 ""milli"" actuator",TTR,NEW,20251116-140537,2025-11-16T14:05:37,
excel_import|marlin bp|mbp-,excel_import,MARLIN BP,MBP-,,,2025-11-16T00:00:00,Skip track certify CMR (can we pull in 1 qtr)/ (MarlinCT-1980),TTR,NEW,20251116-140537,2025-11-16T14:05:37,
excel_import|marlin bp|mbp-1730,excel_import,MARLIN BP,MBP-1730,,,2025-11-16T00:00:00,SMR Format removal (SMR only),TTR,NEW,20251116-140537,2025-11-16T14:05:37,
excel_import|marlin bp|mbp-1909,excel_import,MARLIN BP,MBP-1909,,Korat FW/ARS DC,2025-11-16T00:00:00,T55 with independent ZAP track (can we pull in?,TTR,NEW,20251116-140537,2025-11-16T14:05:37,
excel_import|marlin bp|mbp-1931,excel_import,MARLIN BP,MBP-1931,,,2025-11-16T00:00:00,10k RPM eval at SPIN OPER (Soak Time reduction eval),TTR,NEW,20251116-140537,2025-11-16T14:05:37,
excel_import|marlin bp|mbp-1488,excel_import,MARLIN BP,MBP-1488,,,2025-11-16T00:00:00,T451 Random Pattern Generation 5% TTR (when?),TTR,NEW,20251116-140537,2025-11-16T14:05:37,
"excel_import|marlin bp|mbp-1501, 1759, 1760",excel_import,MARLIN BP,"MBP-1501, 1759, 1760",,,2025-11-16T00:00:00,3rev to 2rev ZAP 30TBLV Meta (30 hrs but won't intersect in time for Meta),TTR,NEW,20251116-140537,2025-11-16T14:05:37,
excel_import|marlin bp|mbp-1405,excel_import,MARLIN BP,MBP-1405,,,2025-11-16T00:00:00,FNC2 T150 Linearization monitor (1.2) (1hr?),TTR,NEW,20251116-140537,2025-11-16T14:05:37,
excel_import|marlin bp|mbp-1013,excel_import,MARLIN BP,MBP-1013,,PCO 4.2.1,2025-11-16T00:00:00,NDS in parallel with soak (anneal) (9H heads only),TTR,NEW,20251116-140537,2025-11-16T14:05:37,
excel_import|marlin bp|mbp-1403,excel_import,MARLIN BP,MBP-1403,,,2025-11-16T00:00:00,PRE2 GMR_RES_2x monitor (0.2),TTR,NEW,20251116-140537,2025-11-16T14:05:37,
excel_import|marlin bp|mbp-1236,excel_import,MARLIN BP,MBP-1236,,DC,2025-11-16T00:00:00,T461 AC Erase Support,TTR,NEW,20251116-140537,2025-11-16T14:05:37,
excel_import|marlin bp|mbp-1307,excel_import,MARLIN BP,MBP-1307,1.5,Korat FW / PE,2025-11-16T00:00:00,Reduce drive off time,TTR,NEW,20251116-140537,2025-11-16T14:05:37,
excel_import|marlin bp|mbp-1199,excel_import,MARLIN BP,MBP-1199,2,Korat FW,2025-11-16T00:00:00,Update BPI/TPI FMT via PC file,TTR,NEW,20251116-140537,2025-11-16T14:05:37,
excel_import|marlin bp|mbp-1353,excel_import,MARLIN BP,MBP-1353,,DC,2025-11-16T00:00:00,Write Process Restructuring: Fix to VBAR Laser Setup,TTR,NEW,20251116-140537,2025-11-16T14:05:37,
excel_import|marlin bp|https://jira.seagate.com/jira/browse/marlinct-1799,excel_import,MARLIN BP,https://jira.seagate.com/jira/browse/MARLINCT-1799,1,,2025-11-16T00:00:00,Reduce t461 to odd/even zones and reduce the number of reads per write,TTR,NEW,20251116-140537,2025-11-16T14:05:37,
excel_import|marlin bp|https://jira.seagate.com/jira/browse/marlinct-1800,excel_import,MARLIN BP,https://jira.seagate.com/jira/browse/MARLINCT-1800,2.5,,2025-11-16T00:00:00,TTR: Reduce T33 zone test,TTR,NEW,20251116-140537,2025-11-16T14:05:37,
excel_import|marlin bp|https://jira.seagate.com/jira/browse/marlinct-1807,excel_import,MARLIN BP,https://jira.seagate.com/jira/browse/MARLINCT-1807,3,,2025-11-16T00:00:00,"TTR: Write/Read Xfer Test Zn reduce (0,2,104)",TTR,NEW,20251116-140537,2025-11-16T14:05:37,
excel_import|marlin|marlinct-1803,excel_import,MARLIN,MARLINCT-1803,"PCO7.1.11F, Implemented",DC HW,2025-11-16T00:00:00,"          2) DPCO logic flow update under state parameter applyMaxDpcoWriteClr. - [L] [CAL, CAL2]",TTR,NEW,20251116-140537,2025-11-16T14:05:37,
excel_import|marlin|marlinct-1800,excel_import,MARLIN,MARLINCT-1800,"PCO7.1.11K, Implemented",DC HW,2025-11-16T00:00:00,          1) Revisit T33 call - reduce qty & Sampling revs - [L] [PRE2-FNC2],TTR,NEW,20251116-140537,2025-11-16T14:05:37,
excel_import|marlin|marlinct-1798,excel_import,MARLIN,MARLINCT-1798,"PCO7.1.11K, Implemented",DC HW,2025-11-16T00:00:00,"          2)TTR: PCBA_SCRN_T102 Optimization - [L] [PRE2, CRT2, PWT]",TTR,NEW,20251116-140537,2025-11-16T14:05:37,
excel_import|marlin|marlinct-1742,excel_import,MARLIN,MARLINCT-1742,"PCO7.1.11K, Implemented",Ops Eng,2025-11-16T00:00:00,          3) Update BPI/TPI FMT viz PC file on HSMR - [L] [CAL2],TTR,NEW,20251116-140537,2025-11-16T14:05:37,
excel_import|marlin|marlinct-1807,excel_import,MARLIN,MARLINCT-1807,"PCO7.1.11K, Implemented",Ops Eng,2025-11-16T00:00:00,          4) W/R Xfer Sampling Test - [L][FIN2],TTR,NEW,20251116-140537,2025-11-16T14:05:37,
excel_import|marlin|marlinct-1809,excel_import,MARLIN,MARLINCT-1809,"PCO7.1.11K, Implemented",Ops Eng,2025-11-16T00:00:00,          5) FIN2 HAMR file 100 polling optimization - [L][FIN2],TTR,NEW,20251116-140537,2025-11-16T14:05:37,
excel_import|marlin|marlinct-1815,excel_import,MARLIN,MARLINCT-1815,"PCO7.1.11K, Implemented",Ops Eng,2025-11-16T00:00:00,          6) Download code process optimization or temp lock - [FIN2],TTR,NEW,20251116-140537,2025-11-16T14:05:37,
excel_import|marlin|marlinct-1828,excel_import,MARLIN,MARLINCT-1828,"PCO7.1.11K, Implemented",DC HW,2025-11-16T00:00:00,          7) SF3_DPCO_CAL2 removal - [L][CAL2],TTR,NEW,20251116-140537,2025-11-16T14:05:37,
excel_import|marlin|marlinct-1821,excel_import,MARLIN,MARLINCT-1821,"PCO7.1.11K, Implemented",DC HW,2025-11-16T00:00:00,          8) Write Opti - Read Reduction: 2 reads to 1 - [L][CAL2],TTR,NEW,20251116-140537,2025-11-16T14:05:37,
excel_import|marlin|marlinct-1799,excel_import,MARLIN,MARLINCT-1799,"PCO7.2.04F, Implemented",DC HW,2025-11-16T00:00:00,          1) T461reduction / T461 during ZAP (do only even or odd zone) - [L] [PRE2-PWT],TTR,NEW,20251116-140537,2025-11-16T14:05:37,
excel_import|marlin|marlinct-1859,excel_import,MARLIN,MARLINCT-1859,"PCO7.2.04F, Implemented",DC HW,2025-11-16T00:00:00,          2) TTR: Remove PRE2 prm_282_hiResVCMBodeTemp. - [L][PRE2],TTR,NEW,20251116-140537,2025-11-16T14:05:37,
excel_import|marlin|marlinct-1864,excel_import,MARLIN,MARLINCT-1864,"PCO7.2.04F, Implemented",DC HW,2025-11-16T00:00:00,          3) ASSCI diag removal for TTR - [FIN2],TTR,NEW,20251116-140537,2025-11-16T14:05:37,
excel_import|marlin|marlinct-1865,excel_import,MARLIN,MARLINCT-1865,"PCO7.2.04F, Implemented",,2025-11-16T00:00:00,"          4) TTR: PCBA_SCRN_T102 Optimization #2 - [PRE2,CRT2,PWT]",TTR,NEW,20251116-140537,2025-11-16T14:05:37,
excel_import|marlin|marlinct-1757,excel_import,MARLIN,MARLINCT-1757,"PCO7.2.04F, Implemented",,2025-11-16T00:00:00,          5) T299: Disable Track Center Search - [PRE2-PWT],TTR,NEW,20251116-140537,2025-11-16T14:05:37,
excel_import|marlin|marlinct-365 marlinct-1805,excel_import,MARLIN,"MARLINCT-365
MARLINCT-1805","PCO7.2.04F, Implemented",DC HW,2025-11-16T00:00:00,          6) HSMR write pass rml (PWT intercept) - [PWT],TTR,NEW,20251116-140537,2025-11-16T14:05:37,
excel_import|marlin|marlinct-1784 marlinct-1643 marlinct-1763,excel_import,MARLIN,"MARLINCT-1784
MARLINCT-1643
MARLINCT-1763","cut-in 100%
 in FW2605 (6-Aug-25)",DC HW/DC TP,2025-11-16T00:00:00,"           1) PROZ phase #1 (H-CMR mode) - [FNC2] - phase in 60%, 100% by month",TTR,NEW,20251116-140537,2025-11-16T14:05:37,
excel_import|marlin|marlinct-1853,excel_import,MARLIN,MARLINCT-1853,,,2025-11-16T00:00:00,          1) T47 change to accommodate SCOPY TTR change. [SCOPY],TTR,NEW,20251116-140537,2025-11-16T14:05:37,
excel_import|marlin|marlinct-1861,excel_import,MARLIN,MARLINCT-1861,,DC HW,2025-11-16T00:00:00,"          2) Marlin - T33 calls - Reduce Rev - [L][PRE2,FNC2]",TTR,NEW,20251116-140537,2025-11-16T14:05:37,
excel_import|marlin|marlinct-1889,excel_import,MARLIN,MARLINCT-1889,,,2025-11-16T00:00:00,          3) TTR opportunity of using DTS commmand - [L][FIN2],TTR,NEW,20251116-140537,2025-11-16T14:05:37,
excel_import|marlin|marlinct-1911,excel_import,MARLIN,MARLINCT-1911,,,2025-11-16T00:00:00,          4) Small TTR- baud verification - [L][FIN2],TTR,NEW,20251116-140537,2025-11-16T14:05:37,
excel_import|marlin|marlinct-1857,excel_import,MARLIN,MARLINCT-1857,,DC HW,2025-11-16T00:00:00,"          5) C0 sensitivity scoring from multi-rate to single-rate: - [PRE2, CAL]",TTR,NEW,20251116-140537,2025-11-16T14:05:37,
excel_import|marlin|marlinct-1879,excel_import,MARLIN,MARLINCT-1879,,,2025-11-16T00:00:00,          6) T451 Random Pattern Generation 5% TTR - [CAL2],TTR,NEW,20251116-140537,2025-11-16T14:05:37,
excel_import|marlin|marlinct-1958,excel_import,MARLIN,MARLINCT-1958,,,2025-11-16T00:00:00,"       1) TTR: T282 reduce ""idle time"" - [PRE2, CAL]",TTR,NEW,20251116-140537,2025-11-16T14:05:37,
excel_import|marlin|marlinct-1984,excel_import,MARLIN,MARLINCT-1984,,,2025-11-16T00:00:00,"       2) Project to remove UACT1 ""milli"" actuator Bode",TTR,NEW,20251116-140537,2025-11-16T14:05:37,
excel_import|marlin|marlinct-2012,excel_import,MARLIN,MARLINCT-2012,,,2025-11-16T00:00:00,       3) T282 – Bode convergence check,TTR,NEW,20251116-140537,2025-11-16T14:05:37,
excel_import|marlin|marlinct-1676,excel_import,MARLIN,MARLINCT-1676,"In PCO7.207, need investigate",,2025-11-16T00:00:00,       5) TCG_PREP EC11087 improvment [FIN2],TTR,NEW,20251116-140537,2025-11-16T14:05:37,
excel_import|marlin|marlinct-2008,excel_import,MARLIN,MARLINCT-2008,,,2025-11-16T00:00:00,       1) TTR: ZAP Seek Path Optimization ( PROZ/OCZ ) [EWC T275] - [FNC2],TTR,NEW,20251116-140537,2025-11-16T14:05:37,
excel_import|marlin|marlinct-2100,excel_import,MARLIN,MARLINCT-2100,,,2025-11-16T00:00:00,       2) LASER_INIT process optimize,TTR,NEW,20251116-140537,2025-11-16T14:05:37,
excel_import|marlin|marlinct-1916,excel_import,MARLIN,MARLINCT-1916,,,2025-11-16T00:00:00,       3) T2108 Read TTR by increasing CertTrkStep (SkInc) to 75 from default 30 [FNC2],TTR,NEW,20251116-140537,2025-11-16T14:05:37,
excel_import|marlin|marlinct-2057,excel_import,MARLIN,MARLINCT-2057,,,2025-11-16T00:00:00,"       4) EWC Radical malloc (15hrs) [CAL, CAL2,FNC2] (New)",TTR,NEW,20251116-140537,2025-11-16T14:05:37,
excel_import|marlin|marlinct-1901,excel_import,MARLIN,MARLINCT-1901,,,2025-11-16T00:00:00,       7) PC compression(Save state)- about 7 hrs,TTR,NEW,20251116-140537,2025-11-16T14:05:37,
excel_import|marlin|marlinct-1754,excel_import,MARLIN,MARLINCT-1754,,,2025-11-16T00:00:00,       8) STFL Enable for SMR only ,TTR,NEW,20251116-140537,2025-11-16T14:05:37,
excel_import|marlin|marlinct-2131,excel_import,MARLIN,MARLINCT-2131 ,,,2025-11-16T00:00:00,       1) DRAM test during soak test,TTR,NEW,20251116-140537,2025-11-16T14:05:37,
excel_import|marlin|marlinct-2143,excel_import,MARLIN,MARLINCT-2143,,,2025-11-16T00:00:00,       2) Remove extra t461 BER measurements around ZA,TTR,NEW,20251116-140537,2025-11-16T14:05:37,
excel_import|marlin|marlinct-2159,excel_import,MARLIN,MARLINCT-2159,,,2025-11-16T00:00:00,       3) Sample PSV_SCOPY_QUALITY state in PRE2.,TTR,NEW,20251116-140537,2025-11-16T14:05:37,
excel_import|marlin|marlinct-1948,excel_import,MARLIN,MARLINCT-1948,In PCO7.3.01 onward,,2025-11-16T00:00:00,"       4) T285 DRCM optimize servo sector step iteration. [PRE2,PWT]",TTR,NEW,20251116-140537,2025-11-16T14:05:37,
excel_import|marlin|marlinct-1868,excel_import,MARLIN,MARLINCT-1868,Apply fix intercept PWT issue,Ops Eng,2025-11-16T00:00:00,       5) Reduce redundance VBAR ATI - [L][CAL2],TTR,NEW,20251116-140537,2025-11-16T14:05:37,
excel_import|marlin|marlinct-2210,excel_import,MARLIN,MARLINCT-2210,Already in PCO7.3.03,,2025-11-16T00:00:00,"        7) WPOPTI: Pickup of SF3 TTR, and PF3 TTR   (2.5+1 hrs)",TTR,NEW,20251116-140537,2025-11-16T14:05:37,
excel_import|marlin|marlinct-1704,excel_import,MARLIN,MARLINCT-1704,"Pending RGA, CP WW20",,2025-11-16T00:00:00,       1) FPW CAL2 removal (45hrs) - (Can enable by CMS),TTR,NEW,20251116-140537,2025-11-16T14:05:37,
excel_import|marlin|marlinct-1913,excel_import,MARLIN,MARLINCT-1913,US DC develop base Summit,DC HW,2025-11-16T00:00:00,      2) TA scan feed forward - [H][SCOPY],TTR,NEW,20251116-140537,2025-11-16T14:05:37,
excel_import|marlin|marlinct-2217,excel_import,MARLIN,MARLINCT-2217,,,2025-11-16T00:00:00,       3) Active Servo Flaw Table (ASFT) build algorithm change,TTR,NEW,20251116-140537,2025-11-16T14:05:37,
excel_import|marlin|marlinct-2200,excel_import,MARLIN,MARLINCT-2200,,,2025-11-16T00:00:00,       2) Opti settling bypass BIE,TTR,NEW,20251116-140537,2025-11-16T14:05:37,
excel_import|marlin|marlinct-2201,excel_import,MARLIN,MARLINCT-2201,,,2025-11-16T00:00:00,       3) Increase Opti LC_Delay step size from 2 to 4,TTR,NEW,20251116-140537,2025-11-16T14:05:37,
excel_import|marlin|marlinct-2202,excel_import,MARLIN,MARLINCT-2202,,,2025-11-16T00:00:00,       4) apply Increase Opti LC_Delay step size from 2 to 4 to all opti calls,TTR,NEW,20251116-140537,2025-11-16T14:05:37,
excel_import|marlin|marlinct-1867,excel_import,MARLIN,MARLINCT-1867,Task checkout,Ops Eng,2025-11-16T00:00:00,       2) VBAR ATI prediction ML - [L][CAL2] - ? hr - require TVM separate,TTR,NEW,20251116-140537,2025-11-16T14:05:37,
excel_import|marlin|marlinct-1820,excel_import,MARLIN,MARLINCT-1820,Study by Korat,Ops Eng,2025-11-16T00:00:00,       3) VBAR lacer PRE2 predict ML phase 1 - [H][PRE2] - 1hr,TTR,NEW,20251116-140537,2025-11-16T14:05:37,
excel_import|marlin|marlinct-1846,excel_import,MARLIN,MARLINCT-1846,Include in PCO7.2.10A,Ops Eng,2025-11-16T00:00:00,2) Optimize sorting time  (H-SMR mode) -  [L] [FNC2],TTR,NEW,20251116-140537,2025-11-16T14:05:37,
excel_import|marlin|marlinct-2117,excel_import,MARLIN,MARLINCT-2117,Pending code release (15Aug),Ops Eng,2025-11-16T00:00:00,"3) ZAP 1-rev [FNC2][H] (maximum 60hr, projected 30 )- not allow",TTR,NEW,20251116-140537,2025-11-16T14:05:37,
excel_import|marlin|marlinct-2157,excel_import,MARLIN,MARLINCT-2157,develop,,2025-11-16T00:00:00,        4) VBAR_WP OPTI write by conds [CAL2] [M](projected 4),TTR,NEW,20251116-140537,2025-11-16T14:05:37,
excel_import|marlin|tsr-6211,excel_import,MARLIN,TSR-6211,"Require TIST 30x, TVM60
Control / TTR",,2025-11-16T00:00:00,        1) SMR POML  (12 hrs),TTR,NEW,20251116-140537,2025-11-16T14:05:37,
excel_import|marlin|marlinct-2226,excel_import,MARLIN,MARLINCT-2226,,,2025-11-16T00:00:00,        2) SF3 reloadRAP eval,TTR,NEW,20251116-140537,2025-11-16T14:05:37,
excel_import|marlin|1905,excel_import,MARLIN,1905,,DC HW,2025-11-16T00:00:00,       1) Soak Removal - [H][SPIN] [plan complere ww32] (120 hr),TTR,NEW,20251116-140537,2025-11-16T14:05:37,
excel_import|marlin|tsr-4468 marlinct-1749,excel_import,MARLIN,"TSR-4468
MARLINCT-1749",Developing by US & Korat,DC TP/Op Eng,2025-11-16T00:00:00,        2) Bank write Phase1 -  FPW b4VBAR optimize by T463 (Bank Write) - [H][CAL2],TTR,NEW,20251116-140537,2025-11-16T14:05:37,
excel_import|marlin|disc-13649,excel_import,MARLIN,DISC-13649,Task checkout,Ops Eng,2025-11-16T00:00:00,       1) Remove duplicate T461 (CAL_BER) - [L][PRE2-PWT],TTR,NEW,20251116-140537,2025-11-16T14:05:37,
excel_import|marlin|tsr-4851 marlinct-1890,excel_import,MARLIN,"TSR-4851
MARLINCT-1890",SF3 developing,DC HW,2025-11-16T00:00:00,       4) Nimbus Split Temp (No wait Time) - Already in PCO7.2.05,TTR,NEW,20251116-140537,2025-11-16T14:05:37,
excel_import|marlin|marlinct-1833,excel_import,MARLIN,MARLINCT-1833,Study by Korat,Ops Eng,2025-11-16T00:00:00,      2) Weld After Assembly - [H][PWT],TTR,NEW,20251116-140537,2025-11-16T14:05:37,
excel_import|marlin|marlinct-1782,excel_import,MARLIN,MARLINCT-1782,Study by DC,DC HW,2025-11-16T00:00:00,      3) FMT certify by condition - [H][FIN2],TTR,NEW,20251116-140537,2025-11-16T14:05:37,
excel_import|marlin|1908,excel_import,MARLIN,1908,Follow up status by CJ,DC HW,2025-11-16T00:00:00,      5) T418 refractoring - [PRE2],TTR,NEW,20251116-140537,2025-11-16T14:05:37,
excel_import|marlin|1906,excel_import,MARLIN,1906,Study by DC,DC HW,2025-11-16T00:00:00,      9) DOS threshold reduce quantitis of zone as we see some more margin,TTR,NEW,20251116-140537,2025-11-16T14:05:37,
excel_import|marlin|fwsd-6603,excel_import,MARLIN,FWSD-6603,,DC-FW,2025-11-16T00:00:00,     11) Merge Master Format and SinglePassFlawScan (SPFS),TTR,NEW,20251116-140537,2025-11-16T14:05:37,
excel_import|summit|summit-1187,excel_import,SUMMIT,SUMMIT-1187,Done,RW LCO&Korat FW / RTE,2025-11-16T00:00:00,        POML OTF,TTR,NEW,20251116-140537,2025-11-16T14:05:37,
excel_import|summit|summit-1200,excel_import,SUMMIT,SUMMIT-1200	,Done,RW LCO&Korat FW / PE&RTE,2025-11-16T00:00:00,        POML WW,TTR,NEW,20251116-140537,2025-11-16T14:05:37,
excel_import|summit|summit-1376,excel_import,SUMMIT,SUMMIT-1376,Done,Korat FW / LCO SF3,2025-11-16T00:00:00,        T102 optimize,TTR,NEW,20251116-140537,2025-11-16T14:05:37,
excel_import|summit|summit-1132,excel_import,SUMMIT,SUMMIT-1132,Done,Servo SSDC / TCO PF3,2025-11-16T00:00:00,        ZAP Audit optimize (3.5.0C),TTR,NEW,20251116-140537,2025-11-16T14:05:37,
excel_import|summit|summit-1188,excel_import,SUMMIT,SUMMIT-1188,Done,Korat FW / TCO PF3,2025-11-16T00:00:00,       T299 Reduce num wirte (3.5.0C),TTR,NEW,20251116-140537,2025-11-16T14:05:37,
excel_import|summit|summit-1189,excel_import,SUMMIT,SUMMIT-1189,Done,Korat FW / LCO SF3,2025-11-16T00:00:00,        Power cycle optimize,TTR,NEW,20251116-140537,2025-11-16T14:05:37,
excel_import|summit|summit-1450,excel_import,SUMMIT,SUMMIT-1450,Done,Korat FW/ SSDC,2025-11-16T00:00:00,T299 opti RAP saving ,TTR,NEW,20251116-140537,2025-11-16T14:05:37,
excel_import|summit|summit-1430,excel_import,SUMMIT,SUMMIT-1430,Done,SG SW team,2025-11-16T00:00:00,T130 optimize,TTR,NEW,20251116-140537,2025-11-16T14:05:37,
excel_import|summit|summit-1481,excel_import,SUMMIT,SUMMIT-1481,Done,SSDC,2025-11-16T00:00:00,T297 optimize,TTR,NEW,20251116-140537,2025-11-16T14:05:37,
excel_import|summit|summit-1479,excel_import,SUMMIT,SUMMIT-1479,Done,Korat FW,2025-11-16T00:00:00,Opti HME compoment CAL2,TTR,NEW,20251116-140537,2025-11-16T14:05:37,
excel_import|summit|summit-1502,excel_import,SUMMIT,SUMMIT-1502,Done,SSDC,2025-11-16T00:00:00,TTR- Disable MT50/10 measurements (Test269),TTR,NEW,20251116-140537,2025-11-16T14:05:37,
excel_import|summit|summit-1526,excel_import,SUMMIT,SUMMIT-1526,Done,SSDC,2025-11-16T00:00:00,BER_OPTI remove redundant repeated T461,TTR,NEW,20251116-140537,2025-11-16T14:05:37,
excel_import|summit|summit-1374,excel_import,SUMMIT,SUMMIT-1374,Done,SSDC,2025-11-16T00:00:00,Update boost opti range for more stable zn to zn CTF,TTR,NEW,20251116-140537,2025-11-16T14:05:37,
excel_import|summit|summit-1343,excel_import,SUMMIT,SUMMIT-1343,Done,Korat FW,2025-11-16T00:00:00,Reduce num of read  (VBAR WP) (pull in),TTR,NEW,20251116-140537,2025-11-16T14:05:37,
excel_import|summit|summit-1345,excel_import,SUMMIT,SUMMIT-1345,Done,Korat FW,2025-11-16T00:00:00,TTR BPI - TPI FMT update (Pull in),TTR,NEW,20251116-140537,2025-11-16T14:05:37,
"excel_import|summit|summit-1431, summit-1580",excel_import,SUMMIT,"SUMMIT-1431,
SUMMIT-1580",Done,SG SW team,2025-11-16T00:00:00,SPFS with SkInc optimization (CMR/ SMR),TTR,NEW,20251116-140537,2025-11-16T14:05:37,
excel_import|summit|summit-1314,excel_import,SUMMIT,SUMMIT-1314,Done,SSDC,2025-11-16T00:00:00,TTR T297 optimize data collection CAL2 (Pull in),TTR,NEW,20251116-140537,2025-11-16T14:05:37,
excel_import|summit|summit-366,excel_import,SUMMIT,SUMMIT-366,Done,CT & US Test process,2025-11-16T00:00:00,"PROZ from preamp allocation as of Feb10,2025 (50% to 100%)",TTR,NEW,20251116-140537,2025-11-16T14:05:37,
excel_import|summit|summit-1863,excel_import,SUMMIT,SUMMIT-1863,Done,Ops Eng,2025-11-16T00:00:00,BER_OPTI Variable spare (Pull in),TTR,NEW,20251116-140537,2025-11-16T14:05:37,
excel_import|summit|summit-1708,excel_import,SUMMIT,SUMMIT-1708,Done,DE/ Korat FW,2025-11-16T00:00:00,"Reduce T299 Numwrt  (CAL2,  PWT), focus Expand",TTR,NEW,20251116-140537,2025-11-16T14:05:37,
excel_import|summit|summit-1202/ summit-1850,excel_import,SUMMIT,"SUMMIT-1202/
SUMMIT-1850 ",Done,Korat FW,2025-11-16T00:00:00,"FINE_UJOG_INIT TTR (Goby) by condition (CAL2-CMR/HSMR)
",TTR,NEW,20251116-140537,2025-11-16T14:05:37,
excel_import|summit|summit-1757,excel_import,SUMMIT,SUMMIT-1757,Done,SSDC,2025-11-16T00:00:00,TTR: Remove SWD_CAL SkipWriteDetect_198 (CAL2/ CRT2),TTR,NEW,20251116-140537,2025-11-16T14:05:37,
excel_import|summit|summit-1576/ tsr-4093,excel_import,SUMMIT,"SUMMIT-1576/
TSR-4093",Done,SSDC,2025-11-16T00:00:00,TTR on Summit CMR PWT VARIABLE_SPARES (TT -1.5),TTR,NEW,20251116-140537,2025-11-16T14:05:37,
excel_import|summit|summit-1834,excel_import,SUMMIT,SUMMIT-1834,Done,Wuxi FW,2025-11-16T00:00:00,"Remove T298 in T299_ATI and WRITE_SCRN (FNC2, PWT)",TTR,NEW,20251116-140537,2025-11-16T14:05:37,
excel_import|summit|summit-1703,excel_import,SUMMIT,"
SUMMIT-1703",Done,Korat FW,2025-11-16T00:00:00,"Special 24 hrs TTR, Pick only CRT2 T299 (CRT2)",TTR,NEW,20251116-140537,2025-11-16T14:05:37,
excel_import|summit|summit-1509,excel_import,SUMMIT,SUMMIT-1509,Done,SSDC,2025-11-16T00:00:00,   TTR- Reduced BER measure WPOPTI (CAL2),TTR,NEW,20251116-140537,2025-11-16T14:05:37,
excel_import|summit|summit-1545,excel_import,SUMMIT,SUMMIT-1545,Done,SSDC,2025-11-16T00:00:00,   TTR: T451 increase step size from 2 to 4 for LC_DELAY_SDW (CAL2),TTR,NEW,20251116-140537,2025-11-16T14:05:37,
excel_import|summit|summit-1563,excel_import,SUMMIT,SUMMIT-1563,Done,Korat FW ,2025-11-16T00:00:00,   VBAR ATI reduce redundance (CAL2),TTR,NEW,20251116-140537,2025-11-16T14:05:37,
excel_import|summit|summit-1511,excel_import,SUMMIT,SUMMIT-1511,Done,SSDC TP/ ARS,2025-11-16T00:00:00,Archor zn opti in Derived opti to rmv Read Opti OD,TTR,NEW,20251116-140537,2025-11-16T14:05:37,
excel_import|summit|summit-1896,excel_import,SUMMIT,SUMMIT-1896,Done,SSDC TP,2025-11-16T00:00:00,Remove prm_461_ReadOffsets in CAL2 BER_OPTI & FNC2 BER_SPFS,TTR,NEW,20251116-140537,2025-11-16T14:05:37,
excel_import|summit|summit-1878,excel_import,SUMMIT,SUMMIT-1878,Done,SSDC TP/DC HW,2025-11-16T00:00:00,TTR: Remove T315,TTR,NEW,20251116-140537,2025-11-16T14:05:37,
excel_import|summit|summit-1501,excel_import,SUMMIT,SUMMIT-1501,Done,SSDC,2025-11-16T00:00:00,TTR- OD_PAD_MQM removal,TTR,NEW,20251116-140537,2025-11-16T14:05:37,
excel_import|summit|summit-1853,excel_import,SUMMIT,SUMMIT-1853,Done,SSDC TP/ ARS,2025-11-16T00:00:00,Opti Settling bypass BIE into Summit branch for TTR,TTR,NEW,20251116-140537,2025-11-16T14:05:37,
excel_import|summit|summit-1845,excel_import,SUMMIT,SUMMIT-1845,Done,SSDC TP/,2025-11-16T00:00:00,Improve VBAR findMargin function speed,TTR,NEW,20251116-140537,2025-11-16T14:05:37,
excel_import|summit|summit-1898,excel_import,SUMMIT,SUMMIT-1898,Done,Korat FW,2025-11-16T00:00:00,TTR remove SAVE_STATE at SCOPY and PRE2,TTR,NEW,20251116-140537,2025-11-16T14:05:37,
excel_import|summit|summit-1715,excel_import,SUMMIT,SUMMIT-1715,Done,Korat FW ,2025-11-16T00:00:00,ProZ : P90/Test time reduction improvement (FNC2),TTR,NEW,20251116-140537,2025-11-16T14:05:37,
excel_import|summit|summit-1861,excel_import,SUMMIT,SUMMIT-1861,Done,Korat FW,2025-11-16T00:00:00,TTR: PCBA_SCRN_T102 Optimization,TTR,NEW,20251116-140537,2025-11-16T14:05:37,
excel_import|summit|summit-1765,excel_import,SUMMIT,SUMMIT-1765,Done,SoonWah/Ying Jin,2025-11-16T00:00:00,TTR: T193 test time reduction,TTR,NEW,20251116-140537,2025-11-16T14:05:37,
"excel_import|summit|summit-1031, summit-1880",excel_import,SUMMIT,"SUMMIT-1031, SUMMIT-1880",Done,Korat FW,2025-11-16T00:00:00,TTR : T150 measure only servo primary reader,TTR,NEW,20251116-140537,2025-11-16T14:05:37,
excel_import|summit|summit-1824,excel_import,SUMMIT,SUMMIT-1824,Done,SSDC TP/ ARS,2025-11-16T00:00:00,TTR: T335 reduce number of test tracks on STM scan and GC scan,TTR,NEW,20251116-140537,2025-11-16T14:05:37,
excel_import|summit|summit-1929,excel_import,SUMMIT,SUMMIT-1929,Done,Zay Yar,2025-11-16T00:00:00,TTR : Remove PES_SCRN_RD_MODE T33 on read offset in FNC2,TTR,NEW,20251116-140537,2025-11-16T14:05:37,
excel_import|summit|summit-1916,excel_import,SUMMIT,SUMMIT-1916,Done,Yihua/JiYun,2025-11-16T00:00:00,TTR opportunity of using DTS command,TTR,NEW,20251116-140537,2025-11-16T14:05:37,
excel_import|summit|summit-1854,excel_import,SUMMIT,SUMMIT-1854,Done,SSDC TP/ ARS,2025-11-16T00:00:00,TTR: T451 increase step size from 2 to 4 for LC_DELAY_SDW (register ID 2164) for test time saving for all T451,TTR,NEW,20251116-140537,2025-11-16T14:05:37,
excel_import|summit|summit-1033,excel_import,SUMMIT,SUMMIT-1033,Done,Sitthichai/Rick M.,2025-11-16T00:00:00,ATI write optimization in WP (Implement Version),TTR,NEW,20251116-140537,2025-11-16T14:05:37,
excel_import|summit|summit-1913,excel_import,SUMMIT,SUMMIT-1913,Done,Prasanna/Dipesh,2025-11-16T00:00:00,TTR: Remove LUL flawscan in fnc2,TTR,NEW,20251116-140537,2025-11-16T14:05:37,
excel_import|summit|summit-1938,excel_import,SUMMIT,SUMMIT-1938,Done,Wuxi FW,2025-11-16T00:00:00,Remove T285 in CAL state CAL_SERVO_285,TTR,NEW,20251116-140537,2025-11-16T14:05:37,
excel_import|summit|summit-1958,excel_import,SUMMIT,SUMMIT-1958,Done,BJ/Servo,2025-11-16T00:00:00,Scopy RSEED - Remove VCAT Calibration at step4,TTR,NEW,20251116-140537,2025-11-16T14:05:37,
excel_import|summit|summit-1872,excel_import,SUMMIT,SUMMIT-1872,Done,Korat FW/ Warachai S.,2025-11-16T00:00:00,TTR: Summit EAW (Erase After Write) Test Zone Reduction,TTR,NEW,20251116-140537,2025-11-16T14:05:37,
excel_import|summit|summit-1987,excel_import,SUMMIT,SUMMIT-1987,Done,Korat FW,2025-11-16T00:00:00, Enhance TTR Reduce zone W/R XFER (PWT),TTR,NEW,20251116-140537,2025-11-16T14:05:37,
excel_import|summit|summit-1692,excel_import,SUMMIT,SUMMIT-1692,Done,SG SW team,2025-11-16T00:00:00,TTR: Summit HSMR SPFS with SkInc optimization,TTR,NEW,20251116-140537,2025-11-16T14:05:37,
excel_import|summit|summit-1839,excel_import,SUMMIT,SUMMIT-1839,Done,Korat FW/RW LCO,2025-11-16T00:00:00,POML SMR - PCO3.5.0J_VC1C,TTR,NEW,20251116-140537,2025-11-16T14:05:37,
excel_import|summit|summit-1445,excel_import,SUMMIT,SUMMIT-1445,Done,Korat FW,2025-11-16T00:00:00,SQUEEZE_OFFSET_INIT (SMR) ,TTR,NEW,20251116-140537,2025-11-16T14:05:37,
excel_import|summit|summit-1971/1921,excel_import,SUMMIT,SUMMIT-1971/1921,Done,Servo DC / Korat FW,2025-11-16T00:00:00,T282 C0 sensitivity scoring from multi-rate to single-rate,TTR,NEW,20251116-140537,2025-11-16T14:05:37,
excel_import|summit|summit-1950,excel_import,SUMMIT,SUMMIT-1950,Done,,2025-11-16T00:00:00,TTR: T285 DRCM optimize servo sector step iteration,TTR,NEW,20251116-140537,2025-11-16T14:05:37,
excel_import|summit|summit-1981,excel_import,SUMMIT,SUMMIT-1981,Done,,2025-11-16T00:00:00,TTR: CERT portion Powercycle,TTR,NEW,20251116-140537,2025-11-16T14:05:37,
excel_import|summit|summit-2030,excel_import,SUMMIT,SUMMIT-2030,Done,,2025-11-16T00:00:00,"TTR: T282 reduce ""idle time""",TTR,NEW,20251116-140537,2025-11-16T14:05:37,
excel_import|summit|summit-2068,excel_import,SUMMIT,SUMMIT-2068,Done,,2025-11-16T00:00:00,Reduction of Test Loops of PWT: SEEK_TEST_PWT State,TTR,NEW,20251116-140537,2025-11-16T14:05:37,
excel_import|summit|summit-2070,excel_import,SUMMIT,SUMMIT-2070,Done,,2025-11-16T00:00:00,Temporary Disable New Servo Reader Selection TTR-T163,TTR,NEW,20251116-140537,2025-11-16T14:05:37,
excel_import|summit|summit-2077,excel_import,SUMMIT,SUMMIT-2077,,,2025-11-16T00:00:00,Remove SF3 Weld before CERT.,TTR,NEW,20251116-140537,2025-11-16T14:05:37,
excel_import|summit|summit-1435 / 1398 & 1042,excel_import,SUMMIT,SUMMIT-1435 / 1398 & 1042,Pending PCO integration / fix by Jira 1829,SSDC,2025-11-16T00:00:00,T451 new derived method + Adding RegID 0x0903 sweeping,TTR,NEW,20251116-140537,2025-11-16T14:05:37,
excel_import|summit|summit-1302,excel_import,SUMMIT,SUMMIT-1302,Pending implement,SSDC & RW LCO,2025-11-16T00:00:00,TA scan FF TTR/ TA scan Cell#3 TTR (25 to 12.5) ,TTR,NEW,20251116-140537,2025-11-16T14:05:37,
excel_import|summit|summit-2162,excel_import,SUMMIT,SUMMIT-2162,Done,Servo/DC,2025-11-16T00:00:00,Summit T282 TTR Improvement via Single FLASH Update Post SNO Tuning (New Servo xx64),TTR,NEW,20251116-140537,2025-11-16T14:05:37,
excel_import|summit|summit-2155,excel_import,SUMMIT,SUMMIT-2155,Done,Servo/DC,2025-11-16T00:00:00,T282 - Bode Convergence,TTR,NEW,20251116-140537,2025-11-16T14:05:37,
excel_import|summit|summit-1996,excel_import,SUMMIT,SUMMIT-1996,Done,Korat FW,2025-11-16T00:00:00,TTR: Optimize T461 Flow,TTR,NEW,20251116-140537,2025-11-16T14:05:37,
excel_import|summit|summit-2274,excel_import,SUMMIT,SUMMIT-2274,Done,Korat FW,2025-11-16T00:00:00,"TTR: FINE_UJOG_INIT GobyLite (for PK1, unlock condition)",TTR,NEW,20251116-140537,2025-11-16T14:05:37,
excel_import|summit|summit-1597,excel_import,SUMMIT,SUMMIT-1597,"Done
PCO3.7.3C1",SSDC TP/ ARS,2025-11-16T00:00:00,(SMR) Investigate SMR uJOG Optimization for TTR and Robustness,TTR,NEW,20251116-140537,2025-11-16T14:05:37,
excel_import|summit|fwsd-6603/ summit-1943/,excel_import,SUMMIT,"FWSD-6603/
SUMMIT-1943/","Tighten FNC2 4hrs, Slow runner rerun 2%",Abhay/ Kelly's team,2025-11-16T00:00:00,TTR: CMR Skip Track Format Certify,TTR,NEW,20251116-140537,2025-11-16T14:05:37,
excel_import|summit|summit-2226,excel_import,SUMMIT,SUMMIT-2226,"Tighten FNC2 4hrs, Slow runner rerun 2%",DC/ PE,2025-11-16T00:00:00,CMR Skip Track Format Certify NMD improvement,TTR,NEW,20251116-140537,2025-11-16T14:05:37,
excel_import|summit|summit-2230,excel_import,SUMMIT,SUMMIT-2230,Pending implement,Servo/DC,2025-11-16T00:00:00,SCOPY YIP#6,TTR,NEW,20251116-140537,2025-11-16T14:05:37,
excel_import|summit|summit-1779,excel_import,SUMMIT,SUMMIT-1779,Pending implement,Korat FW (pull in),2025-11-16T00:00:00,VBAR_ATI Prediction (CAL2),TTR,NEW,20251116-140537,2025-11-16T14:05:37,
excel_import|summit|summit-2092,excel_import,SUMMIT,SUMMIT-2092,Pending implement,SSDC TP,2025-11-16T00:00:00,TTR: Investigate potential reduction in VBAR_SME1 iterations,TTR,NEW,20251116-140537,2025-11-16T14:05:37,
excel_import|summit|summit-2266,excel_import,SUMMIT,SUMMIT-2266,Pending implement,US DC,2025-11-16T00:00:00,TTR malloc on Goby - Seagate JIRA,TTR,NEW,20251116-140537,2025-11-16T14:05:37,
excel_import|summit|summit-2118,excel_import,SUMMIT,SUMMIT-2118,Pending implement,Servo/DC,2025-11-16T00:00:00,TTR: ZAP Seek Path Optimization ( PROZ/OCZ ),TTR,NEW,20251116-140537,2025-11-16T14:05:37,
excel_import|summit|summit-2300,excel_import,SUMMIT,SUMMIT-2300,Pending PCO integration,Kelly's team,2025-11-16T00:00:00,TTR: Remove 1>N28 from DNLD_CODE_TCG_SPT,TTR,NEW,20251116-140537,2025-11-16T14:05:37,
excel_import|summit|summit-2345,excel_import,SUMMIT,SUMMIT-2345,Pending PCO integration,SSDC TP,2025-11-16T00:00:00,"TTR: PWT optimization: DNLD_CODE, enableDiags, Powercycle",TTR,NEW,20251116-140537,2025-11-16T14:05:37,
excel_import|summit|summit-2314 disc-cr0014255,excel_import,SUMMIT,"SUMMIT-2314
DISC-CR0014255",Pending Development,Servo/DC,2025-11-16T00:00:00,TTR: Integrated Milli/Micro Structure Bode Measurement with One-Shot SS1X Bode Measurement,TTR,NEW,20251116-140537,2025-11-16T14:05:37,
excel_import|summit|summit-2096/ summit-2120 disc-cr0014268,excel_import,SUMMIT,"SUMMIT-2096/
SUMMIT-2120
DISC-CR0014268","SBR: SM04X373CAL
Reli result CP. FW2618",SSDC TP,2025-11-16T00:00:00,TTR on LUL_TEST25 (Concern OD_PAD_MQM removal 1.2 hr) 2 hrs (was 2.5 hrs.),TTR,NEW,20251116-140537,2025-11-16T14:05:37,
excel_import|summit|tsr-6784,excel_import,SUMMIT,TSR-6784,,SSDC TP,2025-11-16T00:00:00,TTR: VM optimize ,TTR,NEW,20251116-140537,2025-11-16T14:05:37,
excel_import|summit|tsr-6527,excel_import,SUMMIT,TSR-6527,,SSDC TP,2025-11-16T00:00:00,Channel Opti TTR in VBAR_ATI,TTR,NEW,20251116-140537,2025-11-16T14:05:37,
excel_import|summit|summit-2091,excel_import,SUMMIT,SUMMIT-2091,"TVM: SPQ-10720
1x failed - In Analysis
(ZYDBNJX0)",SSDC TP,2025-11-16T00:00:00,TTR: Investigate potential T299 DistlBndSz optimization in T299_EXPN_STE_SCRN,TTR,NEW,20251116-140537,2025-11-16T14:05:37,
excel_import|summit|summit-1879,excel_import,SUMMIT,SUMMIT-1879	,"TVM: SPQ-10720
1x failed - In Analysis
(ZYDBNJX0)",SSDC TP,2025-11-16T00:00:00,TTR: Investigate test time savings by reducing Number of writes in T299_ATI and T299_DS_ATI,TTR,NEW,20251116-140537,2025-11-16T14:05:37,
excel_import|summit|disc-cr0014332,excel_import,SUMMIT,DISC-CR0014332,,Chonnakarn,2025-11-16T00:00:00,Remove WRITE_POWER_TCC State -- WRITE_POWER_TCC,TTR,NEW,20251116-140537,2025-11-16T14:05:37,
excel_import|summit|disc-cr0014330,excel_import,SUMMIT,DISC-CR0014330,,Thiansue,2025-11-16T00:00:00,Remove 10 zone at P461_READ_OFFSET_SFR -- Write ability solo,TTR,NEW,20251116-140537,2025-11-16T14:05:37,
excel_import|summit|disc-cr0014334,excel_import,SUMMIT,DISC-CR0014334,,Thiansue,2025-11-16T00:00:00,"Remove Zn2, 4, P461_BIE_MEAN_BY_TRACK  -- Write ability solo",TTR,NEW,20251116-140537,2025-11-16T14:05:37,
excel_import|summit|disc-cr0014319,excel_import,SUMMIT,DISC-CR0014319,,Rawinnipa,2025-11-16T00:00:00,Fix T94 on non-PRE2 TA scan,TTR,NEW,20251116-140537,2025-11-16T14:05:37,
excel_import|summit|disc-cr0014322,excel_import,SUMMIT,DISC-CR0014322,,Pisit/AMared,2025-11-16T00:00:00,AFH optimize test zone to 8 from 11,TTR,NEW,20251116-140537,2025-11-16T14:05:37,
excel_import|summit|disc-cr0014323,excel_import,SUMMIT,DISC-CR0014323,,Pisit/Amared,2025-11-16T00:00:00,Increase start DAC,TTR,NEW,20251116-140537,2025-11-16T14:05:37,
excel_import|summit|summit-2337,excel_import,SUMMIT,SUMMIT-2337,Need Fix - bank spiral write issue,Servo/DC,2025-11-16T00:00:00,SCOPY spiral write (YIP#7),TTR,NEW,20251116-140537,2025-11-16T14:05:37,
excel_import|summit|summit-2302,excel_import,SUMMIT,SUMMIT-2302,Under checkout,Korat FW,2025-11-16T00:00:00,TTR: PCBA_SCRN extreme optimization. [T102 reduce loop],TTR,NEW,20251116-140537,2025-11-16T14:05:37,
excel_import|summit|disc-cr0014269,excel_import,SUMMIT,DISC-CR0014269,,Korat FW/US DC,2025-11-16T00:00:00,T220 WP Opti bypass channel training and offset searches,TTR,NEW,20251116-140537,2025-11-16T14:05:37,
excel_import|summit|summit-1432,excel_import,SUMMIT,SUMMIT-1432,,DC/ PE,2025-11-16T00:00:00,CMR Skip Track Format Certify NMD improvement,TTR,NEW,20251116-140537,2025-11-16T14:05:37,
excel_import|summit|summit-1818,excel_import,SUMMIT,"
SUMMIT-1818","SPQ-10644
SBR:  SMPEX13887
1x failed - In Analysis
(ZYDAQ0KR)",Abhay/Kelly's team,2025-11-16T00:00:00,"         (SMR) FMT certify by condition (25hrs) 
**Concern EC14184** Escape ~ 2.5%",TTR,NEW,20251116-140537,2025-11-16T14:05:37,
excel_import|summit|summit-1914,excel_import,SUMMIT,SUMMIT-1914,Pending implement,SSDC TP,2025-11-16T00:00:00,TTR: T094 (Only Pre TA Scan),TTR,NEW,20251116-140537,2025-11-16T14:05:37,
excel_import|summit|disc-cr0014267,excel_import,SUMMIT,DISC-CR0014267,,LeiWei,2025-11-16T00:00:00,Optimize T461 reduce zone in some state,TTR,NEW,20251116-140537,2025-11-16T14:05:37,
excel_import|summit|summit-1900,excel_import,SUMMIT,SUMMIT-1900,,DC,2025-11-16T00:00:00,Single Sector RMM + Zero Latency Writes,TTR,NEW,20251116-140537,2025-11-16T14:05:37,
excel_import|summit|summit-2327,excel_import,SUMMIT,SUMMIT-2327,Pending PCO integration,Servo/DC,2025-11-16T00:00:00,TTR: New Servo Code xx66,TTR,NEW,20251116-140537,2025-11-16T14:05:37,
excel_import|summit|summit-1733,excel_import,SUMMIT,SUMMIT-1733,Pending drive eval,Sun Wah/Vitor Chew,2025-11-16T00:00:00,TTR: T297 SUMMIT TTR Plan (Phase 3),TTR,NEW,20251116-140537,2025-11-16T14:05:37,
excel_import|summit|summit-1401,excel_import,SUMMIT,SUMMIT-1401,Push out from 3.6,SSDC,2025-11-16T00:00:00,        Improve opti settle T451,TTR,NEW,20251116-140537,2025-11-16T14:05:37,
excel_import|summit|summit-1851,excel_import,SUMMIT,SUMMIT-1851,Cancel HDIG concern meas,SoonWah/Dick Martin,2025-11-16T00:00:00,Optimizing AFH Test 135 'start_dac' for Wrt/Rdr Htr,TTR,NEW,20251116-140537,2025-11-16T14:05:37,
excel_import|summit|summit-1846,excel_import,SUMMIT,SUMMIT-1846,Evaluating,Korat FW,2025-11-16T00:00:00,"PC file compression (T231, T130)",TTR,NEW,20251116-140537,2025-11-16T14:05:37,
excel_import|summit|?,excel_import,SUMMIT,?,Developing,Korat FW,2025-11-16T00:00:00,     4.10) PROZ enhance for TTR (SMR mode Sorting),TTR,NEW,20251116-140537,2025-11-16T14:05:37,
excel_import|summit|summit-1201,excel_import,SUMMIT,SUMMIT-1201,Evaluating,Servo DC/Korat FW,2025-11-16T00:00:00,Enable XBAR (Memory optimize in ZAP),TTR,NEW,20251116-140537,2025-11-16T14:05:37,
excel_import|summit|summit-1756,excel_import,SUMMIT,SUMMIT-1756,TBD,Korat FW,2025-11-16T00:00:00,Variable spare Enhance,TTR,NEW,20251116-140537,2025-11-16T14:05:37,
excel_import|summit|summit-2083,excel_import,SUMMIT,SUMMIT-2083,TBD,DC,2025-11-16T00:00:00,150x Channel speed up,TTR,NEW,20251116-140537,2025-11-16T14:05:37,
"excel_import|summit|summit-1595, summit-1868",excel_import,SUMMIT,"SUMMIT-1595,
SUMMIT-1868",Backout, SSDC,2025-11-16T00:00:00,VM optimize (SSDC),TTR,NEW,20251116-140537,2025-11-16T14:05:37,
excel_import|summit|summit-2276,excel_import,SUMMIT,SUMMIT-2276,Backout,SSDC TP,2025-11-16T00:00:00,TTR: Further improvements on TTR in VBAR_METRICS,TTR,NEW,20251116-140537,2025-11-16T14:05:37,
"excel_import|summit|tsr-5008, summit-2280",excel_import,SUMMIT,"TSR-5008, SUMMIT-2280",Backout,SSDC TP,2025-11-16T00:00:00,Add Fast MSMR Combined Reader Calculation mode to either T238 or T438,TTR,NEW,20251116-140537,2025-11-16T14:05:37,
excel_import|summit|summit-2278,excel_import,SUMMIT,SUMMIT-2278,Cancel,Korat FW,2025-11-16T00:00:00,TTR: Sampling T240 Zn1 in write screen state.,TTR,NEW,20251116-140537,2025-11-16T14:05:37,
excel_import|summit|summit-1197,excel_import,SUMMIT,SUMMIT-1197,Study by Korat,Korat FW,2025-11-16T00:00:00,T299 TTR-ML Zn prediction,TTR,NEW,20251116-140537,2025-11-16T14:05:37,
excel_import|summit|risk,excel_import,SUMMIT,Risk ,Status,Owner,2025-11-16T00:00:00,Risk High TTR ,TTR,NEW,20251116-140537,2025-11-16T14:05:37,
excel_import|summit|summit-954,excel_import,SUMMIT,SUMMIT-954,Developing ,Korat FW / ARS,2025-11-16T00:00:00,T240 EAW,TTR,NEW,20251116-140537,2025-11-16T14:05:37,
excel_import|summit|summit-1031,excel_import,SUMMIT,SUMMIT-1031,Study,Korat FW / LCO Servo,2025-11-16T00:00:00,Lin screen opti,TTR,NEW,20251116-140537,2025-11-16T14:05:37,
excel_import|dorado|dorado-950,excel_import,DORADO,Dorado-950,,,2025-11-16T00:00:00,Reduct T87 overhead loop in laser cal function  ,TTR,NEW,20251116-140537,2025-11-16T14:05:37,
excel_import|dorado|dorado-619,excel_import,DORADO,Dorado-619,,,2025-11-16T00:00:00,T461 in FLC_DELTA remove 9% sqz delta 0.05hrs,TTR,NEW,20251116-140537,2025-11-16T14:05:37,
excel_import|dorado|dorado-737,excel_import,DORADO,Dorado-737,,,2025-11-16T00:00:00,PRISM removal (was temporaily added in early Dorado bringup),TTR,NEW,20251116-140537,2025-11-16T14:05:37,
excel_import|dorado|dorado-898,excel_import,DORADO,Dorado-898,,,2025-11-16T00:00:00,Remove butterfly write seek (need TTR amount),TTR,NEW,20251116-140537,2025-11-16T14:05:37,
excel_import|dorado|dorado-607,excel_import,DORADO,Dorado-607,2 hd showing higher TTR than 46 need verification on 20hd,,2025-11-16T00:00:00,T461:Adjust T461 measurements that track BER changes rough the tes process for TTR,TTR,NEW,20251116-140537,2025-11-16T14:05:37,
excel_import|dorado|dorado-812,excel_import,DORADO,Dorado-812,,,2025-11-16T00:00:00,       VBAR_TPISME1 reduce max number of backoff steps ,TTR,NEW,20251116-140537,2025-11-16T14:05:37,
excel_import|dorado|dorado-1036,excel_import,DORADO,Dorado-1036,,,2025-11-16T00:00:00,"EWC changes ported from Marlin (Radical malloc, Smooth linear Bode, Reduce skdly in T135, T282 Idle Time red, ZAP seek path optimization
MarlinCT-1958,2008, 2012, 2018, 2057
Dorado 1156, 1157, 1159, 1177, 1179",TTR,NEW,20251116-140537,2025-11-16T14:05:37,
excel_import|dorado|dorado-1179,excel_import,DORADO,Dorado-1179,,ref Dorado-1036,2025-11-16T00:00:00,"TTR - Radical malloc eval  (6 hrs) (MarlinCT-1958, MarlinCT-2057)",TTR,NEW,20251116-140537,2025-11-16T14:05:37,
excel_import|dorado|dorado-1159,excel_import,DORADO,Dorado-1159,,ref Dorado-1036,2025-11-16T00:00:00,"TTR: T282 reduce ""idle time""  (9 hrs) (MarlinCT-2018)",TTR,NEW,20251116-140537,2025-11-16T14:05:37,
excel_import|dorado|dorado-1156,excel_import,DORADO,Dorado-1156,,,2025-11-16T00:00:00,TTR: Further Test Time Reduction In T282 - Bode Convergence Check (8 hrs),TTR,NEW,20251116-140537,2025-11-16T14:05:37,
excel_import|dorado|dorado-1158,excel_import,DORADO,Dorado-1158,,,2025-11-16T00:00:00,ZAP Seek Path Optimization (8 hours),TTR,NEW,20251116-140537,2025-11-16T14:05:37,
excel_import|dorado|dorado-1157,excel_import,DORADO,Dorado-1157,Need to x-check for Dorado,,2025-11-16T00:00:00,TTR - Reducing the SkDly in t135 from 20ms to 0ms (5 hrs),TTR,NEW,20251116-140537,2025-11-16T14:05:37,
excel_import|dorado|dorado-1223,excel_import,DORADO,Dorado-1223,,,2025-11-16T00:00:00,Remove FNC2 state T299_DS_ATI for TTR,TTR,NEW,20251116-140537,2025-11-16T14:05:37,
excel_import|dorado|dorado-1224,excel_import,DORADO,Dorado-1224,,,2025-11-16T00:00:00,Remove CRT2 state T299_ATI for TTR,TTR,NEW,20251116-140537,2025-11-16T14:05:37,
excel_import|dorado|dorado-621,excel_import,DORADO,Dorado-621,,,2025-11-16T00:00:00,FNC2: T461 BER tracking measurements:  reduce zone make to every 8th zone,TTR,NEW,20251116-140537,2025-11-16T14:05:37,
excel_import|dorado|dorado-583,excel_import,DORADO,Dorado-583,C/P TT saving by Sep16,,2025-11-16T00:00:00,LPV Iop Adjust by Head,TTR,NEW,20251116-140537,2025-11-16T14:05:37,
excel_import|dorado|dorado-959,excel_import,DORADO,Dorado-959,C/P TT saving by Sep16,,2025-11-16T00:00:00,"SMR : LZR"" VBAR_LAsER: in T211 use Tpiode=2 (DS only)",TTR,NEW,20251116-140537,2025-11-16T14:05:37,
excel_import|dorado|dorado-1037,excel_import,DORADO,Dorado-1037,C/P TT saving by Sep16,,2025-11-16T00:00:00,"SMR Dorado1 ractional VISA byZone, By preamp",TTR,NEW,20251116-140537,2025-11-16T14:05:37,
excel_import|dorado|dorado-902,excel_import,DORADO,Dorado-902,,,2025-11-16T00:00:00,"MQM 2 loop move to iMQM (Q426 30% iMQM, Q127 10%, Q227 1%",TTR,NEW,20251116-140537,2025-11-16T14:05:37,
excel_import|dorado|dorado-1011,excel_import,DORADO,Dorado-1011,,,2025-11-16T00:00:00,Scopy TA-FF,TTR,NEW,20251116-140537,2025-11-16T14:05:37,
excel_import|dorado|dorado-952,excel_import,DORADO,Dorado-952,Mihir wil check on SBR run,,2025-11-16T00:00:00,HSMR:T451 Reduce the Reg list in State Derived_OpTI_2,TTR,NEW,20251116-140537,2025-11-16T14:05:37,
excel_import|dorado|dorado-1080,excel_import,DORADO,Dorado-1080,,,2025-11-16T00:00:00,T102 PCBA_SCRN during soak,TTR,NEW,20251116-140537,2025-11-16T14:05:37,
excel_import|dorado|dorado-1015,excel_import,DORADO,Dorado-1015,,,2025-11-16T00:00:00,Skip track certify in format (TTR) (SMR only),TTR,NEW,20251116-140537,2025-11-16T14:05:37,
excel_import|dorado|dorado-1198,excel_import,DORADO,Dorado-1198,,,2025-11-16T00:00:00,Remove PWT SF3 portion for weld before Cert,TTR,NEW,20251116-140537,2025-11-16T14:05:37,
excel_import|dorado|dorado-1116,excel_import,DORADO,Dorado-1116,,,2025-11-16T00:00:00,    PC file compression (15 hrs ? - ,TTR,NEW,20251116-140537,2025-11-16T14:05:37,
excel_import|dorado|dorado-1247,excel_import,DORADO,Dorado-1247,Mihir wil check on SBR run,,2025-11-16T00:00:00,Reduce drive power off from 20s to 5s,TTR,NEW,20251116-140537,2025-11-16T14:05:37,
excel_import|dorado|dorado-1248,excel_import,DORADO,Dorado-1248,Mihir wil check on SBR run,,2025-11-16T00:00:00,Pause time reduce from 20s to 3s,TTR,NEW,20251116-140537,2025-11-16T14:05:37,
excel_import|dorado|droadao-1249,excel_import,DORADO,Droadao-1249,Mihir wil check on SBR run,,2025-11-16T00:00:00,Baud rate optimziation,TTR,NEW,20251116-140537,2025-11-16T14:05:37,
excel_import|dorado|dorado-1092,excel_import,DORADO,Dorado-1092,Check with Ben,,2025-11-16T00:00:00,"Remove uACT1 ""milli"" actuator Bode",TTR,NEW,20251116-140537,2025-11-16T14:05:37,
excel_import|dorado|droado-461,excel_import,DORADO,Droado-461,Let check more populatio in current mass,,2025-11-16T00:00:00,HSMR Conditional Certify HSMR 6C ,TTR,NEW,20251116-140537,2025-11-16T14:05:37,
excel_import|dorado|dorado-622,excel_import,DORADO,Dorado-622,Peerayoot will check with Rick,,2025-11-16T00:00:00,CRT2: T461: reduce zone mask to every 8th zone,TTR,NEW,20251116-140537,2025-11-16T14:05:37,
excel_import|dorado|dorado-651,excel_import,DORADO,Dorado-651,,,2025-11-16T00:00:00,Disable BPIC_SWEEP for TTR (35 min),TTR,NEW,20251116-140537,2025-11-16T14:05:37,
excel_import|dorado|dorado-979,excel_import,DORADO,Dorado-979,Need Mihir help,,2025-11-16T00:00:00,Dorado1 IBW with NoAdjTracks (fro weak write),TTR,NEW,20251116-140537,2025-11-16T14:05:37,
excel_import|dorado|dorado-1228,excel_import,DORADO,Dorado-1228,,Mihir S,2025-11-16T00:00:00,Evaluate modification of Active Servo Flaw Table (ASFT) build algorithm,TTR,NEW,20251116-140537,2025-11-16T14:05:37,
excel_import|dorado|dorado-1029,excel_import,DORADO,Dorado-1029,update eval plan timing with new preamps  for when it can cut in,,2025-11-16T00:00:00,NDS to run in parallel with Soak (8 days savnigs),TTR,NEW,20251116-140537,2025-11-16T14:05:37,
excel_import|dorado|dorado-1022,excel_import,DORADO,Dorado-1022,,,2025-11-16T00:00:00,TPI for iVBAR,TTR,NEW,20251116-140537,2025-11-16T14:05:37,
excel_import|dorado|ww24 eval rel ww44?? 20hd reli 500 hr ckpt ww45 mp rel,excel_import,DORADO,"WW24 eval rel WW44?? 20hd reli 500 hr ckpt
WW45 mp rel
",Est WW05 packout,put together plan for PROZ / Mango notification - Brian,2025-11-16T00:00:00,4.4) PCO TTR Q1FY27 (PCO 5.x.z),TTR,NEW,20251116-140537,2025-11-16T14:05:37,
excel_import|dorado|dorado-1136,excel_import,DORADO,Dorado-1136,,,2025-11-16T00:00:00,NDS to utilize 2 or 4 head bank write,TTR,NEW,20251116-140537,2025-11-16T14:05:37,
excel_import|dorado|dorado-439,excel_import,DORADO,Dorado-439,,,2025-11-16T00:00:00,SMR: Shingled SMR adj writes for LBA,TTR,NEW,20251116-140537,2025-11-16T14:05:37,
excel_import|dorado|dorado-516,excel_import,DORADO,Dorado-516,,,2025-11-16T00:00:00,FPW DOE for 25 nm NFT (Dorado 2) ,TTR,NEW,20251116-140537,2025-11-16T14:05:37,
excel_import|dorado|dorado-617,excel_import,DORADO,Dorado-617,,,2025-11-16T00:00:00,SPIO MQM develoment - merge from PF3 trunk to Dorado branch,TTR,NEW,20251116-140537,2025-11-16T14:05:37,
excel_import|dorado|dorado-624,excel_import,DORADO,Dorado-624,,,2025-11-16T00:00:00,ZAP Iteration 3 ->2  TTR (with PROZ) (business trade-off - not approved),TTR,NEW,20251116-140537,2025-11-16T14:05:37,
excel_import|dorado|dorado-813,excel_import,DORADO,Dorado-813,,,2025-11-16T00:00:00,Dorado Goby 7 2.0 Sector skew in SPF,TTR,NEW,20251116-140537,2025-11-16T14:05:37,
excel_import|dorado|dorado-519,excel_import,DORADO,Dorado-519,,,2025-11-16T00:00:00,PROZ HSMR  (H-CMR& H-SMR customer approval needed),TTR,NEW,20251116-140537,2025-11-16T14:05:37,
excel_import|dorado|dorado-903,excel_import,DORADO,Dorado-903,,,2025-11-16T00:00:00,2 head Bank Write on FPW before VBAR,TTR,NEW,20251116-140537,2025-11-16T14:05:37,
excel_import|dorado|dorado-1280,excel_import,DORADO,Dorado-1280,,,2025-11-16T00:00:00,FPW Removal (follow MarlinBP plan) + RGA on Dorado (FW35 reli ckpt),TTR,NEW,20251116-140537,2025-11-16T14:05:37,
excel_import|dorado|dorado-461,excel_import,DORADO,Dorado-461,,,2025-11-16T00:00:00,   HSMR Phase C (45 hrs for conditional read CMR),TTR,NEW,20251116-140537,2025-11-16T14:05:37,
excel_import|dorado|dorado-905,excel_import,DORADO,DORADO-905 ,,Korat FW,2025-11-16T00:00:00,POML All mode,TTR,NEW,20251116-140537,2025-11-16T14:05:37,
excel_import|dorado|dorado-548,excel_import,DORADO,Dorado-548,,,2025-11-16T00:00:00,Implement TOPAZ with PROZ (Z-PATH),TTR,NEW,20251116-140537,2025-11-16T14:05:37,
excel_import|dorado|dorado-907,excel_import,DORADO,Dorado-907,,,2025-11-16T00:00:00,Dynamic Soak on Dorado,TTR,NEW,20251116-140537,2025-11-16T14:05:37,
excel_import|dorado|dorado-909,excel_import,DORADO,Dorado-909,,,2025-11-16T00:00:00,Merge Master Format and SPFS (CMR only) (Goby 7),TTR,NEW,20251116-140537,2025-11-16T14:05:37,
excel_import|dorado|dorado -1289,excel_import,DORADO,Dorado -1289,,,2025-11-16T00:00:00,OEE SPSC2 + PWT  ,TTR,NEW,20251116-140537,2025-11-16T14:05:37,
disc|dorado|cr0014354,DISC,DORADO,CR0014354,Developing,Warat  Jintanamaneerat ,2025-11-11T10:50:45,Dorado : TTR Optimize Check spare T230 at EXTRA_BPI_MARGIN state  ,TTR,NEW,20251119-064203,2025-11-19T06:42:03,
disc|summit|cr0014359,DISC,SUMMIT,CR0014359,Awaiting Acceptation,Nontawat Nakul,2025-11-12T09:49:37,Summit TTR : C0 50hz scoring,TTR,NEW,20251119-064203,2025-11-19T06:42:03,
disc|summit|cr0014367,DISC,SUMMIT,CR0014367,Developing,Gronggaew Boonjuang,2025-11-13T16:25:51,TTR Eval PCO - Phase#1A-A,TTR,NEW,20251119-064203,2025-11-19T06:42:03,
disc|marlin bp|cr0014369,DISC,MARLIN BP,CR0014369,Awaiting Acceptation,Pavarisa Boonyaritchaikit,2025-11-14T10:33:27,Integrate T299 RAP saving optimization from Summit,TTR,NEW,20251119-064203,2025-11-19T06:42:03,
disc|summit|cr0014371,DISC,SUMMIT,CR0014371,Awaiting Acceptation,Uaiylanna Wannapila,2025-11-14T15:42:34,Summit Remove T299 Zn110 FNC2,TTR,NEW,20251119-064203,2025-11-19T06:42:03,
excel_import|marlin bp|mbp-1224,excel_import,MARLIN BP,MBP-1224,,DC TP/ARS,2025-11-19T00:00:00,T299: Disable Track Center Search,TTR,MODIFIED,20251119-064203,2025-11-19T06:42:03,
excel_import|marlin bp|mbp-1419,excel_import,MARLIN BP,MBP-1419,,DC,2025-11-19T00:00:00,Test Time: T297 Data Trimming at PRE2,TTR,MODIFIED,20251119-064203,2025-11-19T06:42:03,
excel_import|marlin bp|need jira,excel_import,MARLIN BP,need jira,,Servo DC,2025-11-19T00:00:00,Z-path (5hrs?) (can it pull in before Q3? - Mingzhong,TTR,MODIFIED,20251119-064203,2025-11-19T06:42:03,
excel_import|marlin bp|,excel_import,MARLIN BP,,,,2025-11-19T00:00:00,4.5/4.6) PCO 4.2.8/PCO 4.2.9,TTR,MODIFIED,20251119-064203,2025-11-19T06:42:03,
excel_import|marlin|marlinct-1797,excel_import,MARLIN,MARLINCT-1797,"PCO7.1.11F, Implemented",DC HW,2025-11-19T00:00:00,          1) COBRA op 6-11% push (see actual TT look like) (ZAP) - [L] [CAL2],TTR,MODIFIED,20251119-064203,2025-11-19T06:42:03,
excel_import|marlin|marlinct-2018,excel_import,MARLIN,MARLINCT-2018,,,2025-11-19T00:00:00,       6) Reducing the SkDly in t135 from 20ms to 0ms for AFH1_LOCD,TTR,MODIFIED,20251119-064203,2025-11-19T06:42:03,
excel_import|marlin|marlinct-2122,excel_import,MARLIN,MARLINCT-2122,,,2025-11-19T00:00:00,       1) BER collection removal/reduce t25 rev/RRO screen removal,TTR,MODIFIED,20251119-064203,2025-11-19T06:42:03,
excel_import|marlin|need jira,excel_import,MARLIN,Need Jira,"Global / SSDC, reviwoing ",,2025-11-19T00:00:00,       1) Leverage items from Summit,TTR,MODIFIED,20251119-064203,2025-11-19T06:42:03,
excel_import|marlin|tbd,excel_import,MARLIN,TBD,Evaluation,Ops Eng/DC HW,2025-11-19T00:00:00,        1) MQM removal 100%,TTR,MODIFIED,20251119-064203,2025-11-19T06:42:03,
excel_import|marlin|,excel_import,MARLIN,,,,2025-11-19T00:00:00,Release checkout (4H) - ww16,TTR,MODIFIED,20251119-064203,2025-11-19T06:42:03,
excel_import|summit|summit-1749,excel_import,SUMMIT,SUMMIT-1749,Done,SSDC,2025-11-19T00:00:00,Remove MAVGRO in Summit,TTR,MODIFIED,20251119-064203,2025-11-19T06:42:03,
excel_import|summit|summit-1825,excel_import,SUMMIT,SUMMIT-1825,Done,Wuxi FW/ Korat FW,2025-11-19T00:00:00,Reduce PES(T33) test revs from 32 to 16 (FNC2),TTR,MODIFIED,20251119-064203,2025-11-19T06:42:03,
"excel_import|summit|summit-1612, summit-1772",excel_import,SUMMIT,"SUMMIT-1612,
SUMMIT-1772",Done,Korat FW / ARS,2025-11-19T00:00:00,   T299 optimize track center (FNC2),TTR,MODIFIED,20251119-064203,2025-11-19T06:42:03,
excel_import|summit|summit-1881,excel_import,SUMMIT,SUMMIT-1881,Done,Korat FW,2025-11-19T00:00:00,TTR: MSMR dual reader test by condition (from single reader),TTR,MODIFIED,20251119-064203,2025-11-19T06:42:03,
excel_import|summit|summit-1701,excel_import,SUMMIT,SUMMIT-1701,Done,,2025-11-19T00:00:00,Temporary State Removal (CRT2),TTR,MODIFIED,20251119-064203,2025-11-19T06:42:03,
excel_import|summit|summit-2064,excel_import,SUMMIT,SUMMIT-2064,Done,,2025-11-19T00:00:00,Temporary State Removal (CRT2),TTR,MODIFIED,20251119-064203,2025-11-19T06:42:03,
excel_import|summit|summit-2078,excel_import,SUMMIT,SUMMIT-2078,,,2025-11-19T00:00:00,Remove T240 Zn1 in write screen state (temp) 300dppm,TTR,MODIFIED,20251119-064203,2025-11-19T06:42:03,
excel_import|summit|summit-1134,excel_import,SUMMIT,SUMMIT-1134,"SPQ-10649
SBR: SMPEXGGZFS",SSDC/ Korat SW-FW,2025-11-19T00:00:00,ZFS (20) - run on BRC5832,TTR,MODIFIED,20251119-064203,2025-11-19T06:42:03,
excel_import|summit|summit-2086,excel_import,SUMMIT,SUMMIT-2086,Done,SSDC TP,2025-11-19T00:00:00,TTR: Investigate further TTR in MSMR_SR_RDR_TST_2 by running through exceptions,TTR,MODIFIED,20251119-064203,2025-11-19T06:42:03,
excel_import|summit|summit-2273,excel_import,SUMMIT,SUMMIT-2273,Done,Korat FW,2025-11-19T00:00:00,TTR: T240 TEST ZONE by Condition #Phase2,TTR,MODIFIED,20251119-064203,2025-11-19T06:42:03,
excel_import|summit|summit-2279,excel_import,SUMMIT,SUMMIT-2279,,Servo/DC,2025-11-19T00:00:00,TTR: Test 33 Seek Delay Improvement (SF3),TTR,MODIFIED,20251119-064203,2025-11-19T06:42:03,
excel_import|summit|tsr-6529,excel_import,SUMMIT,TSR-6529 ,,Royce,2025-11-19T00:00:00,TTR: T102 on PCBA Screen (SF3) + (new PF3),TTR,MODIFIED,20251119-064203,2025-11-19T06:42:03,
excel_import|summit|disc-cr0014225,excel_import,SUMMIT,DISC-CR0014225,,Korat FW,2025-11-19T00:00:00,TTR- T240 Predict Final Write,TTR,MODIFIED,20251119-064203,2025-11-19T06:42:03,
excel_import|summit|summit-2355,excel_import,SUMMIT,SUMMIT-2355,,Servo/DC,2025-11-19T00:00:00,"TOPAZ Opt 1 (TgtRRO 0.029"")",TTR,MODIFIED,20251119-064203,2025-11-19T06:42:03,
excel_import|summit|summit-2272,excel_import,SUMMIT,SUMMIT-2272,,Korat FW,2025-11-19T00:00:00,TTR: Reduce num write of zone 0 at VBAR_ATI,TTR,MODIFIED,20251119-064203,2025-11-19T06:42:03,
excel_import|summit|pending,excel_import,SUMMIT,Pending,TBD,Korat PE/Korat FW,2025-11-19T00:00:00,Remove PWT SF3 portion​ for weld before CERT portion.,TTR,MODIFIED,20251119-064203,2025-11-19T06:42:03,
excel_import|summit|tbd,excel_import,SUMMIT,TBD,,US DC,2025-11-19T00:00:00,T451 opti overhead,TTR,MODIFIED,20251119-064203,2025-11-19T06:42:03,
excel_import|summit|,excel_import,SUMMIT,,,,2025-11-19T00:00:00,Gap to POR 3.0 (all risks),TTR,MODIFIED,20251119-064203,2025-11-19T06:42:03,
excel_import|summit|h,excel_import,SUMMIT,H,Study,Korat FW / LCO ARS,2025-11-19T00:00:00,T299 ATI optimize test zone,TTR,MODIFIED,20251119-064203,2025-11-19T06:42:03,
excel_import|dorado|dorado-906,excel_import,DORADO,Dorado-906,,,2025-11-19T00:00:00,4.4.1) Soak 9 days (refer to row xx,TTR,MODIFIED,20251119-064203,2025-11-19T06:42:03,
excel_import|dorado|?,excel_import,DORADO,?,,DC,2025-11-19T00:00:00,"Project to remove UACT1 ""milli"" actuator",TTR,MODIFIED,20251119-064203,2025-11-19T06:42:03,
excel_import|dorado|need jira,excel_import,DORADO,need jira,,,2025-11-19T00:00:00,T461 similar to marlin JIRA1036,TTR,MODIFIED,20251119-064203,2025-11-19T06:42:03,
excel_import|dorado|,excel_import,DORADO,,,,2025-11-19T00:00:00,Total  CERT TTR,TTR,MODIFIED,20251119-064203,2025-11-19T06:42:03,
