Source,Program,Task_ID,Status,User_Name,Date_Time,Task_Name,Improvement_Type,GAIN,Impact oper,User_Review,Merge_Action,TARGET_PCO,IMPLEMENT_PCO,Business_Key,Task_ID_Source,Title,Status_Raw,Owner_Raw,Updated_TS_Raw,Last_Sync_TS
excel_import,MARLIN BP,MBP-1404,,,11/18/2025,FNC2 RRO_SCRN_x removal (pull in),TTR,0.3,,,modified,,,,,,,,,
excel_import,MARLIN BP,MBP-1445,,,11/18/2025,TTR: Remove PRE2 prm_282_hiResVCMBodeTemp (pull in),TTR,0.3,,,modified,,,,,,,,,
excel_import,MARLIN BP,MBP-1481,,,11/18/2025,T102 PCBA_SCRN TTR (pull in),TTR,2,,,modified,,,,,,,,,
excel_import,MARLIN BP,,Implemented FW2613 (PCO4.2.13),,11/18/2025,4.10) PCO 4.2.12,TTR,0,,,modified,,,,,,,,,
excel_import,MARLIN BP,MBP-1609,,,11/18/2025,Remove PWT SF3 portion for weld before Cert (pull in),TTR,2,,,modified,,,,,,,,,
excel_import,MARLIN BP,MBP-1641,,,11/18/2025,TTR: CERT portion Powercycle,TTR,1.5,,,modified,,,,,,,,,
excel_import,MARLIN BP,MBP-1706,,,11/18/2025,"TTR: T282 reduce ""idle time""",TTR,9,,,modified,,,,,,,,,
excel_import,MARLIN BP,MBP-1707,,,11/18/2025,TTR: Further Test Time Reduction In T282 - Bode Convergence Check,TTR,6,,,modified,,,,,,,,,
excel_import,MARLIN BP,MBP-1708,,,11/18/2025,TTR - Reducing the SkDly in t135 from 20ms to 0ms,TTR,5,,,modified,,,,,,,,,
excel_import,MARLIN BP,MBP-1352,,DC / Korat PE,11/18/2025,Enable STFL on SMR,TTR,30,,,modified,,,,,,,,,
excel_import,MARLIN BP,MBP-1224,1.2,DC TP/ARS,11/18/2025,T299: Disable Track Center Search,TTR,1.2,,,modified,,,,,,,,,
excel_import,MARLIN BP,MBP-1383,,DC,11/18/2025,Fast uJog in T299,TTR,2,,,modified,,,,,,,,,
excel_import,MARLIN BP,MBP-1353,,DC,11/18/2025,Write Process Restructuring: Fix to VBAR Laser Setup,TTR,3,,,modified,,,,,,,,,
excel_import,MARLIN BP,MBP-1419,,DC,11/18/2025,Test Time: T297 Data Trimming at PRE2,TTR,1.5,,,modified,,,,,,,,,
excel_import,MARLIN BP,MBP-972,,DC,11/18/2025,PROZ   (note: PROZ chg is in PCO 5.0.4),TTR,100,,,modified,,,,,,,,,
excel_import,MARLIN BP,MBP-1444,,,11/18/2025,T282 C0 sensitivity opti,TTR,7,,,modified,,,,,,,,,
excel_import,MARLIN BP,MBP-1525,,,11/18/2025,Erasure Testing - Fast Write Modes (T298/T299),TTR,0,,,modified,,,,,,,,,
excel_import,MARLIN BP,MBP-1718,,,11/18/2025,TTR: To close TT gap (vs Marlin) - BER measurement,TTR,5,,,modified,,,,,,,,,
excel_import,MARLIN BP,MBP-1739,,,11/18/2025,T282 sensitivity projection optimization - data & test time reduction,TTR,0,,,modified,,,,,,,,,
excel_import,MARLIN BP,MBP-1671,,,11/18/2025,TTR - Radical malloc eval,TTR,10,,,modified,,,,,,,,,
excel_import,MARLIN BP,MBP-1846,,Korat FW,11/18/2025,LASER_INIT test process optimization,TTR,1,,,modified,,,,,,,,,
excel_import,MARLIN BP,MBP-1625,,,11/18/2025,ZAP Seek Path Optimization,TTR,3.6,,,modified,,,,,,,,,
excel_import,MARLIN BP,MBP-1602,,,11/18/2025,SPFS T2108 Read TTR by increasing CertTrkStep (SkInc) to 75 from default 30 (CMR only),TTR,0.6,,,modified,,,,,,,,,
excel_import,MARLIN BP,MBP-1704,,,11/18/2025,Reduce redundant zones test of VBAR_ATI,TTR,2,,,modified,,,,,,,,,
excel_import,MARLIN BP,MBP-1852,,,11/18/2025,Removal of Offset Search & Channel Training Reads,TTR,??,,,modified,,,,,,,,,
excel_import,MARLIN BP,MBP-1916,,DC,11/18/2025,WP Optimization,TTR,??,,,modified,,,,,,,,,
excel_import,MARLIN BP,MBP-1926,,,11/18/2025,Optimize get ta rec for TA access and audit lookup,TTR,0.4??,,,modified,,,,,,,,,
excel_import,MARLIN BP,MBP-1774,,,11/18/2025,Add DRAM screen while soaking test,TTR,??,,,modified,,,,,,,,,
excel_import,MARLIN BP,MBP-1792,,Servo DC,11/18/2025,MarlinBP remove state (est. 43 hrs) ??,TTR,0,,,modified,,,,,,,,,
excel_import,MARLIN BP,MBP-1856,,,11/18/2025,T451 Derived Opti: Update Anchor zone behavior and set anchor zone mask,TTR,,,,modified,,,,,,,,,
excel_import,MARLIN BP,MBP-1815,,,11/18/2025,FPW & SPFS Power Cycle Removal around LFA,TTR,,,,modified,,,,,,,,,
excel_import,MARLIN BP,"MBP-1884, MBP-1887",,Korat FW/DC TP/ARS,11/18/2025,FPW removal,TTR,45,,,modified,,,,,,,,,
excel_import,MARLIN BP,Need Jira,,,11/18/2025,POML all mode for SMR,TTR,,,,modified,,,,,,,,,
excel_import,MARLIN BP,MBP-1731,,,11/18/2025,Scopy TA Scan Feed Forward,TTR,12,,,modified,,,,,,,,,
excel_import,MARLIN BP,MBP-1705,,DC,11/18/2025,"Project to remove UACT1 ""milli"" actuator",TTR,2,,,modified,,,,,,,,,
excel_import,MARLIN BP,MBP-,,,11/18/2025,Skip track certify CMR (can we pull in 1 qtr)/ (MarlinCT-1980),TTR,20,,,modified,,,,,,,,,
excel_import,MARLIN BP,MBP-1730,,,11/18/2025,SMR Format removal (SMR only),TTR,25??,,,modified,,,,,,,,,
excel_import,MARLIN BP,MBP-1909,,Korat FW/ARS DC,11/18/2025,T55 with independent ZAP track (can we pull in?,TTR,10,,,modified,,,,,,,,,
excel_import,MARLIN BP,need jira,,Servo DC,11/18/2025,Z-path (5hrs?) (can it pull in before Q3? - Mingzhong,TTR,5??,,,modified,,,,,,,,,
excel_import,MARLIN BP,MBP-1931,,,11/18/2025,10k RPM eval at SPIN OPER (Soak Time reduction eval),TTR,,,,modified,,,,,,,,,
excel_import,MARLIN BP,MBP-1488,,,11/18/2025,T451 Random Pattern Generation 5% TTR (when?),TTR,0,,,modified,,,,,,,,,
excel_import,MARLIN BP,"MBP-1501, 1759, 1760",,,11/18/2025,3rev to 2rev ZAP 30TBLV Meta (30 hrs but won't intersect in time for Meta),TTR,0,,,modified,,,,,,,,,
excel_import,MARLIN BP,MBP-1405,,,11/18/2025,FNC2 T150 Linearization monitor (1.2) (1hr?),TTR,0,,,modified,,,,,,,,,
excel_import,MARLIN BP,MBP-1013,,PCO 4.2.1,11/18/2025,NDS in parallel with soak (anneal) (9H heads only),TTR,,,,modified,,,,,,,,,
excel_import,MARLIN BP,MBP-1403,,,11/18/2025,PRE2 GMR_RES_2x monitor (0.2),TTR,,,,modified,,,,,,,,,
excel_import,MARLIN BP,MBP-1236,,DC,11/18/2025,T461 AC Erase Support,TTR,0,,,modified,,,,,,,,,
excel_import,MARLIN BP,MBP-1307,1.5,Korat FW / PE,11/18/2025,Reduce drive off time,TTR,,,,modified,,,,,,,,,
excel_import,MARLIN BP,MBP-1199,2,Korat FW,11/18/2025,Update BPI/TPI FMT via PC file,TTR,,,,modified,,,,,,,,,
excel_import,MARLIN BP,https://jira.seagate.com/jira/browse/MARLINCT-1799,1,,11/18/2025,Reduce t461 to odd/even zones and reduce the number of reads per write,TTR,,,,modified,,,,,,,,,
excel_import,MARLIN BP,https://jira.seagate.com/jira/browse/MARLINCT-1800,2.5,,11/18/2025,TTR: Reduce T33 zone test,TTR,,,,modified,,,,,,,,,
excel_import,MARLIN BP,https://jira.seagate.com/jira/browse/MARLINCT-1807,3,,11/18/2025,"TTR: Write/Read Xfer Test Zn reduce (0,2,104)",TTR,,,,modified,,,,,,,,,
excel_import,MARLIN,MARLINCT-1797,"PCO7.1.11F, Implemented",DC HW,11/18/2025,          1) COBRA op 6-11% push (see actual TT look like) (ZAP) - [L] [CAL2],TTR,0,,,same,,,,,,,,,
excel_import,MARLIN,MARLINCT-1803,"PCO7.1.11F, Implemented",DC HW,11/18/2025,"          2) DPCO logic flow update under state parameter applyMaxDpcoWriteClr. - [L] [CAL, CAL2]",TTR,0.5,,,same,,,,,,,,,
excel_import,MARLIN,,,,11/18/2025,     4.12) PCO7.1.11K/Q - 16.9hrs,TTR,0,,,modified,,,,,,,,,
excel_import,MARLIN,MARLINCT-1800,"PCO7.1.11K, Implemented",DC HW,11/18/2025,          1) Revisit T33 call - reduce qty & Sampling revs - [L] [PRE2-FNC2],TTR,2.5,,,same,,,,,,,,,
excel_import,MARLIN,MARLINCT-1798,"PCO7.1.11K, Implemented",DC HW,11/18/2025,"          2)TTR: PCBA_SCRN_T102 Optimization - [L] [PRE2, CRT2, PWT]",TTR,1,,,same,,,,,,,,,
excel_import,MARLIN,MARLINCT-1742,"PCO7.1.11K, Implemented",Ops Eng,11/18/2025,          3) Update BPI/TPI FMT viz PC file on HSMR - [L] [CAL2],TTR,2,,,same,,,,,,,,,
excel_import,MARLIN,MARLINCT-1807,"PCO7.1.11K, Implemented",Ops Eng,11/18/2025,          4) W/R Xfer Sampling Test - [L][FIN2],TTR,3,,,same,,,,,,,,,
excel_import,MARLIN,MARLINCT-1809,"PCO7.1.11K, Implemented",Ops Eng,11/18/2025,          5) FIN2 HAMR file 100 polling optimization - [L][FIN2],TTR,1,,,same,,,,,,,,,
excel_import,MARLIN,MARLINCT-1815,"PCO7.1.11K, Implemented",Ops Eng,11/18/2025,          6) Download code process optimization or temp lock - [FIN2],TTR,0.4,,,same,,,,,,,,,
excel_import,MARLIN,MARLINCT-1828,"PCO7.1.11K, Implemented",DC HW,11/18/2025,          7) SF3_DPCO_CAL2 removal - [L][CAL2],TTR,6,,,same,,,,,,,,,
excel_import,MARLIN,MARLINCT-1821,"PCO7.1.11K, Implemented",DC HW,11/18/2025,          8) Write Opti - Read Reduction: 2 reads to 1 - [L][CAL2],TTR,,,,modified,,,,,,,,,
excel_import,MARLIN,MARLINCT-1799,"PCO7.2.04F, Implemented",DC HW,11/18/2025,          1) T461reduction / T461 during ZAP (do only even or odd zone) - [L] [PRE2-PWT],TTR,2.6,,,same,,,,,,,,,
excel_import,MARLIN,MARLINCT-1859,"PCO7.2.04F, Implemented",DC HW,11/18/2025,          2) TTR: Remove PRE2 prm_282_hiResVCMBodeTemp. - [L][PRE2],TTR,,,,modified,,,,,,,,,
excel_import,MARLIN,MARLINCT-1864,"PCO7.2.04F, Implemented",DC HW,11/18/2025,          3) ASSCI diag removal for TTR - [FIN2],TTR,,,,modified,,,,,,,,,
excel_import,MARLIN,MARLINCT-1865,"PCO7.2.04F, Implemented",,11/18/2025,"          4) TTR: PCBA_SCRN_T102 Optimization #2 - [PRE2,CRT2,PWT]",TTR,,,,modified,,,,,,,,,
excel_import,MARLIN,MARLINCT-1757,"PCO7.2.04F, Implemented",,11/18/2025,          5) T299: Disable Track Center Search - [PRE2-PWT],TTR,,,,modified,,,,,,,,,
excel_import,MARLIN,"MARLINCT-365
MARLINCT-1805","PCO7.2.04F, Implemented",DC HW,11/18/2025,          6) HSMR write pass rml (PWT intercept) - [PWT],TTR,45,,,same,,,,,,,,,
excel_import,MARLIN,"MARLINCT-1784
MARLINCT-1643
MARLINCT-1763","cut-in 100%
 in FW2605 (6-Aug-25)",DC HW/DC TP,11/18/2025,"           1) PROZ phase #1 (H-CMR mode) - [FNC2] - phase in 60%, 100% by month",TTR,,,,modified,,,,,,,,,
excel_import,MARLIN,MARLINCT-1853,,,11/18/2025,          1) T47 change to accommodate SCOPY TTR change. [SCOPY],TTR,,,,modified,,,,,,,,,
excel_import,MARLIN,MARLINCT-1861,,DC HW,11/18/2025,"          2) Marlin - T33 calls - Reduce Rev - [L][PRE2,FNC2]",TTR,,,,modified,,,,,,,,,
excel_import,MARLIN,MARLINCT-1889,,,11/18/2025,          3) TTR opportunity of using DTS commmand - [L][FIN2],TTR,,,,modified,,,,,,,,,
excel_import,MARLIN,MARLINCT-1911,,,11/18/2025,          4) Small TTR- baud verification - [L][FIN2],TTR,,,,modified,,,,,,,,,
excel_import,MARLIN,MARLINCT-1857,,DC HW,11/18/2025,"          5) C0 sensitivity scoring from multi-rate to single-rate: - [PRE2, CAL]",TTR,,,,modified,,,,,,,,,
excel_import,MARLIN,MARLINCT-1879,,,11/18/2025,          6) T451 Random Pattern Generation 5% TTR - [CAL2],TTR,,,,modified,,,,,,,,,
excel_import,MARLIN,MARLINCT-1958,,,11/18/2025,"       1) TTR: T282 reduce ""idle time"" - [PRE2, CAL]",TTR,,,,modified,,,,,,,,,
excel_import,MARLIN,MARLINCT-1984,,,11/18/2025,"       2) Project to remove UACT1 ""milli"" actuator Bode",TTR,,,,modified,,,,,,,,,
excel_import,MARLIN,MARLINCT-2012,,,11/18/2025,       3) T282 – Bode convergence check,TTR,,,,modified,,,,,,,,,
excel_import,MARLIN,MARLINCT-2018,,,11/18/2025,"       4) Reducing the SkDly in t135 from 20ms to 0ms [PRE2,CAL,PWT]",TTR,,,,modified,,,,,,,,,
excel_import,MARLIN,MARLINCT-1676,"In PCO7.207, need investigate",,11/18/2025,       5) TCG_PREP EC11087 improvment [FIN2],TTR,,,,modified,,,,,,,,,
excel_import,MARLIN,MARLINCT-2008,,,11/18/2025,       1) TTR: ZAP Seek Path Optimization ( PROZ/OCZ ) [EWC T275] - [FNC2],TTR,,,,modified,,,,,,,,,
excel_import,MARLIN,MARLINCT-2100,,,11/18/2025,       2) LASER_INIT process optimize,TTR,,,,modified,,,,,,,,,
excel_import,MARLIN,MARLINCT-1916,,,11/18/2025,       3) T2108 Read TTR by increasing CertTrkStep (SkInc) to 75 from default 30 [FNC2],TTR,,,,modified,,,,,,,,,
excel_import,MARLIN,MARLINCT-2057,,,11/18/2025,"       4) EWC Radical malloc (15hrs) [CAL, CAL2,FNC2] (New)",TTR,12,,,modified,,,,,,,,,
excel_import,MARLIN,MARLINCT-1901,,,11/18/2025,       7) PC compression(Save state)- about 7 hrs,TTR,,,,modified,,,,,,,,,
excel_import,MARLIN,MARLINCT-1754,,,11/18/2025,       8) STFL Enable for SMR only ,TTR,,,,modified,,,,,,,,,
excel_import,MARLIN,MARLINCT-2131 ,,,11/18/2025,       1) DRAM test during soak test,TTR,,,,modified,,,,,,,,,
excel_import,MARLIN,MARLINCT-2143,,,11/18/2025,       2) Remove extra t461 BER measurements around ZA,TTR,,,,modified,,,,,,,,,
excel_import,MARLIN,MARLINCT-2159,,,11/18/2025,       3) Sample PSV_SCOPY_QUALITY state in PRE2.,TTR,,,,modified,,,,,,,,,
excel_import,MARLIN,MARLINCT-1948,In PCO7.3.01 onward,,11/18/2025,"       4) T285 DRCM optimize servo sector step iteration. [PRE2,PWT]",TTR,,,,modified,,,,,,,,,
excel_import,MARLIN,MARLINCT-1868,Apply fix intercept PWT issue,Ops Eng,11/18/2025,       5) Reduce redundance VBAR ATI - [L][CAL2],TTR,0,,,same,,,,,,,,,
excel_import,MARLIN,MARLINCT-2210,Already in PCO7.3.03,,11/18/2025,"        7) WPOPTI: Pickup of SF3 TTR, and PF3 TTR   (2.5+1 hrs)",TTR,,,,modified,,,,,,,,,
excel_import,MARLIN,MARLINCT-1704,"Pending RGA, CP WW20",,11/18/2025,       1) FPW CAL2 removal (45hrs) - (Can enable by CMS),TTR,,,,modified,,,,,,,,,
excel_import,MARLIN,MARLINCT-1913,US DC develop base Summit,DC HW,11/18/2025,      2) TA scan feed forward - [H][SCOPY],TTR,0,,,same,,,,,,,,,
excel_import,MARLIN,MARLINCT-2217,,,11/18/2025,       3) Active Servo Flaw Table (ASFT) build algorithm change,TTR,,,,modified,,,,,,,,,
excel_import,MARLIN,MARLINCT-2122,,,11/18/2025,       1) BER collection removal/reduce t25 rev/RRO screen removal,TTR,,,,modified,,,,,,,,,
excel_import,MARLIN,Need Jira,"Global / SSDC, reviwoing ",,11/18/2025,       1) Leverage items from Summit,TTR,0,,,modified,,,,,,,,,
excel_import,MARLIN,MARLINCT-2200,,,11/18/2025,       2) Opti settling bypass BIE,TTR,,,,modified,,,,,,,,,
excel_import,MARLIN,MARLINCT-2201,,,11/18/2025,       3) Increase Opti LC_Delay step size from 2 to 4,TTR,,,,modified,,,,,,,,,
excel_import,MARLIN,MARLINCT-2202,,,11/18/2025,       4) apply Increase Opti LC_Delay step size from 2 to 4 to all opti calls,TTR,,,,modified,,,,,,,,,
excel_import,MARLIN,MARLINCT-1867,Task checkout,Ops Eng,11/18/2025,       2) VBAR ATI prediction ML - [L][CAL2] - ? hr - require TVM separate,TTR,0,,,same,,,,,,,,,
excel_import,MARLIN,MARLINCT-1820,Study by Korat,Ops Eng,11/18/2025,       3) VBAR lacer PRE2 predict ML phase 1 - [H][PRE2] - 1hr,TTR,0,,,same,,,,,,,,,
excel_import,MARLIN,MARLINCT-1846,Include in PCO7.2.10A,Ops Eng,11/18/2025,2) Optimize sorting time  (H-SMR mode) -  [L] [FNC2],TTR,0,,,same,,,,,,,,,
excel_import,MARLIN,MARLINCT-2117,Pending code release (15Aug),Ops Eng,11/18/2025,"3) ZAP 1-rev [FNC2][H] (maximum 60hr, projected 30 )- not allow",TTR,0,,,same,,,,,,,,,
excel_import,MARLIN,MARLINCT-2157,develop,,11/18/2025,        4) VBAR_WP OPTI write by conds [CAL2] [M](projected 4),TTR,,,,modified,,,,,,,,,
excel_import,MARLIN,TSR-6211,"Require TIST 30x, TVM60
Control / TTR",,11/18/2025,        1) SMR POML  (12 hrs),TTR,,,,modified,,,,,,,,,
excel_import,MARLIN,MARLINCT-2226,,,11/18/2025,        2) SF3 reloadRAP eval,TTR,,,,modified,,,,,,,,,
excel_import,MARLIN,1905,,DC HW,11/18/2025,       1) Soak Removal - [H][SPIN] [plan complere ww32] (120 hr),TTR,0,,,modified,,,,,,,,,
excel_import,MARLIN,"TSR-4468
MARLINCT-1749",Developing by US & Korat,DC TP/Op Eng,11/18/2025,        2) Bank write Phase1 -  FPW b4VBAR optimize by T463 (Bank Write) - [H][CAL2],TTR,0,,,same,,,,,,,,,
excel_import,MARLIN,TBD,Evaluation,Ops Eng/DC HW,11/18/2025,        1) MQM removal 100%,TTR,0,,,same,,,,,,,,,
excel_import,MARLIN,DISC-13649,Task checkout,Ops Eng,11/18/2025,       1) Remove duplicate T461 (CAL_BER) - [L][PRE2-PWT],TTR,0,,,same,,,,,,,,,
excel_import,MARLIN,"TSR-4851
MARLINCT-1890",SF3 developing,DC HW,11/18/2025,       4) Nimbus Split Temp (No wait Time) - Already in PCO7.2.05,TTR,0,,,same,,,,,,,,,
excel_import,MARLIN,MARLINCT-1833,Study by Korat,Ops Eng,11/18/2025,      2) Weld After Assembly - [H][PWT],TTR,0,,,same,,,,,,,,,
excel_import,MARLIN,MARLINCT-1782,Study by DC,DC HW,11/18/2025,      3) FMT certify by condition - [H][FIN2],TTR,0,,,same,,,,,,,,,
excel_import,MARLIN,1908,Follow up status by CJ,DC HW,11/18/2025,      5) T418 refractoring - [PRE2],TTR,0,,,same,,,,,,,,,
excel_import,MARLIN,1906,Study by DC,DC HW,11/18/2025,      9) DOS threshold reduce quantitis of zone as we see some more margin,TTR,0,,,same,,,,,,,,,
excel_import,MARLIN,FWSD-6603,,DC-FW,11/18/2025,     11) Merge Master Format and SinglePassFlawScan (SPFS),TTR,0,,,modified,,,,,,,,,
excel_import,SUMMIT,SUMMIT-1187,Done,RW LCO&Korat FW / RTE,11/18/2025,        POML OTF,TTR,,,,modified,,,,,,,,,
excel_import,SUMMIT,"SUMMIT-1200	",Done,RW LCO&Korat FW / PE&RTE,11/18/2025,        POML WW,TTR,,,,modified,,,,,,,,,
excel_import,SUMMIT,SUMMIT-1376,Done,Korat FW / LCO SF3,11/18/2025,        T102 optimize,TTR,,,,modified,,,,,,,,,
excel_import,SUMMIT,,Review opportunity,CT / PE,11/18/2025,Enable STFL 85% (pull in),TTR,,,,modified,,,,,,,,,
excel_import,SUMMIT,SUMMIT-1132,Done,Servo SSDC / TCO PF3,11/18/2025,        ZAP Audit optimize (3.5.0C),TTR,,,,modified,,,,,,,,,
excel_import,SUMMIT,SUMMIT-1188,Done,Korat FW / TCO PF3,11/18/2025,       T299 Reduce num wirte (3.5.0C),TTR,,,,modified,,,,,,,,,
excel_import,SUMMIT,SUMMIT-1189,Done,Korat FW / LCO SF3,11/18/2025,        Power cycle optimize,TTR,,,,modified,,,,,,,,,
excel_import,SUMMIT,SUMMIT-1450,Done,Korat FW/ SSDC,11/18/2025,T299 opti RAP saving ,TTR,,,,modified,,,,,,,,,
excel_import,SUMMIT,SUMMIT-1430,Done,SG SW team,11/18/2025,T130 optimize,TTR,1.5,,,same,,,,,,,,,
excel_import,SUMMIT,SUMMIT-1481,Done,SSDC,11/18/2025,T297 optimize,TTR,4,,,same,,,,,,,,,
excel_import,SUMMIT,SUMMIT-1479,Done,Korat FW,11/18/2025,Opti HME compoment CAL2,TTR,1,,,same,,,,,,,,,
excel_import,SUMMIT,SUMMIT-1502,Done,SSDC,11/18/2025,TTR- Disable MT50/10 measurements (Test269),TTR,2,,,same,,,,,,,,,
excel_import,SUMMIT,SUMMIT-1526,Done,SSDC,11/18/2025,BER_OPTI remove redundant repeated T461,TTR,3,,,same,,,,,,,,,
excel_import,SUMMIT,SUMMIT-1374,Done,SSDC,11/18/2025,Update boost opti range for more stable zn to zn CTF,TTR,1.3,,,same,,,,,,,,,
excel_import,SUMMIT,SUMMIT-1343,Done,Korat FW,11/18/2025,Reduce num of read  (VBAR WP) (pull in),TTR,1.3,,,same,,,,,,,,,
excel_import,SUMMIT,SUMMIT-1345,Done,Korat FW,11/18/2025,TTR BPI - TPI FMT update (Pull in),TTR,0.4,,,same,,,,,,,,,
excel_import,SUMMIT,"SUMMIT-1431,
SUMMIT-1580",Done,SG SW team,11/18/2025,SPFS with SkInc optimization (CMR/ SMR),TTR,1,,,same,,,,,,,,,
excel_import,SUMMIT,SUMMIT-1314,Done,SSDC,11/18/2025,TTR T297 optimize data collection CAL2 (Pull in),TTR,3,,,same,,,,,,,,,
excel_import,SUMMIT,SUMMIT-366,Done,CT & US Test process,11/18/2025,"PROZ from preamp allocation as of Feb10,2025 (50% to 100%)",TTR,50,,,same,,,,,,,,,
excel_import,SUMMIT,SUMMIT-1863,Done,Ops Eng,11/18/2025,BER_OPTI Variable spare (Pull in),TTR,5,,,same,,,,,,,,,
excel_import,SUMMIT,SUMMIT-1708,Done,DE/ Korat FW,11/18/2025,"Reduce T299 Numwrt  (CAL2,  PWT), focus Expand",TTR,2.4,,,same,,,,,,,,,
excel_import,SUMMIT,SUMMIT-1749,Done,SSDC,11/18/2025,Remove MAVGRO in Summit,TTR,5,,,same,,,,,,,,,
excel_import,SUMMIT,"SUMMIT-1202/
SUMMIT-1850 ",Done,Korat FW,11/18/2025,"FINE_UJOG_INIT TTR (Goby) by condition (CAL2-CMR/HSMR)
",TTR,1.6,,,same,,,,,,,,,
excel_import,SUMMIT,SUMMIT-1757,Done,SSDC,11/18/2025,TTR: Remove SWD_CAL SkipWriteDetect_198 (CAL2/ CRT2),TTR,1.8,,,same,,,,,,,,,
excel_import,SUMMIT,"SUMMIT-1576/
TSR-4093",Done,SSDC,11/18/2025,TTR on Summit CMR PWT VARIABLE_SPARES (TT -1.5),TTR,0,,,same,,,,,,,,,
excel_import,SUMMIT,SUMMIT-1834,Done,Wuxi FW,11/18/2025,"Remove T298 in T299_ATI and WRITE_SCRN (FNC2, PWT)",TTR,0.6,,,same,,,,,,,,,
excel_import,SUMMIT,SUMMIT-1825,Done,Wuxi FW/ Korat FW,11/18/2025,Reduce PES(T33) test revs from 32 to 16 (FNC2),TTR,1,,,same,,,,,,,,,
excel_import,SUMMIT,"
SUMMIT-1703",Done,Korat FW,11/18/2025,"Special 24 hrs TTR, Pick only CRT2 T299 (CRT2)",TTR,1.2,,,same,,,,,,,,,
excel_import,SUMMIT,SUMMIT-1509,Done,SSDC,11/18/2025,   TTR- Reduced BER measure WPOPTI (CAL2),TTR,2,,,same,,,,,,,,,
excel_import,SUMMIT,SUMMIT-1545,Done,SSDC,11/18/2025,   TTR: T451 increase step size from 2 to 4 for LC_DELAY_SDW (CAL2),TTR,1,,,same,,,,,,,,,
excel_import,SUMMIT,"SUMMIT-1612,
SUMMIT-1772",Done,Korat FW / ARS,11/18/2025,   T299 optimize track center (FNC2),TTR,1,,,same,,,,,,,,,
excel_import,SUMMIT,SUMMIT-1563,Done,Korat FW ,11/18/2025,   VBAR ATI reduce redundance (CAL2),TTR,5,,,same,,,,,,,,,
excel_import,SUMMIT,SUMMIT-1511,Done,SSDC TP/ ARS,11/18/2025,Archor zn opti in Derived opti to rmv Read Opti OD,TTR,1.5,,,same,,,,,,,,,
excel_import,SUMMIT,SUMMIT-1896,Done,SSDC TP,11/18/2025,Remove prm_461_ReadOffsets in CAL2 BER_OPTI & FNC2 BER_SPFS,TTR,3,,,same,,,,,,,,,
excel_import,SUMMIT,SUMMIT-1878,Done,SSDC TP/DC HW,11/18/2025,TTR: Remove T315,TTR,1,,,same,,,,,,,,,
excel_import,SUMMIT,SUMMIT-1501,Done,SSDC,11/18/2025,TTR- OD_PAD_MQM removal,TTR,1,,,same,,,,,,,,,
excel_import,SUMMIT,SUMMIT-1853,Done,SSDC TP/ ARS,11/18/2025,Opti Settling bypass BIE into Summit branch for TTR,TTR,1.7,,,same,,,,,,,,,
excel_import,SUMMIT,SUMMIT-1845,Done,SSDC TP/,11/18/2025,Improve VBAR findMargin function speed,TTR,1,,,same,,,,,,,,,
excel_import,SUMMIT,SUMMIT-1898,Done,Korat FW,11/18/2025,TTR remove SAVE_STATE at SCOPY and PRE2,TTR,0.15,,,same,,,,,,,,,
excel_import,SUMMIT,SUMMIT-1715,Done,Korat FW ,11/18/2025,ProZ : P90/Test time reduction improvement (FNC2),TTR,1,,,same,,,,,,,,,
excel_import,SUMMIT,SUMMIT-1861,Done,Korat FW,11/18/2025,TTR: PCBA_SCRN_T102 Optimization,TTR,2,,,same,,,,,,,,,
excel_import,SUMMIT,SUMMIT-1765,Done,SoonWah/Ying Jin,11/18/2025,TTR: T193 test time reduction,TTR,0.13,,,same,,,,,,,,,
excel_import,SUMMIT,"SUMMIT-1031, SUMMIT-1880",Done,Korat FW,11/18/2025,TTR : T150 measure only servo primary reader,TTR,0.6,,,same,,,,,,,,,
excel_import,SUMMIT,SUMMIT-1824,Done,SSDC TP/ ARS,11/18/2025,TTR: T335 reduce number of test tracks on STM scan and GC scan,TTR,0.7,,,same,,,,,,,,,
excel_import,SUMMIT,SUMMIT-1929,Done,Zay Yar,11/18/2025,TTR : Remove PES_SCRN_RD_MODE T33 on read offset in FNC2,TTR,0.2,,,same,,,,,,,,,
excel_import,SUMMIT,SUMMIT-1916,Done,Yihua/JiYun,11/18/2025,TTR opportunity of using DTS command,TTR,0.8,,,same,,,,,,,,,
excel_import,SUMMIT,SUMMIT-1854,Done,SSDC TP/ ARS,11/18/2025,TTR: T451 increase step size from 2 to 4 for LC_DELAY_SDW (register ID 2164) for test time saving for all T451,TTR,1,,,same,,,,,,,,,
excel_import,SUMMIT,SUMMIT-1881,Done,Korat FW,11/18/2025,TTR: MSMR dual reader test by condition (from single reader),TTR,0.7,,,same,,,,,,,,,
excel_import,SUMMIT,SUMMIT-1033,Done,Sitthichai/Rick M.,11/18/2025,ATI write optimization in WP (Implement Version),TTR,2.3,,,same,,,,,,,,,
excel_import,SUMMIT,SUMMIT-1913,Done,Prasanna/Dipesh,11/18/2025,TTR: Remove LUL flawscan in fnc2,TTR,1.5,,,same,,,,,,,,,
excel_import,SUMMIT,SUMMIT-1938,Done,Wuxi FW,11/18/2025,Remove T285 in CAL state CAL_SERVO_285,TTR,0.3,,,same,,,,,,,,,
excel_import,SUMMIT,SUMMIT-1958,Done,BJ/Servo,11/18/2025,Scopy RSEED - Remove VCAT Calibration at step4,TTR,4,,,same,,,,,,,,,
excel_import,SUMMIT,SUMMIT-1872,Done,Korat FW/ Warachai S.,11/18/2025,TTR: Summit EAW (Erase After Write) Test Zone Reduction,TTR,1.2,,,same,,,,,,,,,
excel_import,SUMMIT,SUMMIT-1987,Done,Korat FW,11/18/2025, Enhance TTR Reduce zone W/R XFER (PWT),TTR,4.5,,,same,,,,,,,,,
excel_import,SUMMIT,SUMMIT-1692,Done,SG SW team,11/18/2025,TTR: Summit HSMR SPFS with SkInc optimization,TTR,0,,,same,,,,,,,,,
excel_import,SUMMIT,SUMMIT-1839,Done,Korat FW/RW LCO,11/18/2025,POML SMR - PCO3.5.0J_VC1C,TTR,0,,,same,,,,,,,,,
excel_import,SUMMIT,SUMMIT-1445,Done,Korat FW,11/18/2025,SQUEEZE_OFFSET_INIT (SMR) ,TTR,0,,,same,,,,,,,,,
excel_import,SUMMIT,SUMMIT-1971/1921,Done,Servo DC / Korat FW,11/18/2025,T282 C0 sensitivity scoring from multi-rate to single-rate,TTR,5,,,same,,,,,,,,,
excel_import,SUMMIT,SUMMIT-1950,Done,,11/18/2025,TTR: T285 DRCM optimize servo sector step iteration,TTR,1,,,modified,,,,,,,,,
excel_import,SUMMIT,SUMMIT-1981,Done,,11/18/2025,TTR: CERT portion Powercycle,TTR,1.5,,,modified,,,,,,,,,
excel_import,SUMMIT,SUMMIT-2030,Done,,11/18/2025,"TTR: T282 reduce ""idle time""",TTR,9,,,modified,,,,,,,,,
excel_import,SUMMIT,SUMMIT-2068,Done,,11/18/2025,Reduction of Test Loops of PWT: SEEK_TEST_PWT State,TTR,1.5,,,modified,,,,,,,,,
excel_import,SUMMIT,SUMMIT-2070,Done,,11/18/2025,Temporary Disable New Servo Reader Selection TTR-T163,TTR,1.5,,,modified,,,,,,,,,
excel_import,SUMMIT,SUMMIT-2064,Done,,11/18/2025,Temporary State Removal (CRT2),TTR,0.46,,,modified,,,,,,,,,
excel_import,SUMMIT,SUMMIT-2064,Done,,11/18/2025,Temporary State Removal (CAL2),TTR,0.37,,,modified,,,,,,,,,
excel_import,SUMMIT,SUMMIT-2077,,,11/18/2025,Remove SF3 Weld before CERT.,TTR,6.8,,,modified,,,,,,,,,
excel_import,SUMMIT,SUMMIT-2078,,,11/18/2025,Remove T240 Zn1 in write screen state (temp) 300dppm,TTR,1.5,,,modified,,,,,,,,,
excel_import,SUMMIT,SUMMIT-1435 / 1398 & 1042,Pending PCO integration / fix by Jira 1829,SSDC,11/18/2025,T451 new derived method + Adding RegID 0x0903 sweeping,TTR,0,,,same,,,,,,,,,
excel_import,SUMMIT,SUMMIT-1302,Pending implement,SSDC & RW LCO,11/18/2025,TA scan FF TTR/ TA scan Cell#3 TTR (25 to 12.5) ,TTR,0,,,same,,,,,,,,,
excel_import,SUMMIT,SUMMIT-1134,"SPQ-10649
SBR: SMPEXGGZFS",SSDC/ Korat SW-FW,11/18/2025,ZFS (20) - run on BRC5832,TTR,0,,,same,,,,,,,,,
excel_import,SUMMIT,SUMMIT-2162,Done,Servo/DC,11/18/2025,Summit T282 TTR Improvement via Single FLASH Update Post SNO Tuning (New Servo xx64),TTR,1,,,same,,,,,,,,,
excel_import,SUMMIT,SUMMIT-2155,Done,Servo/DC,11/18/2025,T282 - Bode Convergence,TTR,8,,,same,,,,,,,,,
excel_import,SUMMIT,SUMMIT-1996,Done,Korat FW,11/18/2025,TTR: Optimize T461 Flow,TTR,0.75,,,same,,,,,,,,,
excel_import,SUMMIT,SUMMIT-2086,Need turn off feature for SHST in PWT,SSDC TP,11/18/2025,TTR: Investigate further TTR in MSMR_SR_RDR_TST_2 by running through exceptions,TTR,2.5,,,same,,,,,,,,,
excel_import,SUMMIT,SUMMIT-2273,Pending implement,Korat FW,11/18/2025,TTR: T240 TEST ZONE by Condition #Phase2,TTR,0.6,,,same,,,,,,,,,
excel_import,SUMMIT,SUMMIT-2274,Done,Korat FW,11/18/2025,"TTR: FINE_UJOG_INIT GobyLite (for PK1, unlock condition)",TTR,0,,,same,,,,,,,,,
excel_import,SUMMIT,SUMMIT-1597,"Done
PCO3.7.3C1",SSDC TP/ ARS,11/18/2025,(SMR) Investigate SMR uJOG Optimization for TTR and Robustness,TTR,0,,,same,,,,,,,,,
excel_import,SUMMIT,"FWSD-6603/
SUMMIT-1943/","Tighten FNC2 4hrs, Slow runner rerun 2%",Abhay/ Kelly's team,11/18/2025,TTR: CMR Skip Track Format Certify,TTR,12,,,same,,,,,,,,,
excel_import,SUMMIT,SUMMIT-1432,"Tighten FNC2 4hrs, Slow runner rerun 2%",DC/ PE,11/18/2025,CMR Skip Track Format Certify NMD improvement,TTR,4,,,same,,,,,,,,,
excel_import,SUMMIT,SUMMIT-2230,Pending implement,Servo/DC,11/18/2025,SCOPY YIP#6,TTR,4,,,same,,,,,,,,,
excel_import,SUMMIT,SUMMIT-1779,Pending implement,Korat FW (pull in),11/18/2025,VBAR_ATI Prediction (CAL2),TTR,1,,,same,,,,,,,,,
excel_import,SUMMIT,SUMMIT-2092,Pending implement,SSDC TP,11/18/2025,TTR: Investigate potential reduction in VBAR_SME1 iterations,TTR,1,,,same,,,,,,,,,
excel_import,SUMMIT,SUMMIT-2266,Pending implement,US DC,11/18/2025,TTR malloc on Goby - Seagate JIRA,TTR,10,,,same,,,,,,,,,
excel_import,SUMMIT,SUMMIT-2118,Pending implement,Servo/DC,11/18/2025,TTR: ZAP Seek Path Optimization ( PROZ/OCZ ),TTR,3.6,,,same,,,,,,,,,
excel_import,SUMMIT,SUMMIT-2300,Pending PCO integration,Kelly's team,11/18/2025,TTR: Remove 1>N28 from DNLD_CODE_TCG_SPT,TTR,0.2,,,same,,,,,,,,,
excel_import,SUMMIT,SUMMIT-2345,Pending PCO integration,SSDC TP,11/18/2025,"TTR: PWT optimization: DNLD_CODE, enableDiags, Powercycle",TTR,0.9,,,same,,,,,,,,,
excel_import,SUMMIT,"SUMMIT-2314
DISC-CR0014255",Pending Development,Servo/DC,11/18/2025,TTR: Integrated Milli/Micro Structure Bode Measurement with One-Shot SS1X Bode Measurement,TTR,0.5,,,same,,,,,,,,,
excel_import,SUMMIT,"SUMMIT-2096/
SUMMIT-2120
DISC-CR0014268","SBR: SM04X373CAL
Reli result CP. FW2618",SSDC TP,11/18/2025,TTR on LUL_TEST25 (Concern OD_PAD_MQM removal 1.2 hr) 2 hrs (was 2.5 hrs.),TTR,2,,,same,,,,,,,,,
excel_import,SUMMIT,TSR-6784,,SSDC TP,11/18/2025,TTR: VM optimize ,TTR,2,,,modified,,,,,,,,,
excel_import,SUMMIT,TSR-6527,,SSDC TP,11/18/2025,Channel Opti TTR in VBAR_ATI,TTR,3.5,,,modified,,,,,,,,,
excel_import,SUMMIT,SUMMIT-2091,"TVM: SPQ-10720
1x failed - In Analysis
(ZYDBNJX0)",SSDC TP,11/18/2025,TTR: Investigate potential T299 DistlBndSz optimization in T299_EXPN_STE_SCRN,TTR,2.5,,,same,,,,,,,,,
excel_import,SUMMIT,"SUMMIT-1879	","TVM: SPQ-10720
1x failed - In Analysis
(ZYDBNJX0)",SSDC TP,11/18/2025,TTR: Investigate test time savings by reducing Number of writes in T299_ATI and T299_DS_ATI,TTR,5.8,,,same,,,,,,,,,
excel_import,SUMMIT,DISC-CR0014332,,Chonnakarn,11/18/2025,Remove WRITE_POWER_TCC State -- WRITE_POWER_TCC,TTR,0.2,,,modified,,,,,,,,,
excel_import,SUMMIT,SUMMIT-2279,,Servo/DC,11/18/2025,TTR: Test 33 Seek Delay Improvement (SF3),TTR,0.3,,,modified,,,,,,,,,
excel_import,SUMMIT,TSR-6529 ,,Royce,11/18/2025,TTR: T102 on PCBA Screen (SF3) + (new PF3),TTR,0.8,,,modified,,,,,,,,,
excel_import,SUMMIT,DISC-CR0014330,,Thiansue,11/18/2025,Remove 10 zone at P461_READ_OFFSET_SFR -- Write ability solo,TTR,0.1,,,modified,,,,,,,,,
excel_import,SUMMIT,DISC-CR0014334,,Thiansue,11/18/2025,"Remove Zn2, 4, P461_BIE_MEAN_BY_TRACK  -- Write ability solo",TTR,0,,,modified,,,,,,,,,
excel_import,SUMMIT,DISC-CR0014319,,Rawinnipa,11/18/2025,Fix T94 on non-PRE2 TA scan,TTR,0.5,,,modified,,,,,,,,,
excel_import,SUMMIT,DISC-CR0014269,,Korat FW/US DC,11/18/2025,T220 WP Opti bypass channel training and offset searches,TTR,2.2,,,modified,,,,,,,,,
excel_import,SUMMIT,DISC-CR0014225,,Korat FW,11/18/2025,TTR- T240 Predict Final Write,TTR,1.5,,,modified,,,,,,,,,
excel_import,SUMMIT,SUMMIT-2355,,Servo/DC,11/18/2025,"TOPAZ Opt 1 (TgtRRO 0.029"")",TTR,5,,,modified,,,,,,,,,
excel_import,SUMMIT,SUMMIT-2272,Under checkout,Korat FW,11/18/2025,TTR: Reduce num write of zone 0 at VBAR_ATI,TTR,2,,,modified,,,,,,,,,
excel_import,SUMMIT,DISC-CR0014322,,Pisit/AMared,11/18/2025,AFH optimize test zone to 8 from 11,TTR,2,,,modified,,,,,,,,,
excel_import,SUMMIT,DISC-CR0014323,,Pisit/Amared,11/18/2025,Increase start DAC,TTR,1,,,modified,,,,,,,,,
excel_import,SUMMIT,SUMMIT-2337,Need Fix - bank spiral write issue,Servo/DC,11/18/2025,SCOPY spiral write (YIP#7),TTR,1.3,,,same,,,,,,,,,
excel_import,SUMMIT,SUMMIT-2302,Under checkout,Korat FW,11/18/2025,TTR: PCBA_SCRN extreme optimization. [T102 reduce loop],TTR,?,,,same,,,,,,,,,
excel_import,SUMMIT,"
SUMMIT-1818","SPQ-10644
SBR:  SMPEX13887
1x failed - In Analysis
(ZYDAQ0KR)",Abhay/Kelly's team,11/18/2025,"         (SMR) FMT certify by condition (25hrs) 
**Concern EC14184** Escape ~ 2.5%",TTR,0,,,same,,,,,,,,,
excel_import,SUMMIT,SUMMIT-1914,Pending implement,SSDC TP,11/18/2025,TTR: T094 (Only Pre TA Scan),TTR,0.6,,,same,,,,,,,,,
excel_import,SUMMIT,DISC-CR0014267,,LeiWei,11/18/2025,Optimize T461 reduce zone in some state,TTR,1,,,modified,,,,,,,,,
excel_import,SUMMIT,SUMMIT-1900,,DC,11/18/2025,Single Sector RMM + Zero Latency Writes,TTR,9,,,modified,,,,,,,,,
excel_import,SUMMIT,SUMMIT-2327,Pending PCO integration,Servo/DC,11/18/2025,TTR: New Servo Code xx66,TTR,??,,,same,,,,,,,,,
excel_import,SUMMIT,SUMMIT-1733,Pending drive eval,Sun Wah/Vitor Chew,11/18/2025,TTR: T297 SUMMIT TTR Plan (Phase 3),TTR,0.5,,,same,,,,,,,,,
excel_import,SUMMIT,SUMMIT-1401,Push out from 3.6,SSDC,11/18/2025,        Improve opti settle T451,TTR,0,,,same,,,,,,,,,
excel_import,SUMMIT,Pending,TBD,Korat PE/Korat FW,11/18/2025,Remove PWT SF3 portion​ for weld before CERT portion.,TTR,29,,,same,,,,,,,,,
excel_import,SUMMIT,SUMMIT-1851,Cancel HDIG concern meas,SoonWah/Dick Martin,11/18/2025,Optimizing AFH Test 135 'start_dac' for Wrt/Rdr Htr,TTR,0,,,same,,,,,,,,,
excel_import,SUMMIT,SUMMIT-1846,Evaluating,Korat FW,11/18/2025,"PC file compression (T231, T130)",TTR,0.3,,,same,,,,,,,,,
excel_import,SUMMIT,TBD,,US DC,11/18/2025,T451 opti overhead,TTR,3,,,modified,,,,,,,,,
excel_import,SUMMIT,?,Developing,Korat FW,11/18/2025,     4.10) PROZ enhance for TTR (SMR mode Sorting),TTR,0,,,same,,,,,,,,,
excel_import,SUMMIT,SUMMIT-1201,Evaluating,Servo DC/Korat FW,11/18/2025,Enable XBAR (Memory optimize in ZAP),TTR,2,,,same,,,,,,,,,
excel_import,SUMMIT,SUMMIT-1756,TBD,Korat FW,11/18/2025,Variable spare Enhance,TTR,0,,,same,,,,,,,,,
excel_import,SUMMIT,SUMMIT-2083,TBD,DC,11/18/2025,150x Channel speed up,TTR,4,,,same,,,,,,,,,
excel_import,SUMMIT,"SUMMIT-1595,
SUMMIT-1868",Backout, SSDC,11/18/2025,VM optimize (SSDC),TTR,2,,,same,,,,,,,,,
excel_import,SUMMIT,SUMMIT-2276,Backout,SSDC TP,11/18/2025,TTR: Further improvements on TTR in VBAR_METRICS,TTR,0,,,same,,,,,,,,,
excel_import,SUMMIT,"TSR-5008, SUMMIT-2280",Backout,SSDC TP,11/18/2025,Add Fast MSMR Combined Reader Calculation mode to either T238 or T438,TTR,2.7,,,same,,,,,,,,,
excel_import,SUMMIT,SUMMIT-2278,Cancel,Korat FW,11/18/2025,TTR: Sampling T240 Zn1 in write screen state.,TTR,??,,,same,,,,,,,,,
excel_import,SUMMIT,SUMMIT-1197,Study by Korat,Korat FW,11/18/2025,T299 TTR-ML Zn prediction,TTR,,,,modified,,,,,,,,,
excel_import,SUMMIT,Risk ,Status,Owner,11/18/2025,Risk High TTR ,TTR,,,,modified,,,,,,,,,
excel_import,SUMMIT,H,Developing ,Korat FW / LCO Test process,11/18/2025, T102 opti,TTR,,,,modified,,,,,,,,,
excel_import,SUMMIT,SUMMIT-954,Developing ,Korat FW / ARS,11/18/2025,T240 EAW,TTR,,,,modified,,,,,,,,,
excel_import,SUMMIT,SUMMIT-1031,Study,Korat FW / LCO Servo,11/18/2025,Lin screen opti,TTR,,,,modified,,,,,,,,,
excel_import,DORADO,Dorado-906,,,11/18/2025,4.4.1) Soak 9 days (refer to row xx,TTR,,,,modified,,,,,,,,,
excel_import,DORADO,Need Jira,,,11/18/2025,"PCO 4.4.x)Dynamic  Soak 9 days -> 7 day avg
    HSMR Needs Mango approval and Exec discussion before cutting into PCO
    SMR is cut in on these dates assuming FW32 DOE has good results",TTR,,,,modified,,,,,,,,,
excel_import,DORADO,,,,11/18/2025,4.3.3) Soak 0 day (not in any underpinned planned) -,TTR,,,,modified,,,,,,,,,
excel_import,DORADO,Dorado-950,,,11/18/2025,Reduct T87 overhead loop in laser cal function  ,TTR,,,,modified,,,,,,,,,
excel_import,DORADO,Dorado-619,,,11/18/2025,T461 in FLC_DELTA remove 9% sqz delta 0.05hrs,TTR,,,,modified,,,,,,,,,
excel_import,DORADO,Dorado-737,,,11/18/2025,PRISM removal (was temporaily added in early Dorado bringup),TTR,,,,modified,,,,,,,,,
excel_import,DORADO,Dorado-898,,,11/18/2025,Remove butterfly write seek (need TTR amount),TTR,,,,modified,,,,,,,,,
excel_import,DORADO,Dorado-607,2 hd showing higher TTR than 46 need verification on 20hd,,11/18/2025,T461:Adjust T461 measurements that track BER changes rough the tes process for TTR,TTR,,,,modified,,,,,,,,,
excel_import,DORADO,Dorado-812,,,11/18/2025,       VBAR_TPISME1 reduce max number of backoff steps ,TTR,,,,modified,,,,,,,,,
excel_import,DORADO,Dorado-1036,,,11/18/2025,"EWC changes ported from Marlin (Radical malloc, Smooth linear Bode, Reduce skdly in T135, T282 Idle Time red, ZAP seek path optimization
MarlinCT-1958,2008, 2012, 2018, 2057
Dorado 1156, 1157, 1159, 1177, 1179",TTR,,,,modified,,,,,,,,,
excel_import,DORADO,Dorado-1179,,ref Dorado-1036,11/18/2025,"TTR - Radical malloc eval  (6 hrs) (MarlinCT-1958, MarlinCT-2057)",TTR,,,,modified,,,,,,,,,
excel_import,DORADO,Dorado-1159,,ref Dorado-1036,11/18/2025,"TTR: T282 reduce ""idle time""  (9 hrs) (MarlinCT-2018)",TTR,,,,modified,,,,,,,,,
excel_import,DORADO,Dorado-1156,,,11/18/2025,TTR: Further Test Time Reduction In T282 - Bode Convergence Check (8 hrs),TTR,,,,modified,,,,,,,,,
excel_import,DORADO,Dorado-1158,,,11/18/2025,ZAP Seek Path Optimization (8 hours),TTR,,,,modified,,,,,,,,,
excel_import,DORADO,Dorado-1157,Need to x-check for Dorado,,11/18/2025,TTR - Reducing the SkDly in t135 from 20ms to 0ms (5 hrs),TTR,,,,modified,,,,,,,,,
excel_import,DORADO,Dorado-1223,,,11/18/2025,Remove FNC2 state T299_DS_ATI for TTR,TTR,,,,modified,,,,,,,,,
excel_import,DORADO,Dorado-1224,,,11/18/2025,Remove CRT2 state T299_ATI for TTR,TTR,,,,modified,,,,,,,,,
excel_import,DORADO,Dorado-621,,,11/18/2025,FNC2: T461 BER tracking measurements:  reduce zone make to every 8th zone,TTR,,,,modified,,,,,,,,,
excel_import,DORADO,Dorado-583,C/P TT saving by Sep16,,11/18/2025,LPV Iop Adjust by Head,TTR,,,,modified,,,,,,,,,
excel_import,DORADO,Dorado-959,C/P TT saving by Sep16,,11/18/2025,"SMR : LZR"" VBAR_LAsER: in T211 use Tpiode=2 (DS only)",TTR,,,,modified,,,,,,,,,
excel_import,DORADO,Dorado-1037,C/P TT saving by Sep16,,11/18/2025,"SMR Dorado1 ractional VISA byZone, By preamp",TTR,,,,modified,,,,,,,,,
excel_import,DORADO,Dorado-902,,,11/18/2025,"MQM 2 loop move to iMQM (Q426 30% iMQM, Q127 10%, Q227 1%",TTR,,,,modified,,,,,,,,,
excel_import,DORADO,Dorado-1011,,,11/18/2025,Scopy TA-FF,TTR,,,,modified,,,,,,,,,
excel_import,DORADO,Dorado-952,Mihir wil check on SBR run,,11/18/2025,HSMR:T451 Reduce the Reg list in State Derived_OpTI_2,TTR,,,,modified,,,,,,,,,
excel_import,DORADO,need Jira,,,11/18/2025,T102 PCBA_SCRN TTR ,TTR,,,,modified,,,,,,,,,
excel_import,DORADO,Dorado-1080,,,11/18/2025,T102 PCBA_SCRN during soak,TTR,,,,modified,,,,,,,,,
excel_import,DORADO,Dorado-1015,,,11/18/2025,Skip track certify in format (TTR) (SMR only),TTR,,,,modified,,,,,,,,,
excel_import,DORADO,Dorado-1198,,,11/18/2025,Remove PWT SF3 portion for weld before Cert,TTR,,,,modified,,,,,,,,,
excel_import,DORADO,Dorado-1116,,,11/18/2025,    PC file compression (15 hrs ? - ,TTR,,,,modified,,,,,,,,,
excel_import,DORADO,Dorado-1247,Mihir wil check on SBR run,,11/18/2025,Reduce drive power off from 20s to 5s,TTR,,,,modified,,,,,,,,,
excel_import,DORADO,Dorado-1248,Mihir wil check on SBR run,,11/18/2025,Pause time reduce from 20s to 3s,TTR,,,,modified,,,,,,,,,
excel_import,DORADO,Droadao-1249,Mihir wil check on SBR run,,11/18/2025,Baud rate optimziation,TTR,,,,modified,,,,,,,,,
excel_import,DORADO,Dorado-1092,Check with Ben,,11/18/2025,"Remove uACT1 ""milli"" actuator Bode",TTR,,,,modified,,,,,,,,,
excel_import,DORADO,Droado-461,Let check more populatio in current mass,,11/18/2025,HSMR Conditional Certify HSMR 6C ,TTR,,,,modified,,,,,,,,,
excel_import,DORADO,Dorado-622,Peerayoot will check with Rick,,11/18/2025,CRT2: T461: reduce zone mask to every 8th zone,TTR,,,,modified,,,,,,,,,
excel_import,DORADO,Dorado-651,,,11/18/2025,Disable BPIC_SWEEP for TTR (35 min),TTR,,,,modified,,,,,,,,,
excel_import,DORADO,Dorado-979,Need Mihir help,,11/18/2025,Dorado1 IBW with NoAdjTracks (fro weak write),TTR,,,,modified,,,,,,,,,
excel_import,DORADO,Dorado-1228,,Mihir S,11/18/2025,Evaluate modification of Active Servo Flaw Table (ASFT) build algorithm,TTR,,,,modified,,,,,,,,,
excel_import,DORADO,Dorado-1029,update eval plan timing with new preamps  for when it can cut in,,11/18/2025,NDS to run in parallel with Soak (8 days savnigs),TTR,,,,modified,,,,,,,,,
excel_import,DORADO,Dorado-1022,,,11/18/2025,TPI for iVBAR,TTR,,,,modified,,,,,,,,,
excel_import,DORADO,"WW24 eval rel WW44?? 20hd reli 500 hr ckpt
WW45 mp rel
",Est WW05 packout,put together plan for PROZ / Mango notification - Brian,11/18/2025,4.4) PCO TTR Q1FY27 (PCO 5.x.z),TTR,,,,modified,,,,,,,,,
excel_import,DORADO,Dorado-1136,,,11/18/2025,NDS to utilize 2 or 4 head bank write,TTR,,,,modified,,,,,,,,,
excel_import,DORADO,Dorado-439,,,11/18/2025,SMR: Shingled SMR adj writes for LBA,TTR,,,,modified,,,,,,,,,
excel_import,DORADO,Dorado-516,,,11/18/2025,FPW DOE for 25 nm NFT (Dorado 2) ,TTR,,,,modified,,,,,,,,,
excel_import,DORADO,Dorado-617,,,11/18/2025,SPIO MQM develoment - merge from PF3 trunk to Dorado branch,TTR,,,,modified,,,,,,,,,
excel_import,DORADO,Dorado-624,,,11/18/2025,ZAP Iteration 3 ->2  TTR (with PROZ) (business trade-off - not approved),TTR,,,,modified,,,,,,,,,
excel_import,DORADO,Dorado-813,,,11/18/2025,Dorado Goby 7 2.0 Sector skew in SPF,TTR,,,,modified,,,,,,,,,
excel_import,DORADO,Dorado-519,,,11/18/2025,PROZ HSMR  (H-CMR& H-SMR customer approval needed),TTR,,,,modified,,,,,,,,,
excel_import,DORADO,Dorado-903,,,11/18/2025,2 head Bank Write on FPW before VBAR,TTR,,,,modified,,,,,,,,,
excel_import,DORADO,Dorado-1280,,,11/18/2025,FPW Removal (follow MarlinBP plan) + RGA on Dorado (FW35 reli ckpt),TTR,,,,modified,,,,,,,,,
excel_import,DORADO,Dorado-461,,,11/18/2025,   HSMR Phase C (45 hrs for conditional read CMR),TTR,,,,modified,,,,,,,,,
excel_import,DORADO,DORADO-905 ,,Korat FW,11/18/2025,POML All mode,TTR,,,,modified,,,,,,,,,
excel_import,DORADO,Dorado-548,,,11/18/2025,Implement TOPAZ with PROZ (Z-PATH),TTR,,,,modified,,,,,,,,,
excel_import,DORADO,need jira,,,11/18/2025,4 head Bank write on FPW before VBAR (not neeed if FPW removal intersects 1st),TTR,,,,modified,,,,,,,,,
excel_import,DORADO,Dorado-907,,,11/18/2025,Dynamic Soak on Dorado,TTR,,,,modified,,,,,,,,,
excel_import,DORADO,Dorado-909,,,11/18/2025,Merge Master Format and SPFS (CMR only) (Goby 7),TTR,,,,modified,,,,,,,,,
excel_import,DORADO,?,,DC,11/18/2025,"Project to remove UACT1 ""milli"" actuator",TTR,,,,modified,,,,,,,,,
excel_import,DORADO,Dorado -1289,,,11/18/2025,OEE SPSC2 + PWT  ,TTR,,,,modified,,,,,,,,,
excel_import,MARLIN BP,,Implemented FW2616 (PCO 4.2.15),,11/18/2025,4.11) PCO 4.2.14,TTR,,,,,,,,,,,,,
excel_import,MARLIN BP,,,,11/18/2025,Remove T299_DS_ATI at FNC2,TTR,,,,,,,,,,,,,
excel_import,MARLIN BP,,,,11/18/2025,4.13) PCO 5.0.0 - 5.0.1,TTR,0,,,,,,,,,,,,
excel_import,MARLIN BP,MBP-1419,,DC,11/18/2025,Test Time: T297 Data Trimming at CAL2,TTR,0.7,,,,,,,,,,,,
excel_import,MARLIN BP,,Plan implement WW18,,11/18/2025,4.14) PCO 5.0.3 - 5.0.4,TTR,0,,,,,,,,,,,,
excel_import,MARLIN BP,,"Plan release WW17, Checkout 6H WW20,",,11/18/2025,4.15) PCO 5.0.5,TTR,,,,,,,,,,,,,
excel_import,MARLIN BP,,,,11/18/2025,4.16) PCO 5.0.6,TTR,,,,,,,,,,,,,
excel_import,MARLIN BP,,,,11/18/2025,4.17) PCO 5.1.0 (mat'l 12),TTR,,,,,,,,,,,,,
excel_import,MARLIN BP,,,,11/18/2025,4.18) Pending Activity,TTR,,,,,,,,,,,,,
excel_import,MARLIN BP,,,,11/18/2025,4.19) Study Activity,TTR,,,,,,,,,,,,,
excel_import,MARLIN BP,,,Korat FW,11/18/2025,T299 RAP Saving (4),TTR,4,,,,,,,,,,,,
excel_import,MARLIN BP,Need Jira,,Korat,11/18/2025,T285 DRCM opti  (MarlinCT-1948),TTR,1,,,,,,,,,,,,
excel_import,MARLIN BP,Need Jira,,,11/18/2025,WP opti Prediction,TTR,4,,,,,,,,,,,,
excel_import,MARLIN BP,Need Jira,,Korat FW/Servo DC,11/18/2025,XBAR   (MarlinCT-576),TTR,8,,,,,,,,,,,,
excel_import,MARLIN BP,Need Jira,,Korat FW/ARS DC,11/18/2025,"VBAR ATI predict	 ?(Summit-1179)?		",TTR,0.5,,,,,,,,,,,,
excel_import,MARLIN BP,Need Jira,,,11/18/2025,Remove PWT opti,TTR,9.5,,,,,,,,,,,,
excel_import,MARLIN BP,Need Jira,High risk review with ARS,,11/18/2025,VBAR Laser Predition,TTR,9,,,,,,,,,,,,
excel_import,MARLIN BP,,,Korat FW,11/18/2025,Write/Read xfer,TTR,2,,,,,,,,,,,,
excel_import,MARLIN BP,,,Korat FW,11/18/2025,Chrome step size,TTR,0.8,,,,,,,,,,,,
excel_import,MARLIN BP,,,Korat FW,11/18/2025,T438 param update,TTR,0.5/call,,,,,,,,,,,,
excel_import,MARLIN BP,,,SSDC TP,11/18/2025,"PWT TTR & optimization: DNLD_CODE, enableDiags, Powercycle",TTR,0.9,,,,,,,,,,,,
excel_import,MARLIN BP,,,,11/18/2025,4.20) Hold item,TTR,,,,,,,,,,,,,
excel_import,MARLIN BP,,,,11/18/2025,3rev to 2rev ZAP (SMR) (30 hrs needs customer and ADC for 9H),TTR,,,,,,,,,,,,,
excel_import,MARLIN BP,,,,11/18/2025,1Rev ZAP (90hrs) - Hold,TTR,90,,,,,,,,,,,,
excel_import,MARLIN BP,Need Jira,,DC,11/18/2025,Optimize FPW by Bank write Phase2 (cosider in Marlin rmv state) - (FPW removal instead),TTR,0,,,,,,,,,,,,
excel_import,MARLIN BP,,,,11/18/2025,4.12) PCO TTR Q2FY27,TTR,0,,,,,,,,,,,,
excel_import,MARLIN BP,,,,11/18/2025,Adjust baseline,TTR,10,,,,,,,,,,,,
excel_import,MARLIN BP,,,,11/18/2025,Total MQM TTR saving,TTR,,,,,,,,,,,,,
excel_import,MARLIN BP,,,,11/18/2025,Total Soak TTR,TTR,,,,,,,,,,,,,
excel_import,MARLIN BP,,,,11/18/2025,Total  CERT TTR,TTR,,,,,,,,,,,,,
excel_import,MARLIN BP,,,,11/18/2025,Gap to FROST (all risks),TTR,,,,,,,,,,,,,
excel_import,MARLIN BP,,,,11/18/2025,Gap to POR 3.0 (all risks),TTR,,,,,,,,,,,,,
excel_import,MARLIN BP,,,,11/18/2025,*Note : This is Gemini test time. If load on Nimbus since SCOPY since item 3.2) we can get more TTR 9 hr..,TTR,,,,,,,,,,,,,
excel_import,MARLIN BP,,,Korat FW/ARS DC,11/18/2025,T299 reduce num write,TTR,1,,,,,,,,,,,,
excel_import,MARLIN BP,,,Korat FW,11/18/2025,uJog Goby,TTR,3.5,,,,,,,,,,,,
excel_import,MARLIN BP,,,,11/18/2025,4.5/4.6) PCO 4.2.8/PCO 4.2.9,TTR,,,,,,,,,,,,,
excel_import,MARLIN BP,,,,11/18/2025,4.7) PCO 5.0.0,TTR,,,,,,,,,,,,,
excel_import,MARLIN,MARLINCT-1797,"PCO7.1.11F, Implemented",DC HW,11/18/2025,          3) VBAR_SME_LSR (COBRA) - [CAL2],TTR,1.5,,,,,,,,,,,,
excel_import,MARLIN,,,,11/18/2025,     4.13) PCO7.2.04F - 50.6 hrs.,TTR,,,,,,,,,,,,,
excel_import,MARLIN,,,,11/18/2025,     4.14) PCO7.2.06D base - 60 hrs.,TTR,0,,,,,,,,,,,,
excel_import,MARLIN,,,,11/18/2025,            2) PROZ Hd8-11 opti,TTR,,,,,,,,,,,,,
excel_import,MARLIN,,Implemented FW2604,,11/18/2025,     4.15) PCO7.2.06D -  14.2 hrs. ,TTR,,,,,,,,,,,,,
excel_import,MARLIN,,"Implemented, WW11",,11/18/2025,     4.16) PCO7.2.09F2/F3 - 19 hrs. - Implemented WW11,TTR,,,,,,,,,,,,,
excel_import,MARLIN,,"Implemented, WW16",,11/18/2025,     4.17) PCO7.2.10E (include LBC servo) - 10.2 hrs - Implemented WW16,TTR,,,,,,,,,,,,,
excel_import,MARLIN,,,,11/18/2025,       5) TTI - TPI push 2% [Plan implement ww15],TTR,,,,,,,,,,,,,
excel_import,MARLIN,MARLINCT-2018,,,11/18/2025,       6) Reducing the SkDly in t135 from 20ms to 0ms for AFH1_LOCD,TTR,,,,,,,,,,,,,
excel_import,MARLIN,,"released ww17, CP WW20",,11/18/2025,"     4.18) PCO7.2.11 / PCO7.3.03 - Must be implement ww20 (LZR oper, L7)",TTR,,,,,,,,,,,,,
excel_import,MARLIN,,,,11/18/2025,       6) L7 test time increse from re-structuring,TTR,,,,,,,,,,,,,
excel_import,MARLIN,,,,11/18/2025,     4.19) PCO7.2.12 / PCO7.3.04 -  55 hrs - ,TTR,,,,,,,,,,,,,
excel_import,MARLIN,,,,11/18/2025,     4.21) PCO TBD - Plan relase,TTR,,,,,,,,,,,,,
excel_import,MARLIN,MARLINCT-2122,Pending DC review,,11/18/2025,       1) Marlin TTR remove state (Estimate 39hrs),TTR,,,,,,,,,,,,,
excel_import,MARLIN,,Include in PCO7.2.10A,DC HW/DC TP,11/18/2025,1) PROZ phase #2 (H-SMR mode) - [FNC2],TTR,0,,,,,,,,,,,,
excel_import,MARLIN,,,,11/18/2025,     4.22) PCO TBD,TTR,,,,,,,,,,,,,
excel_import,MARLIN,Need Jira,Develop by DC,,11/18/2025,       3) Bank Write Phase2 (4Hd),TTR,0,,,,,,,,,,,,
excel_import,MARLIN,,,,11/18/2025,Parallel analysis,TTR,,,,,,,,,,,,,
excel_import,MARLIN,,,,11/18/2025,     4.20) PCO TBD,TTR,0,,,,,,,,,,,,
excel_import,MARLIN,,,,11/18/2025,     4.21) PCO TBD,TTR,0,,,,,,,,,,,,
excel_import,MARLIN,TBD,Study by Korat,Ops Eng,11/18/2025,       2) ZAP ML - [H][FNC2],TTR,0,,,,,,,,,,,,
excel_import,MARLIN,MARLINCT-2018,,,11/18/2025,         3) Reducing the SkDly in t135 for 4hr TTR,TTR,,,,,,,,,,,,,
excel_import,MARLIN,,,,11/18/2025,     4.18) PCO TBD1,TTR,0,,,,,,,,,,,,
excel_import,MARLIN,,Study by Korat,Ops Eng,11/18/2025,       6) WP opti - ML phase 1 - [H][CAL],TTR,0,,,,,,,,,,,,
excel_import,MARLIN,,,,11/18/2025,     4.19) PCO TBD2,TTR,0,,,,,,,,,,,,
excel_import,MARLIN,,Study by Korat,Ops Eng,11/18/2025,      1) VBAR laser prediction phase 2 - [H][PRE2],TTR,0,,,,,,,,,,,,
excel_import,MARLIN,,Study by Korat,Ops Eng,11/18/2025,      2) Write power prediction phase 2 - [H][CAL2],TTR,0,,,,,,,,,,,,
excel_import,MARLIN,,,,11/18/2025,     4.20) PCO TBD3,TTR,0,,,,,,,,,,,,
excel_import,MARLIN,,Study by Korat,Ops Eng,11/18/2025,      1) ZAP 1-Rev Center - [H] [FNC2],TTR,0,,,,,,,,,,,,
excel_import,MARLIN,,Study by DC,DC HW,11/18/2025,"      6) Review data collection rml or by condition based on threshold ( T461, MDW Screen)",TTR,0,,,,,,,,,,,,
excel_import,MARLIN,,Study by DC,DC HW,11/18/2025,      7) Some more optimizations,TTR,0,,,,,,,,,,,,
excel_import,MARLIN,,CP WW37,DC HW,11/18/2025,      8) Revisit every wedge count to see opportunities,TTR,0,,,,,,,,,,,,
excel_import,MARLIN,,TBD,DC HW,11/18/2025,     10) Reduce # of T150 calls that were used for NS50 ,TTR,0,,,,,,,,,,,,
excel_import,MARLIN,,,,11/18/2025,Total TTR,TTR,254.456,,,,,,,,,,,,
excel_import,MARLIN,,,,11/18/2025,Gap to FROST (all risks),TTR,,,,,,,,,,,,,
excel_import,MARLIN,,,,11/18/2025,Gap to POR 3.0 (all risks),TTR,,,,,,,,,,,,,
excel_import,MARLIN,,,,11/18/2025,*Note : This is Gemini test time. If load on Nimbus since SCOPY since item 3.2) we can get more TTR 9 hr..,TTR,,,,,,,,,,,,,
excel_import,MARLIN,,,,11/18/2025,"POML SMR - 20H  : TIST SMR (30x), TVM (60x), sORT(250x no gating)",TTR,,,,,,,,,,,,,
excel_import,MARLIN,,,,11/18/2025,Release checkout (4H) - ww16,TTR,,,,,,,,,,,,,
excel_import,MARLIN,,,,11/18/2025,Start qaul - ww18,TTR,,,,,,,,,,,,,
excel_import,SUMMIT,,,,11/18/2025,     4.4) PCO - 3.5.0E (11hrs),TTR,,,,,,,,,,,,,
excel_import,SUMMIT,,Done,-,11/18/2025,      4.5.1) Enable STFL( 3hrs),TTR,3,,,,,,,,,,,,
excel_import,SUMMIT,,,,11/18/2025,      4.6) PCO 3.6.2A  - 18.5 hrs ,TTR,0,,,,,,,,,,,,
excel_import,SUMMIT,,,,11/18/2025,"STFL for SMR&HSMR (70% Q1, 100% Q2)",TTR,,,,,,,,,,,,,
excel_import,SUMMIT,,,,11/18/2025,     4.7.1) PCO 3.6.2C- turn on Variable spare 7hrs,TTR,0,,,,,,,,,,,,
excel_import,SUMMIT,,,,11/18/2025,     4.7.2) PCO 3.6.3A - 12hrs,TTR,0,,,,,,,,,,,,
excel_import,SUMMIT,,,,11/18/2025,4.7.3) PCO 3.6.4 - 14.5hrs,TTR,0,,,,,,,,,,,,
excel_import,SUMMIT,,,,11/18/2025,4.7.4) PCO 3.6.5 - 11.35hrs,TTR,0,,,,,,,,,,,,
excel_import,SUMMIT,"SUMMIT-1612,
SUMMIT-1772",Done,Korat FW / ARS,11/18/2025,T299 optimize track center (CAL2/FNC2/CRT2/PWT),TTR,1,,,,,,,,,,,,
excel_import,SUMMIT,,,,11/18/2025,4.7.3) PCO 3.6.8 - 20.63 hrs,TTR,0,,,,,,,,,,,,
excel_import,SUMMIT,SUMMIT-1825,Done,Korat FW,11/18/2025,Reduce PES(T33) test revs from 32 to 16 by condition,TTR,0,,,,,,,,,,,,
excel_import,SUMMIT,,,,11/18/2025,4.7.4) PCO 3.6.8B - 32.1 hrs,TTR,0,,,,,,,,,,,,
excel_import,SUMMIT,,,,11/18/2025,4.7.4A) PCO 3.6.8B - 12 hrs (Temporary),TTR,,,,,,,,,,,,,
excel_import,SUMMIT,,Done,,11/18/2025,Special 24 hrs. - State Removal,TTR,,,,,,,,,,,,,
excel_import,SUMMIT,,Done,,11/18/2025,Temporaly State Removal for WW52,TTR,,,,,,,,,,,,,
excel_import,SUMMIT,SUMMIT-2064,Done,,11/18/2025,Temporary State Removal (FNC2),TTR,3.62,,,,,,,,,,,,
excel_import,SUMMIT,SUMMIT-2064,Done,,11/18/2025,Temporary State Removal (SPSC2),TTR,0.25,,,,,,,,,,,,
excel_import,SUMMIT,SUMMIT-2064,Done,,11/18/2025,Temporary State Removal (PWT),TTR,2.4,,,,,,,,,,,,
excel_import,SUMMIT,,,,11/18/2025,PCO 3.6.9 - Released 15May2025,TTR,,,,,,,,,,,,,
excel_import,SUMMIT,,,,11/18/2025,SAVE_STATE,TTR,0.186,,,,,,,,,,,,
excel_import,SUMMIT,,,,11/18/2025,T299_DS_ATI,TTR,0.7,,,,,,,,,,,,
excel_import,SUMMIT,,,,11/18/2025,PES_SCRN_PREZAP,TTR,0.25,,,,,,,,,,,,
excel_import,SUMMIT,,,,11/18/2025,      4.7) PCO3.7.x series,TTR,,,,,,,,,,,,,
excel_import,SUMMIT,,Qualification,CT & DE,11/18/2025,      4.7.1) TA Scan pre2 (push out PCO3.7.1B),TTR,0,,,,,,,,,,,,
excel_import,SUMMIT,,,,11/18/2025,     4.7.2) PCO 3.7.3 = 3.6.8,TTR,0,,,,,,,,,,,,
excel_import,SUMMIT,,,,11/18/2025,     4.7.3) PCO 3.7.3B - TBD hrs,TTR,,,,,,,,,,,,,
excel_import,SUMMIT,SUMMIT-2078,Cancel,Korat FW,11/18/2025,Remove Zn1 at WRITE_SCRN,TTR,1.8,,,,,,,,,,,,
excel_import,SUMMIT,,,,11/18/2025,     4.7.4) PCO 3.7.3D1 - 9.75 hrs  (PCO 3.7.4),TTR,,,,,,,,,,,,,
excel_import,SUMMIT,,,,11/18/2025,     4.7.5) PCO 3.7.3.GA - 10.8 hrs (SMR VC),TTR,,,,,,,,,,,,,
excel_import,SUMMIT,SUMMIT-1881,Done,Korat FW,11/18/2025,(SMR) TTR: MSMR dual reader test by condition (from single reader),TTR,0,,,,,,,,,,,,
excel_import,SUMMIT,,,,11/18/2025,     4.7.4.1) PCO 3.7.3.EA - 6 hrs (CMR) (Cut-in WW16),TTR,,,,,,,,,,,,,
excel_import,SUMMIT,,,,11/18/2025,     4.7.6) PCO 3.7.3.GB1 - 9.1 hrs,TTR,,,,,,,,,,,,,
excel_import,SUMMIT,,,,11/18/2025,     4.7.6) PCO 3.7.3D3/GE - 13.6 hrs,TTR,,,,,,,,,,,,,
excel_import,SUMMIT,,,,11/18/2025,     4.7.7) Plan Phase#1A - 3.6 hrs (SU373GE_02),TTR,,,,,,,,,,,,,
excel_import,SUMMIT,,,,11/18/2025,     4.7.8) Plan Phase#1B - 13.8 hrs (SU373GE_03),TTR,,,,,,,,,,,,,
excel_import,SUMMIT,,,,11/18/2025,     4.7.9) Plan Phase#1C - 6 hrs (SU373GE_02A),TTR,,,,,,,,,,,,,
excel_import,SUMMIT,,,,11/18/2025,     4.7.10) Plan Phase#1D - 13.7 hrs (SU373GE_04),TTR,,,,,,,,,,,,,
excel_import,SUMMIT,,,,11/18/2025,      4.7.9) Plan Phase#C - 5 hrs ,TTR,,,,,,,,,,,,,
excel_import,SUMMIT,SUMMIT-2355,Under checkout,Servo/DC,11/18/2025,"TOPAZ (Need SUMMIT-2052, 2255, 2053)",TTR,5,,,,,,,,,,,,
excel_import,SUMMIT,,,,11/18/2025,      4.7.10) Plan Phase#D - xx hrs ,TTR,,,,,,,,,,,,,
excel_import,SUMMIT,TSR-6529 ,Under checkout,Royce,11/18/2025,TTR: T102 on PCBA Screen,TTR,?,,,,,,,,,,,,
excel_import,SUMMIT,SUMMIT-2279,Pending PCO integration,Servo/DC,11/18/2025,TTR: Test 33 Seek Delay Improvement,TTR,0.26,,,,,,,,,,,,
excel_import,SUMMIT,DISC-CR0014225,Under checkout,Korat FW,11/18/2025,TTR- T240,TTR,1.5,,,,,,,,,,,,
excel_import,SUMMIT,,,,11/18/2025,     4.8) PCO TBD - xxhrs (PCO3.7.3x/PCO3.7.4x),TTR,,,,,,,,,,,,,
excel_import,SUMMIT,,,,11/18/2025,CMR Skip Track Format Certify NMD improvement (Beatup),TTR,??,,,,,,,,,,,,
excel_import,SUMMIT,,3% FMT failure escape to customer. Need review how to handle that 3%(EC14184/EC10219),DC,11/18/2025,"	
(SMR) FMT removal",TTR,30,,,,,,,,,,,,
excel_import,SUMMIT,,**CP Reli result WW51 #SPQ-10532**,Korat FW,11/18/2025,WP prediction,TTR,4,,,,,,,,,,,,
excel_import,SUMMIT,,,,11/18/2025,     4.8) PCO TBD - xxhrs,TTR,0,,,,,,,,,,,,
excel_import,SUMMIT,Pending,TBD,Sitthichai/Kriangkrai/Worawit,11/18/2025,ZAP machine learning (PROZ?) - revist vs TOPAZ,TTR,12.5,,,,,,,,,,,,
excel_import,SUMMIT,,,,11/18/2025,     4.9) Risk TTR item PCO - TBD,TTR,0,,,,,,,,,,,,
excel_import,SUMMIT,SUMMIT-1134,Developing by SG team,SSDC/ Korat SW-FW,11/18/2025,     4.11)  ZFS (20) - run on BRC5832 (PCO3.7.2),TTR,0,,,,,,,,,,,,
excel_import,SUMMIT,,,,11/18/2025,     4.12) Canceled,TTR,,,,,,,,,,,,,
excel_import,SUMMIT,TBD,TBD,Korat FW,11/18/2025,ATI expantion Zn0 removal (0.01% failure),TTR,1,,,,,,,,,,,,
excel_import,SUMMIT,,,,11/18/2025,Total TTR,TTR,,,,,,,,,,,,,
excel_import,SUMMIT,,,,11/18/2025,Gap to FROST (all risks),TTR,,,,,,,,,,,,,
excel_import,SUMMIT,,,,11/18/2025,Gap to POR 3.0 (all risks),TTR,,,,,,,,,,,,,
excel_import,SUMMIT,,,,11/18/2025,iVBAR,TTR,,,,,,,,,,,,,
excel_import,SUMMIT,H,Developing ,Korat FW,11/18/2025,VBAR init predict,TTR,,,,,,,,,,,,,
excel_import,SUMMIT,H,Study,Korat FW / LCO ARS,11/18/2025,T299 ATI optimize test zone,TTR,,,,,,,,,,,,,
excel_import,SUMMIT,SUMMIT-1749,Study,SSDC Servo ,11/18/2025,T33 optimize,TTR,,,,,,,,,,,,,
excel_import,SUMMIT,H,Developing ,US DC,11/18/2025,CMR FMT certify by condition,TTR,,,,,,,,,,,,,
excel_import,DORADO,,"WW16 eval release 
WW20 6hd mfg only ckpt 
WW20- mp release
WW32 Packout",,11/18/2025,PCO TTR for  Q3FY26 (PCO 4.3.4 ) (MAT6),TTR,,,,,,,,,,,,,
excel_import,DORADO,,,,11/18/2025,TTR low risk item moved earlier from 4.4.1 and 4.4.2,TTR,,,,,,,,,,,,,
excel_import,DORADO,,"WW13 eval release
WW21 6hd reli -500hr ckpt
WW21 mp release
WW32 Packout
Scopy cut-in after CERT WW17
",,11/18/2025,4.3) PCO TTR Q3FY26 (PCO 4.4.1),TTR,,,,,,,,,,,,,
excel_import,DORADO,Dorado-906,,,11/18/2025,Soak optimization (14days to 9days FW32 DOE results) refer to soak optimization section for time,TTR,,,,,,,,,,,,,
excel_import,DORADO,,,,11/18/2025,"No clean up after MQM (Q426, 30% clean up), Q127 10%, Q2SY 1%",TTR,,,,,,,,,,,,,
excel_import,DORADO,,"WW18 eval release
WW25 6hd reli -500hr ckpt
WW25 mp release
WW37 Packout
Scopy cut-in after CERT WW20
",,11/18/2025,4.4) PCO TTR Q4FY26 (PCO 4.4.2),TTR,,,,,,,,,,,,,
excel_import,DORADO,need Jira,Warachai to document Jira,,11/18/2025, State removal items (PWT/RW Xfer) TTR  TBD),TTR,,,,,,,,,,,,,
excel_import,DORADO,,"Plan rel PCO end WW18
6hd reli 500hr ckpt WW??
Packout WW??",,11/18/2025,4.4) PCO TTR Q4FY26 (PCO 5.x.x),TTR,,,,,,,,,,,,,
excel_import,DORADO,,,,11/18/2025,4.4) PCO TTR Q4FY26 (PCO 5.x.y),TTR,,,,,,,,,,,,,
excel_import,DORADO,Need Jira,Aaron  S to create,,11/18/2025,   Flex SAP update (intelligent - only when needed),TTR,,,,,,,,,,,,,
excel_import,DORADO,Need Jira,Warachi ,,11/18/2025,Scopy higher time than Summit (HAMR - lower RPM RSEED + Laser cal +..),TTR,,,,,,,,,,,,,
excel_import,DORADO,need Jira,Chris S creating Jira,,11/18/2025,Scopy Spiral Bank write,TTR,,,,,,,,,,,,,
excel_import,DORADO,,"Plan rel PCO end WW24?
6hd reli 500hr ckpt WW??
Packout WW??",,11/18/2025,4.5) PCO TTR Q1FY27 (PCO 4.x.z),TTR,,,,,,,,,,,,,
excel_import,DORADO,,,DC / Korat PE,11/18/2025,Enable STFL on SMR,TTR,,,,,,,,,,,,,
excel_import,DORADO,need jira,,,11/18/2025,SMR Format removal (ref MBP-1730) (~25hrs)  (10% of drive write/Rd) hr TTR),TTR,,,,,,,,,,,,,
excel_import,DORADO,need jira,,DC,11/18/2025,Fast uJog in T299,TTR,,,,,,,,,,,,,
excel_import,DORADO,,"Plan rel PCO end WW27
6hd reli 500hr ckpt WW??
Packout WW??",,11/18/2025,4.6) Parallel analysis,TTR,,,,,,,,,,,,,
excel_import,DORADO,,,,11/18/2025,ACQPHZEST_SWEEP removal (CAL2),TTR,,,,,,,,,,,,,
excel_import,DORADO,,,,11/18/2025,ACQPHZEST_SWEEP removal (CRT2),TTR,,,,,,,,,,,,,
excel_import,DORADO,,,Korat FW,11/18/2025,Reduce drive off time,TTR,,,,,,,,,,,,,
excel_import,DORADO,need jira,,Korat FW,11/18/2025,Update BPI/TPI FMT via PC file,TTR,,,,,,,,,,,,,
excel_import,DORADO,need jira,,,11/18/2025,CRT2 Tripple Track BER monitor,TTR,,,,,,,,,,,,,
excel_import,DORADO,need Jira,,DC,11/18/2025,Remove CAL2 SF3_DPCO data collection state,TTR,,,,,,,,,,,,,
excel_import,DORADO,need Jira,,Xiao/Brian,11/18/2025,T33 calls/,TTR,,,,,,,,,,,,,
excel_import,DORADO,need jira,,DC,11/18/2025,Write Opti - Read Reduction: 2 reads to 1 at CAL2,TTR,,,,,,,,,,,,,
excel_import,DORADO,need jira,,Xiao/Brian,11/18/2025,FNC2 RRO_SCRN_x removal,TTR,,,,,,,,,,,,,
excel_import,DORADO,need jira,,,11/18/2025,TTR: Remove PRE2 prm_282_hiResVCMBodeTemp,TTR,,,,,,,,,,,,,
excel_import,DORADO,need jira,,,11/18/2025,TTR: CERT portion Powercycle,TTR,,,,,,,,,,,,,
excel_import,DORADO,need jira,,DC TP/ARS,11/18/2025,T299: Disable Track Center Search,TTR,,,,,,,,,,,,,
excel_import,DORADO,need jira,,DC,11/18/2025,Write Process Restructuring: Fix to VBAR Laser Setup,TTR,,,,,,,,,,,,,
excel_import,DORADO,need jira,,DC,11/18/2025,Test Time: T297 Data Trimming at PRE2,TTR,,,,,,,,,,,,,
excel_import,DORADO,need jira,,DC,11/18/2025,Test Time: T297 Data Trimming at CAL2,TTR,,,,,,,,,,,,,
excel_import,DORADO,need jira,,,11/18/2025,T282 C0 sensitivity opti,TTR,,,,,,,,,,,,,
excel_import,DORADO,need jira,,,11/18/2025,Erasure Testing - Fast Write Modes (T298/T299),TTR,,,,,,,,,,,,,
excel_import,DORADO,need jira,,,11/18/2025,TTR: To close TT gap (vs Marlin) - BER measurement,TTR,,,,,,,,,,,,,
excel_import,DORADO,need jira,,,11/18/2025,T282 sensitivity projection optimization - data & test time reduction,TTR,,,,,,,,,,,,,
excel_import,DORADO,need jira,,Servo DC,11/18/2025,MarlinBP remove state (est. 43 hrs),TTR,,,,,,,,,,,,,
excel_import,DORADO,need jira,,,11/18/2025,T451 Random Pattern Generation 5% TTR,TTR,,,,,,,,,,,,,
excel_import,DORADO,need jira,,,11/18/2025,SPFS T2108 Read TTR by increasing CertTrkStep (SkInc) to 75 from default 30,TTR,,,,,,,,,,,,,
excel_import,DORADO,?,,Korat FW/ARS DC,11/18/2025,T299 reduce num write,TTR,,,,,,,,,,,,,
excel_import,DORADO,,,,11/18/2025,Reduce redundant zones test of VBAR_ATI,TTR,,,,,,,,,,,,,
excel_import,DORADO,?,,Korat,11/18/2025,T285 DRCM opti,TTR,,,,,,,,,,,,,
excel_import,DORADO,,,Korat FW,11/18/2025,T299 RAP Saving (4),TTR,,,,,,,,,,,,,
excel_import,DORADO,,,Korat FW,11/18/2025,uJog Goby,TTR,,,,,,,,,,,,,
excel_import,DORADO,,,Korat FW/Servo DC,11/18/2025,XBAR,TTR,,,,,,,,,,,,,
excel_import,DORADO,,,Korat FW/ARS DC,11/18/2025,"VBAR ATI predict			",TTR,,,,,,,,,,,,,
excel_import,DORADO,,,,11/18/2025,Remove PWT opti,TTR,,,,,,,,,,,,,
excel_import,DORADO,,,,11/18/2025,VBAR Laser Predition,TTR,,,,,,,,,,,,,
excel_import,DORADO,,,,11/18/2025,WP opti Prediction,TTR,,,,,,,,,,,,,
excel_import,DORADO,need jira,,DC,11/18/2025,T461 AC Erase Support,TTR,,,,,,,,,,,,,
excel_import,DORADO,need jira,,,11/18/2025,FNC2 T150 Linearization monitor (1.2),TTR,,,,,,,,,,,,,
excel_import,DORADO,need jira,,,11/18/2025,T461 similar to marlin JIRA1036,TTR,,,,,,,,,,,,,
excel_import,DORADO,need jira,,,11/18/2025,PC file compression ,TTR,,,,,,,,,,,,,
excel_import,DORADO,,,,11/18/2025,Total MQM TTR,TTR,0,,,,,,,,,,,,
excel_import,DORADO,,,,11/18/2025,Total NDS TTR,TTR,0,,,,,,,,,,,,
excel_import,DORADO,,,,11/18/2025,Total Soak TTR,TTR,0,,,,,,,,,,,,
excel_import,DORADO,,,,11/18/2025,Total  CERT TTR,TTR,,,,,,,,,,,,,
excel_import,DORADO,,,,11/18/2025,PRE2 GMR_RES_2x monitor (0.2),TTR,,,,,,,,,,,,,
jira_issues,SUMMIT,T-000001,,,,,TTR,,,,,,,jira_issues|summit|summit-2315,SUMMIT-2315,PCO Item - PCO3.7.3A_EFL2C,Closed,Gronggaew (GG) Boonjuang,2025-08-26T15:57:49+08:00,2025-11-19T06:48:28
jira_issues,SUMMIT,T-000002,,,,,TTR,,,,,,,jira_issues|summit|summit-2317,SUMMIT-2317,TTR: VBAR_ZN_IVBAR Further,Closed,Unassigned,2025-08-26T21:14:13+08:00,2025-11-19T06:48:28
jira_issues,SUMMIT,T-000003,,,,,TTR,,,,,,,jira_issues|summit|summit-2319,SUMMIT-2319,TTR : VBAR_ATI_IVBAR Further reduction,Closed,Unassigned,2025-08-27T10:19:22+08:00,2025-11-19T06:48:28
jira_issues,SUMMIT,T-000004,,,,,TTR,,,,,,,jira_issues|summit|summit-2321,SUMMIT-2321,TTR: T411 iVBAR for Summit,Closed,Unassigned,2025-08-29T21:59:56+08:00,2025-11-19T06:48:28
jira_issues,SUMMIT,T-000005,,,,,TTR,,,,,,,jira_issues|summit|summit-2322,SUMMIT-2322,TTR: T150 PWT by Exception ,Closed,Unassigned,2025-09-01T11:44:20+08:00,2025-11-19T06:48:28
jira_issues,SUMMIT,T-000006,,,,,TTR,,,,,,,jira_issues|summit|summit-2324,SUMMIT-2324,"TTR: Release Block Point ""E"" Servo Code CEC3 for Summit SMR 30TB VC",Closed,Unassigned,2025-09-02T13:16:45+08:00,2025-11-19T06:48:28
jira_issues,SUMMIT,T-000007,,,,,TTR,,,,,,,jira_issues|summit|summit-2326,SUMMIT-2326,TTR: items from PCO 3.7.3x to PCO 3.8.1 branch,Closed,Unassigned,2025-09-04T10:15:56+08:00,2025-11-19T06:48:28
jira_issues,SUMMIT,T-000008,,,,,TTR,,,,,,,jira_issues|summit|summit-2327,SUMMIT-2327,TTR: New Servo Code xx66,Closed,Unassigned,2025-09-04T11:14:30+08:00,2025-11-19T06:48:28
jira_issues,SUMMIT,T-000009,,,,,TTR,,,,,,,jira_issues|summit|summit-2328,SUMMIT-2328,PCO Item - PCO3.7.3GB,Closed,Unassigned,2025-09-04T18:12:21+08:00,2025-11-19T06:48:28
jira_issues,SUMMIT,T-000010,,,,,TTR,,,,,,,jira_issues|summit|summit-2329,SUMMIT-2329,PCO Item - PCO3.7.3GC,Closed,Unassigned,2025-09-04T18:27:10+08:00,2025-11-19T06:48:28
jira_issues,SUMMIT,T-000011,,,,,TTR,,,,,,,jira_issues|summit|summit-2330,SUMMIT-2330,PCO Item - PCO3.7.3GD,Closed,Unassigned,2025-09-04T18:32:13+08:00,2025-11-19T06:48:28
jira_issues,SUMMIT,T-000012,,,,,TTR,,,,,,,jira_issues|summit|summit-2331,SUMMIT-2331,TTR: T461 Test Zone Aligment,Closed,Unassigned,2025-09-05T08:33:10+08:00,2025-11-19T06:48:28
jira_issues,SUMMIT,T-000013,,,,,TTR,,,,,,,jira_issues|summit|summit-2333,SUMMIT-2333,PCO Item - PCO3.7.3A_EFL2B4,SME Verification,Unassigned,2025-09-09T19:17:29+08:00,2025-11-19T06:48:28
jira_issues,SUMMIT,T-000014,,,,,TTR,,,,,,,jira_issues|summit|summit-2334,SUMMIT-2334,PCO Item - PCO3.7.3A_EFL2C2,Closed,Unassigned,2025-09-09T22:34:12+08:00,2025-11-19T06:48:28
jira_issues,SUMMIT,T-000015,,,,,TTR,,,,,,,jira_issues|summit|summit-2337,SUMMIT-2337,TTR: YIP7 for Summit RSEED,SME Verification,Unassigned,2025-09-12T04:42:02+08:00,2025-11-19T06:48:28
jira_issues,SUMMIT,T-000016,,,,,TTR,,,,,,,jira_issues|summit|summit-2345,SUMMIT-2345,"TTR: PWT optimization: DNLD_CODE, enableDiags, Powercycle",Reopened,Unassigned,2025-09-22T09:16:53+08:00,2025-11-19T06:48:28
jira_issues,SUMMIT,T-000017,,,,,TTR,,,,,,,jira_issues|summit|summit-2347,SUMMIT-2347,PCO Item - PCO3.7.4B,SME Verification,Unassigned,2025-09-26T18:03:34+08:00,2025-11-19T06:48:28
jira_issues,MARLIN,T-000018,,,,,TTR,,,,,,,jira_issues|marlin|marlinct-2192,MARLINCT-2192,PC file compression,Resolved,Allen Tseng,2025-10-01T04:00:30+08:00,2025-11-19T06:48:28
jira_issues,MARLIN,T-000019,,,,,TTR,,,,,,,jira_issues|marlin|marlinct-2193,MARLINCT-2193,Trianglewave injection IOP calibration in LASER_INIT ,In Progress,Allen Tseng,2025-10-02T02:21:07+08:00,2025-11-19T06:48:28
jira_issues,MARLIN,T-000020,,,,,TTR,,,,,,,jira_issues|marlin|marlinct-2198,MARLINCT-2198,Release PCO 7.2.10D,Resolved,Unassigned,2025-10-08T09:27:31+08:00,2025-11-19T06:48:28
jira_issues,MARLIN,T-000021,,,,,TTR,,,,,,,jira_issues|marlin|marlinct-2200,MARLINCT-2200,Opti settling bypass BIE,Open,Unassigned,2025-10-10T01:00:45+08:00,2025-11-19T06:48:28
jira_issues,MARLIN,T-000022,,,,,TTR,,,,,,,jira_issues|marlin|marlinct-2201,MARLINCT-2201,Increase Opti LC_Delay step size from 2 to 4,Open,Unassigned,2025-10-10T01:04:06+08:00,2025-11-19T06:48:28
jira_issues,MARLIN,T-000023,,,,,TTR,,,,,,,jira_issues|marlin|marlinct-2202,MARLINCT-2202,apply Increase Opti LC_Delay step size from 2 to 4 to all opti calls,Open,Unassigned,2025-10-10T01:08:23+08:00,2025-11-19T06:48:28
jira_issues,SUMMIT,T-000024,,,,,TTR,,,,,,,jira_issues|summit|summit-2355,SUMMIT-2355,TTR: TOPAZ w/ PROZ Integration,Open,Unassigned,2025-10-15T21:31:34+08:00,2025-11-19T06:48:28
jira_issues,MARLIN,T-000025,,,,,TTR,,,,,,,jira_issues|marlin|marlinct-2209,MARLINCT-2209,T55 - ZAP track reduction,Open,Unassigned,2025-10-16T03:58:56+08:00,2025-11-19T06:48:28
jira_issues,MARLIN,T-000026,,,,,TTR,,,,,,,jira_issues|marlin|marlinct-2210,MARLINCT-2210,Removal of offset search and channel training reads,Resolved,Unassigned,2025-10-16T04:07:36+08:00,2025-11-19T06:48:28
jira_issues,MARLIN BP,T-000027,,,,,TTR,,,,,,,jira_issues|marlin bp|mbp-1907,MBP-1907,Marlin BP TA dwell,Resolved,Billy Aas,2025-10-18T02:13:04+08:00,2025-11-19T06:48:28
jira_issues,MARLIN BP,T-000028,,,,,TTR,,,,,,,jira_issues|marlin bp|mbp-1908,MBP-1908,TA dwell - MBP drive,Resolved,Billy Aas,2025-10-18T02:17:00+08:00,2025-11-19T06:48:28
jira_issues,MARLIN,T-000029,,,,,TTR,,,,,,,jira_issues|marlin|marlinct-2217,MARLINCT-2217,Active Servo Flaw Table (ASFT) build algorithm change,Resolved,Unassigned,2025-10-21T05:48:41+08:00,2025-11-19T06:48:28
jira_issues,MARLIN BP,T-000030,,,,,TTR,,,,,,,jira_issues|marlin bp|mbp-1916,MBP-1916,"WPOPTI: Pickup of SF3 TTR, and PF3 TTR",In Progress,Unassigned,2025-10-21T22:30:49+08:00,2025-11-19T06:48:28
jira_issues,MARLIN BP,T-000031,,,,,TTR,,,,,,,jira_issues|marlin bp|mbp-1917,MBP-1917,CLONE - Evaluate modification of Active Servo Flaw Table (ASFT) build algorithm.,Resolved,Unassigned,2025-10-21T23:31:44+08:00,2025-11-19T06:48:28
jira_issues,SUMMIT,T-000032,,,,,TTR,,,,,,,jira_issues|summit|summit-2359,SUMMIT-2359,Evaluate modification of Active Servo Flaw Table (ASFT) build algorithm,Closed,Unassigned,2025-10-23T09:34:05+08:00,2025-11-19T06:48:28
jira_issues,DORADO,T-000033,,,,,TTR,,,,,,,jira_issues|dorado|dorado-1313,DORADO-1313,"TTR: T451, T438: Reduce the Opti Reg in the T451 call before T438 in CAL2 FINE_UJOG_INIT",Open,Mihir Sathe,2025-10-24T00:29:57+08:00,2025-11-19T06:48:28
jira_issues,MARLIN,T-000034,,,,,TTR,,,,,,,jira_issues|marlin|marlinct-2221,MARLINCT-2221,Release PCO 7.3.03,Resolved,Unassigned,2025-10-24T02:08:44+08:00,2025-11-19T06:48:28
jira_issues,DORADO,T-000035,,,,,TTR,,,,,,,jira_issues|dorado|dorado-1314,DORADO-1314,LZR: VBAR_WpOpti: T220: Save the final pick NLTS and PP result to RAP and smooth the results across the stroke ,Open,Mihir Sathe,2025-10-24T02:27:01+08:00,2025-11-19T06:48:28
jira_issues,MARLIN BP,T-000036,,,,,TTR,,,,,,,jira_issues|marlin bp|mbp-1924,MBP-1924,SF3 ReloadRAP Eval,In Progress,Unassigned,2025-10-25T00:16:51+08:00,2025-11-19T06:48:28
jira_issues,MARLIN,T-000037,,,,,TTR,,,,,,,jira_issues|marlin|marlinct-2225,MARLINCT-2225,OEE: Re-arrange Hot and Cold Operation ,Open,Unassigned,2025-10-25T00:20:28+08:00,2025-11-19T06:48:28
jira_issues,MARLIN,T-000038,,,,,TTR,,,,,,,jira_issues|marlin|marlinct-2226,MARLINCT-2226,SF3 reloadRAP eval,In Progress,Unassigned,2025-10-25T00:46:10+08:00,2025-11-19T06:48:28
jira_issues,DORADO,T-000039,,,,,TTR,,,,,,,jira_issues|dorado|dorado-1320,DORADO-1320,Optimize get ta rec for TA access and audit lookup,Resolved,Unassigned,2025-10-25T02:32:15+08:00,2025-11-19T06:48:28
jira_issues,MARLIN BP,T-000040,,,,,TTR,,,,,,,jira_issues|marlin bp|mbp-1926,MBP-1926,CLONE - Optimize get ta rec for TA access and audit lookup,Resolved,Unassigned,2025-10-25T02:42:01+08:00,2025-11-19T06:48:28
jira_issues,DORADO,T-000041,,,,,TTR,,,,,,,jira_issues|dorado|dorado-1322,DORADO-1322,T282 Bode uAct Timeout Fix,Resolved,Unassigned,2025-10-26T10:37:04+08:00,2025-11-19T06:48:28
jira_issues,MARLIN,T-000042,,,,,TTR,,,,,,,jira_issues|marlin|marlinct-2227,MARLINCT-2227,"CLONE - WPOPTI: Pickup of SF3 TTR, and PF3 TTR",Resolved,Unassigned,2025-10-27T10:06:04+08:00,2025-11-19T06:48:28
jira_issues,DORADO,T-000043,,,,,TTR,,,,,,,jira_issues|dorado|dorado-1327,DORADO-1327,Managing TPM/MemDump files for ToolsGUI,Open,Unassigned,2025-10-27T23:26:56+08:00,2025-11-19T06:48:28
jira_issues,MARLIN BP,T-000044,,,,,TTR,,,,,,,jira_issues|marlin bp|mbp-1931,MBP-1931,MarlinBP 10k RPM eval at SPIN OPER (Soak Time reduction eval),SME Verification,Unassigned,2025-10-29T00:31:06+08:00,2025-11-19T06:48:28
jira_issues,DORADO,T-000045,,,,,TTR,,,,,,,jira_issues|dorado|dorado-1332,DORADO-1332,Add Hd screen specs of T297 checkerboard Tests,Resolved,Unassigned,2025-10-29T02:13:10+08:00,2025-11-19T06:48:28
jira_issues,DORADO,T-000046,,,,,TTR,,,,,,,jira_issues|dorado|dorado-1335,DORADO-1335,10krpm eval at SPIN oper on Dorado,SME Verification,Unassigned,2025-10-29T21:28:16+08:00,2025-11-19T06:48:28
jira_issues,MARLIN,T-000047,,,,,TTR,,,,,,,jira_issues|marlin|marlinct-2232,MARLINCT-2232,Marlin SCopy TTR,SME Verification,Unassigned,2025-11-01T04:28:25+08:00,2025-11-19T06:48:28
jira_issues,SUMMIT,T-000048,,,,,TTR,,,,,,,jira_issues|summit|summit-2361,SUMMIT-2361,TTR: Removal of main_w_mux opti state in CAL2  ,Closed,Unassigned,2025-11-04T13:18:06+08:00,2025-11-19T06:48:28
jira_issues,MARLIN,T-000049,,,,,TTR,,,,,,,jira_issues|marlin|marlinct-2235,MARLINCT-2235,Remove power cycles around SPFS and LFA cal,SME Verification,Unassigned,2025-11-05T03:03:36+08:00,2025-11-19T06:48:28
jira_issues,DORADO,T-000050,,,,,TTR,,,,,,,jira_issues|dorado|dorado-1345,DORADO-1345,Dorado Sea-POT (SeaPot),Open,Unassigned,2025-11-05T05:43:37+08:00,2025-11-19T06:48:28
jira_issues,DORADO,T-000051,,,,,TTR,,,,,,,jira_issues|dorado|dorado-1349,DORADO-1349,TTR - T282 supports on single rate sensitivity scoring and combined BODE,In Progress,Unassigned,2025-11-06T04:42:19+08:00,2025-11-19T06:48:28
jira_issues,SUMMIT,T-000052,,,,,TTR,,,,,,,jira_issues|summit|summit-2364,SUMMIT-2364,YIP8 for Summit RSEED,In Progress,Unassigned,2025-11-08T05:47:24+08:00,2025-11-19T06:48:28
jira_issues,MARLIN,T-000053,,,,,TTR,,,,,,,jira_issues|marlin|marlinct-2239,MARLINCT-2239,Live TCC eval for t55 TTR,In Progress,Unassigned,2025-11-12T02:07:20+08:00,2025-11-19T06:48:28
jira_issues,DORADO,T-000054,,,,,TTR,,,,,,,jira_issues|dorado|dorado-1361,DORADO-1361,Pull in TSR-6419 for Dorado 2 Heads,Resolved,Unassigned,2025-11-12T05:44:41+08:00,2025-11-19T06:48:28
jira_issues,MARLIN BP,T-000055,,,,,TTR,,,,,,,jira_issues|marlin bp|mbp-1954,MBP-1954,CLONE - MarlinBP Write/Read Transfer Rate Reduction.,Open,Unassigned,2025-11-12T09:27:32+08:00,2025-11-19T06:48:28
jira_issues,MARLIN BP,T-000056,,,,,TTR,,,,,,,jira_issues|marlin bp|mbp-1955,MBP-1955,TOPAZ for PROZ,Open,Unassigned,2025-11-12T09:46:32+08:00,2025-11-19T06:48:28
jira_issues,MARLIN BP,T-000057,,,,,TTR,,,,,,,jira_issues|marlin bp|mbp-1957,MBP-1957,CLONE - TOPAZ for PROZ,Resolved,Unassigned,2025-11-13T03:31:53+08:00,2025-11-19T06:48:28
jira_issues,MARLIN BP,T-000058,,,,,TTR,,,,,,,jira_issues|marlin bp|mbp-1958,MBP-1958,Create new config based 5.0.5L7 +PROZ SFW,Open,Unassigned,2025-11-13T05:12:58+08:00,2025-11-19T06:48:28
jira_issues,MARLIN,T-000059,,,,,TTR,,,,,,,jira_issues|marlin|marlinct-2243,MARLINCT-2243,Align FINE_JOG_CAL to remove T451 following PCO7.2x to PCO7.3x,Open,Unassigned,2025-11-13T15:55:33+08:00,2025-11-19T06:48:28
jira_issues,DORADO,T-000060,,,,,TTR,,,,,,,jira_issues|dorado|dorado-1368,DORADO-1368,Dorado 2 C9 Wafer CFR Assessment Plus Soak Reduction ,Open,Unassigned,2025-11-14T00:32:24+08:00,2025-11-19T06:48:28
jira_issues,DORADO,T-000061,,,,,TTR,,,,,,,jira_issues|dorado|dorado-1369,DORADO-1369,Release PCO 4.4.2,Open,Unassigned,2025-11-14T03:10:26+08:00,2025-11-19T06:48:28
jira_issues,MARLIN,T-000062,,,,,TTR,,,,,,,jira_issues|marlin|marlinct-2246,MARLINCT-2246,CLONE - MBP: FPW & SPFS Power Cycle Removal around LFA,Resolved,Unassigned,2025-11-14T12:46:03+08:00,2025-11-19T06:48:28
DISC,LONGSPEAK SATA,T-000063,,,,,TTR,,,,,,,disc|longspeak sata|cr0011865,CR0011865,LP :WP Prediction Korat version,Rejected at Development,Sitthichai Pomthong,2024-01-04T11:07:43,2025-11-19T06:48:28
DISC,LONGSPEAK SATA,T-000064,,,,,TTR,,,,,,,disc|longspeak sata|cr0011866,CR0011866,LongsPeak : Remove Temperature ramping for scopy rerun.,Rejected at Development,Irin Siribannasit,2024-01-04T18:18:43,2025-11-19T06:48:28
DISC,EVANS BP SATA,T-000065,,,,,TTR,,,,,,,disc|evans bp sata|cr0011867,CR0011867,CSO TTR V3,Completed,Pakyada Maneewan,2024-01-05T08:24:40,2025-11-19T06:48:28
DISC,EVANS BP SATA,T-000066,,,,,TTR,,,,,,,disc|evans bp sata|cr0011869,CR0011869,CSO TTR V3.5,Completed,Pakyada Maneewan,2024-01-05T10:27:25,2025-11-19T06:48:28
DISC,MARLIN,T-000067,,,,,TTR,,,,,,,disc|marlin|cr0011886,CR0011886,Marlin : T163 TTR,Completed,Kriangkrai Kuskul,2024-01-10T14:34:57,2025-11-19T06:48:28
DISC,LONGSPEAK BP SATA,T-000068,,,,,TTR,,,,,,,disc|longspeak bp sata|cr0011887,CR0011887,CSO TTR V3.5,Completed,Naruporn Srikullabut,2024-01-10T15:24:00,2025-11-19T06:48:28
DISC,LONGSPEAK BP SATA,T-000069,,,,,TTR,,,,,,,disc|longspeak bp sata|cr0011911,CR0011911,LPBP:Force set initial BPI/TPI format for VBAR_INIT prediction,Completed,Ampol Meetee,2024-01-15T16:55:19,2025-11-19T06:48:28
DISC,SUMMIT,T-000070,,,,,TTR,,,,,,,disc|summit|cr0011918,CR0011918,"SUMMIT : Integrate CL2410882: Optimize T461 at OPTI_CHECK_T461, OPTI_CHECK_T461_SMR state CAL2 oper",Completed,Kriangkrai Kuskul,2024-01-16T14:52:45,2025-11-19T06:48:28
DISC,LONGSPEAK SATA,T-000071,,,,,TTR,,,,,,,disc|longspeak sata|cr0011919,CR0011919,PCO releasing : PCO1.4.4V2,Completed,Orathai Kajhonkam,2024-01-16T15:04:29,2025-11-19T06:48:28
DISC,LONGSPEAK SATA,T-000072,,,,,TTR,,,,,,,disc|longspeak sata|cr0011934,CR0011934,PCO releasing : PCO1.4.4U_CCV2DOE1,Completed,Irin Siribannasit,2024-01-19T17:23:17,2025-11-19T06:48:28
DISC,LONGSPEAK SATA,T-000073,,,,,TTR,,,,,,,disc|longspeak sata|cr0011938,CR0011938,LP CSO DS combine TASK and TTR V2,Completed,Warat  Jintanamaneerat ,2024-01-22T16:04:38,2025-11-19T06:48:28
DISC,LONGSPEAK SATA,T-000074,,,,,TTR,,,,,,,disc|longspeak sata|cr0011939,CR0011939,LP CSO SS combine TASK and TTR V2,Completed,Warat  Jintanamaneerat ,2024-01-22T16:08:56,2025-11-19T06:48:28
DISC,LONGSPEAK BP SATA,T-000075,,,,,TTR,,,,,,,disc|longspeak bp sata|cr0011943,CR0011943,Combine Opal function with CSO TTR V1V2 and Request Merge CSO Feature to Current normal MASS,Completed,Orathai Kajhonkam,2024-01-23T10:51:57,2025-11-19T06:48:28
DISC,LONGSPEAK BP SATA,T-000076,,,,,TTR,,,,,,,disc|longspeak bp sata|cr0011944,CR0011944,Combine Opal function with CSO TTR V1V2 and Request Merge CSO Feature to Current Efesto MASS,Completed,Orathai Kajhonkam,2024-01-23T10:55:56,2025-11-19T06:48:28
DISC,LONGSPEAK BP SATA,T-000077,,,,,TTR,,,,,,,disc|longspeak bp sata|cr0011945,CR0011945,WP Prediction (Korat and LCO version),Completed,Natthakritta Rungtalay,2024-01-23T11:19:58,2025-11-19T06:48:28
DISC,SUMMIT,T-000078,,,,,TTR,,,,,,,disc|summit|cr0011952,CR0011952,Summit : T163 TTR,Completed,Kriangkrai Kuskul,2024-01-24T12:12:08,2025-11-19T06:48:28
DISC,LONGSPEAK BP SATA,T-000079,,,,,TTR,,,,,,,disc|longspeak bp sata|cr0011958,CR0011958,PCO releasing : PCO LPBP_3_07_03,Completed,Orathai Kajhonkam,2024-01-25T10:29:03,2025-11-19T06:48:28
DISC,LONGSPEAK BP SATA,T-000080,,,,,TTR,,,,,,,disc|longspeak bp sata|cr0011962,CR0011962,T461 optimize read rev for SMR/HSMR (duplicate CR0011850)),Completed,Naruporn Srikullabut,2024-01-25T23:48:22,2025-11-19T06:48:28
DISC,SUMMIT,T-000081,,,,,TTR,,,,,,,disc|summit|cr0011974,CR0011974,OCZ-ZFS Repeatability Study for TTR,Completed,Gronggaew Boonjuang,2024-01-30T14:23:35,2025-11-19T06:48:28
DISC,MARLIN,T-000082,,,,,TTR,,,,,,,disc|marlin|cr0011985,CR0011985,POML (force PO last zone for system area reclaim),Completed,Worawit Kanjanapruthipong,2024-02-01T18:32:39,2025-11-19T06:48:28
DISC,SUMMIT,T-000083,,,,,TTR,,,,,,,disc|summit|cr0011991,CR0011991,POML (force PO last zone for system area reclaim),Completed,Worawit Kanjanapruthipong,2024-02-02T18:59:43,2025-11-19T06:48:28
DISC,MARLIN,T-000084,,,,,TTR,,,,,,,disc|marlin|cr0011992,CR0011992,Marlin Rseed Add P_FAILING_HEAD,Completed,Oosana Onjan,2024-02-05T17:39:44,2025-11-19T06:48:28
DISC,LONGSPEAK SATA,T-000085,,,,,TTR,,,,,,,disc|longspeak sata|cr0011993,CR0011993,LP CSO DS combine TASK and TTR V3.5,Completed,Warat  Jintanamaneerat ,2024-02-06T10:59:11,2025-11-19T06:48:28
DISC,LONGSPEAK SATA,T-000086,,,,,TTR,,,,,,,disc|longspeak sata|cr0011996,CR0011996,LongsPeak: ZFS feature over 1-rev ZAP and based PCO1.4.4 mass,Completed,Irin Siribannasit,2024-02-07T11:00:09,2025-11-19T06:48:28
DISC,SUMMIT,T-000087,,,,,TTR,,,,,,,disc|summit|cr0011997,CR0011997,TTR Test240 EAW,Completed,Atchara Tiantawatchakun,2024-02-07T12:59:05,2025-11-19T06:48:28
DISC,SUMMIT,T-000088,,,,,TTR,,,,,,,disc|summit|cr0012008,CR0012008,Summit : TTR T461 reduce NumRd/NumWr from 2 to 1,Completed,Suphaphit Saepu,2024-02-09T15:09:39,2025-11-19T06:48:28
DISC,LONGSPEAK BP SATA,T-000089,,,,,TTR,,,,,,,disc|longspeak bp sata|cr0012012,CR0012012,PCO releasing : PCO LPBP_3_07_04,Completed,Orathai Kajhonkam,2024-02-12T17:24:37,2025-11-19T06:48:28
DISC,LONGSPEAK SATA,T-000090,,,,,TTR,,,,,,,disc|longspeak sata|cr0012021,CR0012021,T74 Opti Passive Clearance calibration,Completed,Worawit Kanjanapruthipong,2024-02-14T12:32:08,2025-11-19T06:48:28
DISC,LONGSPEAK BP SATA,T-000091,,,,,TTR,,,,,,,disc|longspeak bp sata|cr0012022,CR0012022,T74 Opti Passive Clearance calibration,Completed,Worawit Kanjanapruthipong,2024-02-14T12:35:14,2025-11-19T06:48:28
DISC,SUMMIT,T-000092,,,,,TTR,,,,,,,disc|summit|cr0012027,CR0012027,Summit: ATI write optimization in WP version2,Completed,Sitthichai Pomthong,2024-02-15T15:50:18,2025-11-19T06:48:28
DISC,LONGSPEAK BP SATA,T-000093,,,,,TTR,,,,,,,disc|longspeak bp sata|cr0012035,CR0012035,Change command write/read in MQM,Rejected at Development,Krerkkiat Thalangsri,2024-02-16T10:03:01,2025-11-19T06:48:28
DISC,LONGSPEAK BP SATA,T-000094,,,,,TTR,,,,,,,disc|longspeak bp sata|cr0012041,CR0012041,"	Change command write/read in MQM for LongSpeakBP",Completed,Krerkkiat Thalangsri,2024-02-19T16:44:52,2025-11-19T06:48:28
DISC,LONGSPEAK BP SATA,T-000095,,,,,TTR,,,,,,,disc|longspeak bp sata|cr0012042,CR0012042,PCO releasing : PCO LPBP_3_07_04A,Completed,Orathai Kajhonkam,2024-02-20T11:41:58,2025-11-19T06:48:28
DISC,SUMMIT,T-000096,,,,,TTR,,,,,,,disc|summit|cr0012045,CR0012045,SUMMIT: Enable run T257 via GSM sampling,Completed,Gronggaew Boonjuang,2024-02-20T15:34:48,2025-11-19T06:48:28
DISC,MARLIN,T-000097,,,,,TTR,,,,,,,disc|marlin|cr0012059,CR0012059,Marlin: ATI write optimization in WP,Completed,Sitthichai Pomthong,2024-02-28T11:17:45,2025-11-19T06:48:28
DISC,LONGSPEAK SATA,T-000098,,,,,TTR,,,,,,,disc|longspeak sata|cr0012062,CR0012062,LongsPeak: Reduction of T130 DBI(FileID 8) backup calls at SPFS,Completed,Irin Siribannasit,2024-02-28T15:00:03,2025-11-19T06:48:28
DISC,LONGSPEAK BP SATA,T-000099,,,,,TTR,,,,,,,disc|longspeak bp sata|cr0012066,CR0012066,PCO releasing : PCO LPBP_3_07_01B,Completed,Orathai Kajhonkam,2024-02-29T09:56:02,2025-11-19T06:48:28
DISC,LONGSPEAK BP SATA,T-000100,,,,,TTR,,,,,,,disc|longspeak bp sata|cr0012068,CR0012068,LPBP: VBAR_INIT prediction for LPBP4H media,Completed,Ampol Meetee,2024-02-29T12:38:52,2025-11-19T06:48:28
DISC,LONGSPEAK BP SATA,T-000101,,,,,TTR,,,,,,,disc|longspeak bp sata|cr0012077,CR0012077,Reducetion of Test 130 DBI (FileID 8) backup calls at SPFS,Completed,Naruporn Srikullabut,2024-03-01T16:26:54,2025-11-19T06:48:28
DISC,MARLIN,T-000102,,,,,TTR,,,,,,,disc|marlin|cr0012093,CR0012093,Marlin: T451 zone alignment VBAR_ATI,Completed,Sitthichai Pomthong,2024-03-07T10:10:35,2025-11-19T06:48:28
DISC,SUMMIT,T-000103,,,,,TTR,,,,,,,disc|summit|cr0012094,CR0012094,Power Cycle Optimization,Completed,Atchara Tiantawatchakun,2024-03-07T12:44:16,2025-11-19T06:48:28
DISC,SUMMIT,T-000104,,,,,TTR,,,,,,,disc|summit|cr0012095,CR0012095,TTR T240 EAW Experiment,Completed,Atchara Tiantawatchakun,2024-03-07T12:52:16,2025-11-19T06:48:28
DISC,MARLIN,T-000105,,,,,TTR,,,,,,,disc|marlin|cr0012100,CR0012100,ZBB Eval for MArlin,Completed,Warachai Singjungreed,2024-03-08T12:46:18,2025-11-19T06:48:28
DISC,MARLIN,T-000106,,,,,TTR,,,,,,,disc|marlin|cr0012101,CR0012101,T461 reduce NumRd/NumWr from 2 to 1,Completed,Worawit Kanjanapruthipong,2024-03-08T15:17:19,2025-11-19T06:48:28
DISC,MARLIN,T-000107,,,,,TTR,,,,,,,disc|marlin|cr0012109,CR0012109,Marlin: Optimize updating BPI/TPI formats,Completed,Sitthichai Pomthong,2024-03-11T17:56:40,2025-11-19T06:48:28
DISC,LONGSPEAK SATA,T-000108,,,,,TTR,,,,,,,disc|longspeak sata|cr0012114,CR0012114,LongsPeak: ZFS feature over 1-rev ZAP by based PCO1.4.4,Completed,Irin Siribannasit,2024-03-12T16:31:25,2025-11-19T06:48:28
DISC,MARLIN,T-000109,,,,,TTR,,,,,,,disc|marlin|cr0012120,CR0012120,Limit sector for W/R TRANSFER,Completed,Warachai Singjungreed,2024-03-13T15:39:54,2025-11-19T06:48:28
DISC,SUMMIT,T-000110,,,,,TTR,,,,,,,disc|summit|cr0012123,CR0012123,DOE for NumWrt 512 in T299_DS_ATI,Completed,Natthakritta Rungtalay,2024-03-14T12:05:45,2025-11-19T06:48:28
DISC,SUMMIT,T-000111,,,,,TTR,,,,,,,disc|summit|cr0012130,CR0012130,Allow Short FAIL_PROC for brain swap process after flash saving.,Completed,Gronggaew Boonjuang,2024-03-15T15:53:27,2025-11-19T06:48:28
DISC,SUMMIT,T-000112,,,,,TTR,,,,,,,disc|summit|cr0012132,CR0012132,Allow Short FAIL_PROC for brain swap process after flash saving PCO3.2.7,Completed,Gronggaew Boonjuang,2024-03-15T18:17:56,2025-11-19T06:48:28
DISC,EVANS BP SATA,T-000113,,,,,TTR,,,,,,,disc|evans bp sata|cr0012143,CR0012143,EvansBP WZ with digital pattern (CSO TTR v3.5),Completed,Gronggaew Boonjuang,2024-03-19T16:15:37,2025-11-19T06:48:28
DISC,SUMMIT,T-000114,,,,,TTR,,,,,,,disc|summit|cr0012202,CR0012202,SUMMIT: OCZ-ZFS Repeatability Study for TTR on SMR,Completed,Gronggaew Boonjuang,2024-03-28T11:44:52,2025-11-19T06:48:28
DISC,MARLIN,T-000115,,,,,TTR,,,,,,,disc|marlin|cr0012205,CR0012205,DOE Issue TCG_PREP EC11044,Completed,Kittitus Samatthanaras,2024-03-28T14:44:50,2025-11-19T06:48:28
DISC,SUMMIT,T-000116,,,,,TTR,,,,,,,disc|summit|cr0012211,CR0012211,Summit CMR ZFS Repeatability,Completed,Gronggaew Boonjuang,2024-03-29T15:05:03,2025-11-19T06:48:28
DISC,MARLIN,T-000117,,,,,TTR,,,,,,,disc|marlin|cr0012212,CR0012212,POML OTF,Completed,Worawit Kanjanapruthipong,2024-03-29T15:48:11,2025-11-19T06:48:28
DISC,SUMMIT,T-000118,,,,,TTR,,,,,,,disc|summit|cr0012213,CR0012213,POML OTF,Completed,Worawit Kanjanapruthipong,2024-03-29T16:25:18,2025-11-19T06:48:28
DISC,MARLIN,T-000119,,,,,TTR,,,,,,,disc|marlin|cr0012214,CR0012214,Marlin : Read sector time improvement,Rejected at Development,Sitthichai Pomthong,2024-04-01T11:02:33,2025-11-19T06:48:28
DISC,LONGSPEAK SATA,T-000120,,,,,TTR,,,,,,,disc|longspeak sata|cr0012220,CR0012220,PCO releasing : PCO1.5.1,Completed,Orathai Kajhonkam,2024-04-02T10:29:25,2025-11-19T06:48:28
DISC,LONGSPEAK BP SATA,T-000121,,,,,TTR,,,,,,,disc|longspeak bp sata|cr0012243,CR0012243,LPBP Rseed Move Hds Change Base PCO,Completed,Nontawat Nakul,2024-04-09T16:31:50,2025-11-19T06:48:28
DISC,MARLIN,T-000122,,,,,TTR,,,,,,,disc|marlin|cr0012247,CR0012247,Limit sector for W/R TRANSFER with Repeat data.,Completed,Warachai Singjungreed,2024-04-10T09:15:50,2025-11-19T06:48:28
DISC,EVANS SATA,T-000123,,,,,TTR,,,,,,,disc|evans sata|cr0012248,CR0012248,Change based on PCO for CSO and integrate TTR item,Completed,Naruporn Srikullabut,2024-04-10T09:18:58,2025-11-19T06:48:28
DISC,MARLIN BP,T-000124,,,,,TTR,,,,,,,disc|marlin bp|cr0012250,CR0012250,MarlinBP: Get buddy slot information,Completed,Ronnakorn Yimgratok,2024-04-10T12:15:34,2025-11-19T06:48:28
DISC,SUMMIT,T-000125,,,,,TTR,,,,,,,disc|summit|cr0012253,CR0012253,DOE#2: Workaround to fix EC14527,Completed,Gronggaew Boonjuang,2024-04-11T10:53:11,2025-11-19T06:48:28
DISC,SUMMIT,T-000126,,,,,TTR,,,,,,,disc|summit|cr0012262,CR0012262,DOE#3: Workaround to fix EC14527,Completed,Gronggaew Boonjuang,2024-04-12T09:22:19,2025-11-19T06:48:28
DISC,SUMMIT,T-000127,,,,,TTR,,,,,,,disc|summit|cr0012268,CR0012268,DOE for Reduce NumWrt from 1000 to 512 in T299_DS_ATI,Completed,Natthakritta Rungtalay,2024-04-12T12:33:44,2025-11-19T06:48:28
DISC,MARLIN,T-000128,,,,,TTR,,,,,,,disc|marlin|cr0012276,CR0012276,POML OTF (updated),Completed,Worawit Kanjanapruthipong,2024-04-18T16:55:48,2025-11-19T06:48:28
DISC,SUMMIT,T-000129,,,,,TTR,,,,,,,disc|summit|cr0012285,CR0012285,Leverage TTR VIBE/CALM feature,Completed,Gronggaew Boonjuang,2024-04-19T22:23:44,2025-11-19T06:48:28
DISC,LONGSPEAK SATA,T-000130,,,,,TTR,,,,,,,disc|longspeak sata|cr0012286,CR0012286,LongsPeak: Dynamic Timeout improvement,Completed,Irin Siribannasit,2024-04-20T18:30:22,2025-11-19T06:48:28
DISC,SUMMIT,T-000131,,,,,TTR,,,,,,,disc|summit|cr0012309,CR0012309,Summit : VBAR_INIT Prediction sampling collection data,Completed,Sitthichai Pomthong,2024-04-26T12:03:31,2025-11-19T06:48:28
DISC,MARLIN,T-000132,,,,,TTR,,,,,,,disc|marlin|cr0012316,CR0012316,Marlin : T55 ASTB overhead debug,Completed,Kriangkrai Kuskul,2024-04-26T17:34:18,2025-11-19T06:48:28
DISC,SUMMIT,T-000133,,,,,TTR,,,,,,,disc|summit|cr0012320,CR0012320,"	SUMMIT: OCZ-ZFS Repeatability Study for TTR on SMR",Completed,Gronggaew Boonjuang,2024-04-29T14:15:30,2025-11-19T06:48:28
DISC,SUMMIT,T-000134,,,,,TTR,,,,,,,disc|summit|cr0012326,CR0012326,SUMMIT: OCZ-ZFS Repeatability Study for TTR on CMR,Completed,Gronggaew Boonjuang,2024-04-30T23:11:26,2025-11-19T06:48:28
DISC,SUMMIT,T-000135,,,,,TTR,,,,,,,disc|summit|cr0012329,CR0012329,TTR T240 EAW Experiment with bypass failure,Completed,Atchara Tiantawatchakun,2024-05-02T11:25:06,2025-11-19T06:48:28
DISC,SUMMIT,T-000136,,,,,TTR,,,,,,,disc|summit|cr0012349,CR0012349,SUMMIT: OCZ-ZFS Repeatability Study for TTR on CMR [PCO3.4.1E],Completed,Gronggaew Boonjuang,2024-05-06T23:03:39,2025-11-19T06:48:28
DISC,SUMMIT,T-000137,,,,,TTR,,,,,,,disc|summit|cr0012367,CR0012367,SUMMIT: OCZ-ZFS Repeatability Study for TTR on SMR [PCO3.3.2],Completed,Gronggaew Boonjuang,2024-05-10T16:38:12,2025-11-19T06:48:28
DISC,SUMMIT,T-000138,,,,,TTR,,,,,,,disc|summit|cr0012373,CR0012373,New T299 RAP saving optimization for CMR and HSMR,Completed,Natthakritta Rungtalay,2024-05-13T18:22:45,2025-11-19T06:48:28
DISC,SUMMIT,T-000139,,,,,TTR,,,,,,,disc|summit|cr0012388,CR0012388,Power Cycle Optimization for SCOPY PCO3.4.1F,Completed,Atchara Tiantawatchakun,2024-05-15T10:03:23,2025-11-19T06:48:28
DISC,SUMMIT,T-000140,,,,,TTR,,,,,,,disc|summit|cr0012389,CR0012389,Power Cycle Optimization for PCO3.4.2,Completed,Atchara Tiantawatchakun,2024-05-15T10:04:50,2025-11-19T06:48:28
DISC,MARLIN,T-000141,,,,,TTR,,,,,,,disc|marlin|cr0012411,CR0012411,POML OTF (reli qual),Completed,Worawit Kanjanapruthipong,2024-05-17T16:06:57,2025-11-19T06:48:28
DISC,LONGSPEAK BP SATA,T-000142,,,,,TTR,,,,,,,disc|longspeak bp sata|cr0012412,CR0012412,MOD_MQM_CRT2 optimize,Completed,Penpan Chaiwattanaroj,2024-05-17T16:13:20,2025-11-19T06:48:28
DISC,LONGSPEAK BP SATA,T-000143,,,,,TTR,,,,,,,disc|longspeak bp sata|cr0012449,CR0012449,FNC2 activities for TTR and PWL fix (duplicate CR0012210),Completed,Naruporn Srikullabut,2024-05-28T17:22:00,2025-11-19T06:48:28
DISC,MARLIN,T-000144,,,,,TTR,,,,,,,disc|marlin|cr0012451,CR0012451,POML WW,Completed,Worawit Kanjanapruthipong,2024-05-29T11:58:04,2025-11-19T06:48:28
DISC,SUMMIT,T-000145,,,,,TTR,,,,,,,disc|summit|cr0012454,CR0012454,SUMMIT: OCZ-ZFS ,Completed,Gronggaew Boonjuang,2024-05-29T17:46:36,2025-11-19T06:48:28
DISC,SUMMIT,T-000146,,,,,TTR,,,,,,,disc|summit|cr0012462,CR0012462,SUMMIT: Short reconfig flow (Mid Plan),Completed,Gronggaew Boonjuang,2024-05-31T10:18:07,2025-11-19T06:48:28
DISC,LONGSPEAK SAS,T-000147,,,,,TTR,,,,,,,disc|longspeak sas|cr0012474,CR0012474,LP CCV2 EC10504 add flow recovery,Rejected at Distribution,Wimonporn Netwong,2024-06-05T12:42:13,2025-11-19T06:48:28
DISC,SUMMIT,T-000148,,,,,TTR,,,,,,,disc|summit|cr0012475,CR0012475,POML WW,Completed,Worawit Kanjanapruthipong,2024-06-05T16:42:09,2025-11-19T06:48:28
DISC,SUMMIT,T-000149,,,,,TTR,,,,,,,disc|summit|cr0012483,CR0012483,SUMMIT: OCZ-ZFS Repeatability Study for TTR on SMR [PCO3.4.2],Completed,Gronggaew Boonjuang,2024-06-06T17:05:44,2025-11-19T06:48:28
DISC,SUMMIT,T-000150,,,,,TTR,,,,,,,disc|summit|cr0012486,CR0012486,SUMMIT: Short reconfig flow (Mid Plan),Completed,Gronggaew Boonjuang,2024-06-07T10:17:39,2025-11-19T06:48:28
DISC,MARLIN,T-000151,,,,,TTR,,,,,,,disc|marlin|cr0012487,CR0012487,Marlin: Final loop VBAR_ATI Prediction,Awaiting Development,Sitthichai Pomthong,2024-06-07T11:28:35,2025-11-19T06:48:28
DISC,MARLIN,T-000152,,,,,TTR,,,,,,,disc|marlin|cr0012488,CR0012488,ZBB Eval for Marlin for CMR mode only,Completed,Warachai Singjungreed,2024-06-07T12:46:26,2025-11-19T06:48:28
DISC,MARLIN BP,T-000153,,,,,TTR,,,,,,,disc|marlin bp|cr0012495,CR0012495,MarlinBP: IR_TEST_TIME report for iReovery restate,Completed,Ronnakorn Yimgratok,2024-06-10T15:31:17,2025-11-19T06:48:28
DISC,LONGSPEAK SATA,T-000154,,,,,TTR,,,,,,,disc|longspeak sata|cr0012504,CR0012504,PCO releasing: PCO1.6.2A,Completed,Worawut Boonruesi,2024-06-13T14:23:37,2025-11-19T06:48:28
DISC,MARLIN,T-000155,,,,,TTR,,,,,,,disc|marlin|cr0012507,CR0012507,POML WW (2nd run),Completed,Worawit Kanjanapruthipong,2024-06-13T19:12:46,2025-11-19T06:48:28
DISC,LONGSPEAK BP SATA,T-000156,,,,,TTR,,,,,,,disc|longspeak bp sata|cr0012523,CR0012523,Request CCV2 short flow for LPBP,Completed,rungnapa taithai,2024-06-18T20:32:43,2025-11-19T06:48:28
DISC,SUMMIT,T-000157,,,,,TTR,,,,,,,disc|summit|cr0012524,CR0012524,Power Cycle Optimization Experiment based on PCO3.4.2,Completed,Atchara Tiantawatchakun,2024-06-19T09:25:17,2025-11-19T06:48:28
DISC,LONGSPEAK SATA,T-000158,,,,,TTR,,,,,,,disc|longspeak sata|cr0012532,CR0012532,LongsPeak: Request CCV2 short flow,Completed,Irin Siribannasit,2024-06-21T10:16:23,2025-11-19T06:48:28
DISC,SUMMIT,T-000159,,,,,TTR,,,,,,,disc|summit|cr0012535,CR0012535,Power Cycle Optimization Experiment based on PCO3.4.2 ver2,Completed,Atchara Tiantawatchakun,2024-06-24T12:44:24,2025-11-19T06:48:28
DISC,SUMMIT,T-000160,,,,,TTR,,,,,,,disc|summit|cr0012541,CR0012541,SUMMIT : Write Opti: Read Averaging Reduction,Completed,Kriangkrai Kuskul,2024-06-25T15:11:19,2025-11-19T06:48:28
DISC,LONGSPEAK SATA,T-000161,,,,,TTR,,,,,,,disc|longspeak sata|cr0012557,CR0012557,PCO releasing: PCO1.7.1A,Completed,Irin Siribannasit,2024-06-28T15:06:04,2025-11-19T06:48:28
DISC,MARLIN,T-000162,,,,,TTR,,,,,,,disc|marlin|cr0012562,CR0012562,Marlin : variable lba W/R xfr evaluaion,Completed,Kriangkrai Kuskul,2024-07-01T11:08:03,2025-11-19T06:48:28
DISC,SUMMIT,T-000163,,,,,TTR,,,,,,,disc|summit|cr0012582,CR0012582,Separate out tempSaturationDifferentialReq for HC and HL cell,Completed,Atchara Tiantawatchakun,2024-07-04T11:16:14,2025-11-19T06:48:28
DISC,LONGSPEAK BP SATA,T-000164,,,,,TTR,,,,,,,disc|longspeak bp sata|cr0012584,CR0012584,ZFS feature,Completed,Naruporn Srikullabut,2024-07-04T14:13:11,2025-11-19T06:48:28
DISC,SUMMIT,T-000165,,,,,TTR,,,,,,,disc|summit|cr0012586,CR0012586,Power Cycle Optimization skip 4 states CRT2,Completed,Atchara Tiantawatchakun,2024-07-04T15:34:01,2025-11-19T06:48:28
DISC,OSPREY SAS,T-000166,,,,,TTR,,,,,,,disc|osprey sas|cr0012588,CR0012588,Osprey: IR_TEST_TIME report for iReovery restate,Completed,Punnathon Phatai,2024-07-04T18:51:21,2025-11-19T06:48:28
DISC,MARLIN,T-000167,,,,,TTR,,,,,,,disc|marlin|cr0012617,CR0012617,T461 Optimization (revise per Lewis),Completed,Worawit Kanjanapruthipong,2024-07-11T15:54:43,2025-11-19T06:48:28
DISC,SUMMIT,T-000168,,,,,TTR,,,,,,,disc|summit|cr0012632,CR0012632,SUMMIT: OCZ-ZFS Version09C,Completed,Gronggaew Boonjuang,2024-07-15T20:01:59,2025-11-19T06:48:28
DISC,LONGSPEAK BP SATA,T-000169,,,,,TTR,,,,,,,disc|longspeak bp sata|cr0012636,CR0012636,ZFS V2,Completed,Naruporn Srikullabut,2024-07-16T13:57:07,2025-11-19T06:48:28
DISC,SUMMIT,T-000170,,,,,TTR,,,,,,,disc|summit|cr0012645,CR0012645,SUMMIT : ZAP prediction,Completed,Kriangkrai Kuskul,2024-07-17T16:33:13,2025-11-19T06:48:28
DISC,MARLIN,T-000171,,,,,TTR,,,,,,,disc|marlin|cr0012646,CR0012646,Study merge Backend TP,Rejected at Distribution,Phanom Nuangchomphoo,2024-07-17T17:19:31,2025-11-19T06:48:28
DISC,OSPREY SAS,T-000172,,,,,TTR,,,,,,,disc|osprey sas|cr0012678,CR0012678,Change IR of 13426 CRT2 and add 48525 SCOPY IR,Completed,Mongkol Bowornwiriyanat,2024-07-24T11:48:51,2025-11-19T06:48:28
DISC,LONGSPEAK BP SATA,T-000173,,,,,TTR,,,,,,,disc|longspeak bp sata|cr0012685,CR0012685,Enable ZFS V3 (both CMR and HSMR),Completed,Naruporn Srikullabut,2024-07-25T09:03:53,2025-11-19T06:48:28
DISC,MARLIN,T-000174,,,,,TTR,,,,,,,disc|marlin|cr0012690,CR0012690,Enable ZBB full mode (CMR&SMR),Completed,Petcharat Boonprasop,2024-07-25T16:48:18,2025-11-19T06:48:28
DISC,LONGSPEAK SATA,T-000175,,,,,TTR,,,,,,,disc|longspeak sata|cr0012694,CR0012694,Efesto HMSC timeout limit change,Rejected at Approval,Chatchawan Taiwan,2024-07-29T23:37:01,2025-11-19T06:48:28
DISC,LONGSPEAK BP SATA,T-000176,,,,,TTR,,,,,,,disc|longspeak bp sata|cr0012695,CR0012695,ZFS V4,Completed,Naruporn Srikullabut,2024-07-30T11:28:27,2025-11-19T06:48:28
DISC,EVANS BP SATA,T-000177,,,,,TTR,,,,,,,disc|evans bp sata|cr0012702,CR0012702,EvansBP - Rerquest enable ZAP flaw scan.,Completed,Petcharat Boonprasop,2024-07-31T16:02:03,2025-11-19T06:48:28
DISC,SUMMIT,T-000178,,,,,TTR,,,,,,,disc|summit|cr0012706,CR0012706,Summit: TTR-ZFS based on PCO3.5.0A,Completed,Gronggaew Boonjuang,2024-07-31T22:03:03,2025-11-19T06:48:28
DISC,LONGSPEAK SATA,T-000179,,,,,TTR,,,,,,,disc|longspeak sata|cr0012738,CR0012738,PCO releasing : PCO1.6.3A,Completed,Worawut Boonruesi,2024-08-07T10:10:33,2025-11-19T06:48:28
DISC,SUMMIT,T-000180,,,,,TTR,,,,,,,disc|summit|cr0012746,CR0012746,Summit: MRT2 Feature V2 Update,Completed,Suphaphit Saepu,2024-08-08T16:56:49,2025-11-19T06:48:28
DISC,SUMMIT,T-000181,,,,,TTR,,,,,,,disc|summit|cr0012749,CR0012749,SUMMIT: ZFS feature qualification,Completed,Gronggaew Boonjuang,2024-08-08T18:20:43,2025-11-19T06:48:28
DISC,LONGSPEAK BP SATA,T-000182,,,,,TTR,,,,,,,disc|longspeak bp sata|cr0012776,CR0012776,Disable ZFS for SMR,Completed,Naruporn Srikullabut,2024-08-15T15:57:21,2025-11-19T06:48:28
DISC,MAKARA SATA,T-000183,,,,,TTR,,,,,,,disc|makara sata|cr0012779,CR0012779,MAKARA: Validate Zero pattern as move TCG_PREP before serial FMT,Completed,Punnathon Phatai,2024-08-16T10:42:29,2025-11-19T06:48:28
DISC,LONGSPEAK SATA,T-000184,,,,,TTR,,,,,,,disc|longspeak sata|cr0012783,CR0012783,PCO releasing:PCO1.7.2A,Completed,Worawut Boonruesi,2024-08-16T15:03:49,2025-11-19T06:48:28
DISC,SUMMIT,T-000185,,,,,TTR,,,,,,,disc|summit|cr0012785,CR0012785,SUMMIT: T2108 SkInc settings for TTR,Completed,Gronggaew Boonjuang,2024-08-16T22:40:18,2025-11-19T06:48:28
DISC,SUMMIT,T-000186,,,,,TTR,,,,,,,disc|summit|cr0012786,CR0012786,SUMMIT: Reduction of Test 130 DBI (FileID 8) backup calls at SPFS,Completed,Gronggaew Boonjuang,2024-08-16T22:43:18,2025-11-19T06:48:28
DISC,SUMMIT,T-000187,,,,,TTR,,,,,,,disc|summit|cr0012808,CR0012808,Summit SMR SPFS with SkInc=20,Completed,Gronggaew Boonjuang,2024-08-22T14:47:41,2025-11-19T06:48:28
DISC,SUMMIT,T-000188,,,,,TTR,,,,,,,disc|summit|cr0012810,CR0012810,Enable PROZ feature by condition,Completed,Gronggaew Boonjuang,2024-08-22T15:27:50,2025-11-19T06:48:28
DISC,LONGSPEAK SATA,T-000189,,,,,TTR,,,,,,,disc|longspeak sata|cr0012812,CR0012812,LongsPeak: Minor change to support 1-rev zap and ZFS,Completed,Irin Siribannasit,2024-08-23T09:40:40,2025-11-19T06:48:28
DISC,SUMMIT,T-000190,,,,,TTR,,,,,,,disc|summit|cr0012825,CR0012825,Summit: Zap Prediction evaluation phase,Completed,Sitthichai Pomthong,2024-08-27T14:49:29,2025-11-19T06:48:28
DISC,SUMMIT,T-000191,,,,,TTR,,,,,,,disc|summit|cr0012856,CR0012856,SUMMIT: Implement Write Power Set Prediction,Completed,Punnathon Phatai,2024-09-03T19:22:35,2025-11-19T06:48:28
DISC,LONGSPEAK SATA,T-000192,,,,,TTR,,,,,,,disc|longspeak sata|cr0012864,CR0012864,T461 reduce NumRd/NumWr from 2 to 1,Completed,Worawit Kanjanapruthipong,2024-09-04T18:15:15,2025-11-19T06:48:28
DISC,SUMMIT,T-000193,,,,,TTR,,,,,,,disc|summit|cr0012871,CR0012871,Summit Request add T321 and limit candidate M1 M2,Rejected at Distribution,Oosana Onjan,2024-09-05T18:24:48,2025-11-19T06:48:28
DISC,LONGSPEAK BP SATA,T-000194,,,,,TTR,,,,,,,disc|longspeak bp sata|cr0012880,CR0012880,Disable ZFS with IR special flow,Completed,Naruporn Srikullabut,2024-09-09T15:19:36,2025-11-19T06:48:28
DISC,SUMMIT,T-000195,,,,,TTR,,,,,,,disc|summit|cr0012883,CR0012883,SUMMIT: ZFS feature qualification (reli),Completed,Gronggaew Boonjuang,2024-09-10T14:55:29,2025-11-19T06:48:28
DISC,SUMMIT,T-000196,,,,,TTR,,,,,,,disc|summit|cr0012888,CR0012888,Summit : TTR experiment initiated Overclock in SF3,Completed,Suphaphit Saepu,2024-09-11T14:11:09,2025-11-19T06:48:28
DISC,LONGSPEAK SATA,T-000197,,,,,TTR,,,,,,,disc|longspeak sata|cr0012894,CR0012894,LongsPeak: 1Rev ZAP + ZFS to correctly populate ZFF list during T275 retry,Completed,Irin Siribannasit,2024-09-12T16:00:24,2025-11-19T06:48:28
DISC,EVANS BP SATA,T-000198,,,,,TTR,,,,,,,disc|evans bp sata|cr0012896,CR0012896,EvansBP - TTR 1-rev  long seek delay optimization.,Completed,Petcharat Boonprasop,2024-09-12T16:37:34,2025-11-19T06:48:28
DISC,EVANS BP SATA,T-000199,,,,,TTR,,,,,,,disc|evans bp sata|cr0012897,CR0012897,EvansBP - TTR 1-rev + ZFS long seek delay optimization.,Completed,Petcharat Boonprasop,2024-09-12T16:43:36,2025-11-19T06:48:28
DISC,SUMMIT,T-000200,,,,,TTR,,,,,,,disc|summit|cr0012904,CR0012904,Summit: Final loop VBAR_ATI Prediction and reduce redundant ATI measurement,Completed,Sitthichai Pomthong,2024-09-13T15:19:55,2025-11-19T06:48:28
DISC,EVANS BP SATA,T-000201,,,,,TTR,,,,,,,disc|evans bp sata|cr0012907,CR0012907,EvansBP - TTR 1-rev + ZFS long seek delay optimizatin for rework drive.,Completed,Petcharat Boonprasop,2024-09-16T14:59:15,2025-11-19T06:48:28
DISC,LONGSPEAK SATA,T-000202,,,,,TTR,,,,,,,disc|longspeak sata|cr0012921,CR0012921,LongsPeak: Repeatability study for ZFS & 1 Rev (SBR A),Completed,Irin Siribannasit,2024-09-20T14:31:46,2025-11-19T06:48:28
DISC,LONGSPEAK SATA,T-000203,,,,,TTR,,,,,,,disc|longspeak sata|cr0012922,CR0012922,LongsPeak: Repeatability study for ZFS & 1 Rev (SBR B),Completed,Irin Siribannasit,2024-09-20T14:47:27,2025-11-19T06:48:28
DISC,EVANS BP SATA,T-000204,,,,,TTR,,,,,,,disc|evans bp sata|cr0012923,CR0012923,EvansBP: Repeatability study for ZFS & 1 Rev (SBR A),Completed,Petcharat Boonprasop,2024-09-20T17:33:32,2025-11-19T06:48:28
DISC,EVANS BP SATA,T-000205,,,,,TTR,,,,,,,disc|evans bp sata|cr0012924,CR0012924,EvansBP: Repeatability study for ZFS & 1 Rev (SBR B),Completed,Petcharat Boonprasop,2024-09-20T17:50:10,2025-11-19T06:48:28
DISC,SUMMIT,T-000206,,,,,TTR,,,,,,,disc|summit|cr0012927,CR0012927,Summit: Reduce redundants zones test of VBAR_ATI,Completed,Sitthichai Pomthong,2024-09-23T09:58:53,2025-11-19T06:48:28
DISC,MARLIN,T-000207,,,,,TTR,,,,,,,disc|marlin|cr0012928,CR0012928,Marlin: Reduce redundants zones test of VBAR_ATI,Completed,Sitthichai Pomthong,2024-09-23T10:37:38,2025-11-19T06:48:28
DISC,EVANS BP SATA,T-000208,,,,,TTR,,,,,,,disc|evans bp sata|cr0012933,CR0012933,EvansBP: Repeatability study for ZFS & 1 Rev (SBR C),Completed,Petcharat Boonprasop,2024-09-24T16:24:14,2025-11-19T06:48:28
DISC,MARLIN,T-000209,,,,,TTR,,,,,,,disc|marlin|cr0012935,CR0012935,FNC2 TTR using optimization of T2108 Cert Track Step (SkInc) parameter,Completed,Petcharat Boonprasop,2024-09-24T17:28:01,2025-11-19T06:48:28
DISC,EVANS BP SATA,T-000210,,,,,TTR,,,,,,,disc|evans bp sata|cr0012947,CR0012947,EvansBP: Repeatability study for ZFS & 1 Rev (SBR D),Rejected at Distribution,Petcharat Boonprasop,2024-09-27T17:17:29,2025-11-19T06:48:28
DISC,EVANS BP SATA,T-000211,,,,,TTR,,,,,,,disc|evans bp sata|cr0012948,CR0012948,EvansBP: Repeatability study for ZFS & 1 Rev (SBR E),Completed,Petcharat Boonprasop,2024-09-27T17:29:13,2025-11-19T06:48:28
DISC,SUMMIT,T-000212,,,,,TTR,,,,,,,disc|summit|cr0012954,CR0012954,Summit : TTR experiment initiated Overclock in SF3 [DOE2],Completed,Suphaphit Saepu,2024-10-01T12:22:59,2025-11-19T06:48:28
DISC,LONGSPEAK SATA,T-000213,,,,,TTR,,,,,,,disc|longspeak sata|cr0012956,CR0012956,IR_TEST_TIME report for iReovery restate,Completed,Sureeporn Sukchoosri,2024-10-01T16:59:39,2025-11-19T06:48:28
DISC,MARLIN BP,T-000214,,,,,TTR,,,,,,,disc|marlin bp|cr0012963,CR0012963,"	MarlinBP: Optimize updating BPI/TPI formats by using PCfile",Completed,Sitthichai Pomthong,2024-10-02T14:38:45,2025-11-19T06:48:28
DISC,LONGSPEAK SATA,T-000215,,,,,TTR,,,,,,,disc|longspeak sata|cr0012968,CR0012968,LongsPeak: Repeatability study for ZFS & 1 Rev (SBR C),Completed,Irin Siribannasit,2024-10-03T15:56:44,2025-11-19T06:48:28
DISC,EVANS BP SATA,T-000216,,,,,TTR,,,,,,,disc|evans bp sata|cr0012996,CR0012996,EvansBP: Repeatability study for ZFS & 1 Rev (SBR F),Completed,Petcharat Boonprasop,2024-10-10T11:07:22,2025-11-19T06:48:28
DISC,EVANS BP SATA,T-000217,,,,,TTR,,,,,,,disc|evans bp sata|cr0012997,CR0012997,EvansBP: Repeatability study for ZFS & 1 Rev (SBR G),Completed,Petcharat Boonprasop,2024-10-10T11:09:44,2025-11-19T06:48:28
DISC,EVANS BP SATA,T-000218,,,,,TTR,,,,,,,disc|evans bp sata|cr0012998,CR0012998,EvansBP: Repeatability study for ZFS & 1 Rev (SBR H),Completed,Petcharat Boonprasop,2024-10-10T11:11:30,2025-11-19T06:48:28
DISC,LONGSPEAK BP SATA,T-000219,,,,,TTR,,,,,,,disc|longspeak bp sata|cr0013003,CR0013003,PCO releasing : PCO LPBP_3_16_01,Completed,Naruemon Wannawong,2024-10-10T16:18:42,2025-11-19T06:48:28
DISC,SUMMIT,T-000220,,,,,TTR,,,,,,,disc|summit|cr0013009,CR0013009,Summit: Removal READ_OPTI_OD state,Completed,Sitthichai Pomthong,2024-10-11T09:31:21,2025-11-19T06:48:28
DISC,SUMMIT,T-000221,,,,,TTR,,,,,,,disc|summit|cr0013010,CR0013010,Enable TTR X-Bar feature,Completed,Gronggaew Boonjuang,2024-10-11T11:56:36,2025-11-19T06:48:28
DISC,EVANS BP SATA,T-000222,,,,,TTR,,,,,,,disc|evans bp sata|cr0013026,CR0013026,EvansBP: Repeatability study for ZFS & 1 Rev (SBR J),Completed,Petcharat Boonprasop,2024-10-17T16:44:26,2025-11-19T06:48:28
DISC,IOMQM,T-000223,,,,,TTR,,,,,,,disc|iomqm|cr0013029,CR0013029,Optimize workload,Completed,Atchara Tiantawatchakun,2024-10-17T19:44:18,2025-11-19T06:48:28
DISC,MARLIN,T-000224,,,,,TTR,,,,,,,disc|marlin|cr0013044,CR0013044,POML (ZAVG register removal),Completed,Worawit Kanjanapruthipong,2024-10-22T16:45:20,2025-11-19T06:48:28
DISC,MARLIN,T-000225,,,,,TTR,,,,,,,disc|marlin|cr0013046,CR0013046,Optimize the updating BPI/TPI formats by using PCfile [for HSMR-S],Completed,Worawit Kanjanapruthipong,2024-10-23T11:32:18,2025-11-19T06:48:28
DISC,LONGSPEAK SATA,T-000226,,,,,TTR,,,,,,,disc|longspeak sata|cr0013074,CR0013074,LongsPeak: 1Rev ZAP + ZFS to correctly populate ZFF list during T275 retry with new SF3 & PF3,Completed,Irin Siribannasit,2024-11-01T17:31:46,2025-11-19T06:48:28
DISC,MARLIN,T-000227,,,,,TTR,,,,,,,disc|marlin|cr0013079,CR0013079,XFER RATE TTR,Rejected at Distribution,Warachai Singjungreed,2024-11-04T23:31:13,2025-11-19T06:48:28
DISC,SUMMIT,T-000228,,,,,TTR,,,,,,,disc|summit|cr0013092,CR0013092,Summit HSMR SPFS with SkInc optimization,Completed,Gronggaew Boonjuang,2024-11-07T14:47:00,2025-11-19T06:48:28
DISC,MARLIN,T-000229,,,,,TTR,,,,,,,disc|marlin|cr0013095,CR0013095,Implement APS_22 to PCO,Rejected at Distribution,Warachai Singjungreed,2024-11-07T19:54:55,2025-11-19T06:48:28
DISC,MARLIN,T-000230,,,,,TTR,,,,,,,disc|marlin|cr0013096,CR0013096,Implement APS_10 to PCO,Completed,Warachai Singjungreed,2024-11-07T20:00:34,2025-11-19T06:48:28
DISC,MARLIN,T-000231,,,,,TTR,,,,,,,disc|marlin|cr0013097,CR0013097,Implement APS_14 to PCO,Rejected at Distribution,Warachai Singjungreed,2024-11-07T20:04:13,2025-11-19T06:48:28
DISC,MARLIN,T-000232,,,,,TTR,,,,,,,disc|marlin|cr0013098,CR0013098,Implement APS_57 to PCO,Completed,Warachai Singjungreed,2024-11-07T20:08:56,2025-11-19T06:48:28
DISC,MARLIN,T-000233,,,,,TTR,,,,,,,disc|marlin|cr0013099,CR0013099,Implement APS_116 to PCO,Completed,Warachai Singjungreed,2024-11-07T20:12:42,2025-11-19T06:48:28
DISC,MARLIN,T-000234,,,,,TTR,,,,,,,disc|marlin|cr0013100,CR0013100,Implement APS_8to PCO,Completed,Warachai Singjungreed,2024-11-07T20:16:13,2025-11-19T06:48:28
DISC,MARLIN,T-000235,,,,,TTR,,,,,,,disc|marlin|cr0013101,CR0013101,Implement APS_30 to PCO,Rejected at Development,Warachai Singjungreed,2024-11-07T20:18:58,2025-11-19T06:48:28
DISC,MARLIN,T-000236,,,,,TTR,,,,,,,disc|marlin|cr0013102,CR0013102,Implement APS_26 to PCO,Completed,Warachai Singjungreed,2024-11-07T20:21:17,2025-11-19T06:48:28
DISC,SUMMIT,T-000237,,,,,TTR,,,,,,,disc|summit|cr0013106,CR0013106,POML for SMR,Completed,Worawit Kanjanapruthipong,2024-11-08T16:28:03,2025-11-19T06:48:28
DISC,SUMMIT,T-000238,,,,,TTR,,,,,,,disc|summit|cr0013115,CR0013115,Post reli qual enhancement to ZFS,Completed,Gronggaew Boonjuang,2024-11-12T10:59:22,2025-11-19T06:48:28
DISC,SUMMIT,T-000239,,,,,TTR,,,,,,,disc|summit|cr0013120,CR0013120,Summit : Base CR12888 with non-OverClock,Completed,Suphaphit Saepu,2024-11-13T12:15:17,2025-11-19T06:48:28
DISC,MARLIN,T-000240,,,,,TTR,,,,,,,disc|marlin|cr0013132,CR0013132,Add ProZ enable by ConfigVar.,Completed,Petcharat Boonprasop,2024-11-15T15:16:12,2025-11-19T06:48:28
DISC,SUMMIT,T-000241,,,,,TTR,,,,,,,disc|summit|cr0013142,CR0013142,Summit CMR SPFS with SkInc optimization,Completed,Gronggaew Boonjuang,2024-11-18T20:52:35,2025-11-19T06:48:28
DISC,SUMMIT,T-000242,,,,,TTR,,,,,,,disc|summit|cr0013155,CR0013155,Mini Opti at FINE_UJOG_INIT,Completed,Worawit Kanjanapruthipong,2024-11-20T17:31:19,2025-11-19T06:48:28
DISC,MARLIN,T-000243,,,,,TTR,,,,,,,disc|marlin|cr0013159,CR0013159,Marlin: VBAR Laser Prediction,Completed,Sitthichai Pomthong,2024-11-21T17:39:31,2025-11-19T06:48:28
DISC,SUMMIT,T-000244,,,,,TTR,,,,,,,disc|summit|cr0013169,CR0013169,Summit: Optimize updating BPI/TPI formats by using PCfile,Completed,Sitthichai Pomthong,2024-11-22T11:31:09,2025-11-19T06:48:28
DISC,LONGSPEAK SATA,T-000245,,,,,TTR,,,,,,,disc|longspeak sata|cr0013170,CR0013170,LongsPeak: Support T220 WPOPTI TTR,Completed,Irin Siribannasit,2024-11-25T11:51:32,2025-11-19T06:48:28
DISC,MARLIN,T-000246,,,,,TTR,,,,,,,disc|marlin|cr0013173,CR0013173,TTR remove duplicate T461 at CAL2 ,Completed,Petcharat Boonprasop,2024-11-25T18:28:53,2025-11-19T06:48:28
DISC,LONGSPEAK SATA,T-000247,,,,,TTR,,,,,,,disc|longspeak sata|cr0013191,CR0013191,PCO releasing:PCO1.13.1A,Completed,Worawut Boonruesi,2024-11-28T16:09:29,2025-11-19T06:48:28
DISC,MARLIN,T-000248,,,,,TTR,,,,,,,disc|marlin|cr0013198,CR0013198,Marlin : T461 zone reduction,Rejected at Distribution,Kriangkrai Kuskul,2024-12-02T10:21:40,2025-11-19T06:48:28
DISC,LONGSPEAK SATA,T-000249,,,,,TTR,,,,,,,disc|longspeak sata|cr0013207,CR0013207,LongsPeak: ZFS + 1 rev zap based LP_01_11_03A,Completed,Irin Siribannasit,2024-12-03T14:14:21,2025-11-19T06:48:28
DISC,LONGSPEAK BP SATA,T-000250,,,,,TTR,,,,,,,disc|longspeak bp sata|cr0013224,CR0013224,Enable ZFS feature,Completed,Naruporn Srikullabut,2024-12-09T14:05:12,2025-11-19T06:48:28
DISC,SUMMIT,T-000251,,,,,TTR,,,,,,,disc|summit|cr0013241,CR0013241,Summit enhancement to PROZ,Completed,Gronggaew Boonjuang,2024-12-13T15:21:25,2025-11-19T06:48:28
DISC,SUMMIT,T-000252,,,,,TTR,,,,,,,disc|summit|cr0013245,CR0013245,CRT2 and PWT Screen removal for TTR (extra TTR 24 hrs),Completed,Gronggaew Boonjuang,2024-12-17T09:07:29,2025-11-19T06:48:28
DISC,SUMMIT,T-000253,,,,,TTR,,,,,,,disc|summit|cr0013246,CR0013246,PWT variable spare by condition for TTR (extra TTR 24 hrs),Completed,Gronggaew Boonjuang,2024-12-17T09:14:46,2025-11-19T06:48:28
DISC,SUMMIT,T-000254,,,,,TTR,,,,,,,disc|summit|cr0013247,CR0013247,CCV2 DST Long removal for ODT by APS for TTR (extra TTR 24 hrs),Completed,Gronggaew Boonjuang,2024-12-17T09:19:41,2025-11-19T06:48:28
DISC,SUMMIT,T-000255,,,,,TTR,,,,,,,disc|summit|cr0013260,CR0013260,Post reli qual enhancement to ZFS V2,Completed,Daranee Thitiprayoonwongse,2024-12-18T15:51:20,2025-11-19T06:48:28
DISC,SUMMIT,T-000256,,,,,TTR,,,,,,,disc|summit|cr0013261,CR0013261,T299: Disable Track Center Search for SMR-ABI Measurement,Completed,Gronggaew Boonjuang,2024-12-18T16:00:11,2025-11-19T06:48:28
DISC,SUMMIT,T-000257,,,,,TTR,,,,,,,disc|summit|cr0013290,CR0013290,Summit READ_OPTI_OD state removal and T299 fix,Completed,Gronggaew Boonjuang,2024-12-26T15:19:27,2025-11-19T06:48:28
DISC,SUMMIT,T-000258,,,,,TTR,,,,,,,disc|summit|cr0013291,CR0013291,Summit : TTR 24 hr proposal based on PCO3.5.0G,Completed,Gronggaew Boonjuang,2024-12-26T16:16:17,2025-11-19T06:48:28
DISC,SUMMIT,T-000259,,,,,TTR,,,,,,,disc|summit|cr0013312,CR0013312,Evaluate reducing the write count in Test 299 states,Completed,Gronggaew Boonjuang,2025-01-06T19:32:09,2025-11-19T06:48:28
DISC,SUMMIT,T-000260,,,,,TTR,,,,,,,disc|summit|cr0013328,CR0013328,ProZ EC10225 fix phase2,Completed,Pantamit  Sombaddee,2025-01-10T11:04:59,2025-11-19T06:48:28
DISC,MARLIN,T-000261,,,,,TTR,,,,,,,disc|marlin|cr0013346,CR0013346,CSO TTR add new tab -881 in list.,Completed,Petcharat Boonprasop,2025-01-15T14:40:02,2025-11-19T06:48:28
DISC,SUMMIT,T-000262,,,,,TTR,,,,,,,disc|summit|cr0013355,CR0013355,Enable TTR variable spare,Completed,Gronggaew Boonjuang,2025-01-18T08:19:19,2025-11-19T06:48:28
DISC,MARLIN BP,T-000263,,,,,TTR,,,,,,,disc|marlin bp|cr0013356,CR0013356,POML,Completed,Worawit Kanjanapruthipong,2025-01-20T14:33:40,2025-11-19T06:48:28
DISC,SUMMIT,T-000264,,,,,TTR,,,,,,,disc|summit|cr0013401,CR0013401,SUMMIT: Write Power Set Prediction Adjust OVS Search Rage at STEP2,Completed,Punnathon Phatai,2025-02-04T18:52:42,2025-11-19T06:48:28
DISC,LONGSPEAK SATA,T-000265,,,,,TTR,,,,,,,disc|longspeak sata|cr0013408,CR0013408,LongsPeak: LongsPeak : LongsPeak : T299 optimization,Rejected at Distribution,Irin Siribannasit,2025-02-06T10:49:53,2025-11-19T06:48:28
DISC,LONGSPEAK SATA,T-000266,,,,,TTR,,,,,,,disc|longspeak sata|cr0013409,CR0013409,LongsPeak: T299_EXPN_STE_SCRN optimization,Rejected at Distribution,Irin Siribannasit,2025-02-06T10:52:53,2025-11-19T06:48:28
DISC,MARLIN,T-000267,,,,,TTR,,,,,,,disc|marlin|cr0013416,CR0013416,Support CSG TTR,Completed,Petcharat Boonprasop,2025-02-07T17:23:20,2025-11-19T06:48:28
DISC,SUMMIT,T-000268,,,,,TTR,,,,,,,disc|summit|cr0013419,CR0013419,Enable T451 TTR optimized registers for T438 uJog by condition,Completed,Gronggaew Boonjuang,2025-02-09T17:02:50,2025-11-19T06:48:28
DISC,SUMMIT,T-000269,,,,,TTR,,,,,,,disc|summit|cr0013426,CR0013426,SUMMIT TTR Reduced BER measurement from 2 to 1 Trk in Test220 WPOPTI,Completed,Orathai Kajhonkam,2025-02-11T17:34:28,2025-11-19T06:48:28
DISC,LONGSPEAK SATA,T-000270,,,,,TTR,,,,,,,disc|longspeak sata|cr0013430,CR0013430,LongsPeak: 1 rev zap - zfs based on PCO1.15.1A,Completed,Irin Siribannasit,2025-02-13T21:03:37,2025-11-19T06:48:28
DISC,LONGSPEAK BP SATA,T-000271,,,,,TTR,,,,,,,disc|longspeak bp sata|cr0013431,CR0013431,Add new criteria from reli failures for screening and disable ZFS feature.,Completed,Naruporn Srikullabut,2025-02-14T12:22:46,2025-11-19T06:48:28
DISC,SUMMIT,T-000272,,,,,TTR,,,,,,,disc|summit|cr0013441,CR0013441,Post reli qual enhancement to ZFS V2,Rejected at Distribution,Daranee Thitiprayoonwongse,2025-02-18T14:43:31,2025-11-19T06:48:28
DISC,SUMMIT,T-000273,,,,,TTR,,,,,,,disc|summit|cr0013442,CR0013442,Post reli qual enhancement to ZFS V3,Completed,Daranee Thitiprayoonwongse,2025-02-18T14:43:44,2025-11-19T06:48:28
DISC,MARLIN,T-000274,,,,,TTR,,,,,,,disc|marlin|cr0013452,CR0013452,ProZ : Update 'BndSz' parameter from 1000 to 4500 for better ZBB efficiency for all media format,Completed,Petcharat Boonprasop,2025-02-20T14:30:30,2025-11-19T06:48:28
DISC,SUMMIT,T-000275,,,,,TTR,,,,,,,disc|summit|cr0013455,CR0013455,Summit : TTR reduce number of compcap during VBAR process,Rejected at Distribution,Sitthichai Pomthong,2025-02-21T09:23:13,2025-11-19T06:48:28
DISC,SUMMIT,T-000276,,,,,TTR,,,,,,,disc|summit|cr0013457,CR0013457,POML SMR,Completed,Worawit Kanjanapruthipong,2025-02-21T12:06:36,2025-11-19T06:48:28
DISC,SUMMIT,T-000277,,,,,TTR,,,,,,,disc|summit|cr0013461,CR0013461,Enhance TTR X-Bar feature (Fix XBAR Yield Impact on GobyLite),Completed,Gronggaew Boonjuang,2025-02-22T00:16:31,2025-11-19T06:48:28
DISC,SUMMIT,T-000278,,,,,TTR,,,,,,,disc|summit|cr0013464,CR0013464,Mini Opti at SQUEEZE_OFFSET_INIT,Completed,Worawit Kanjanapruthipong,2025-02-24T12:54:27,2025-11-19T06:48:28
DISC,SUMMIT,T-000279,,,,,TTR,,,,,,,disc|summit|cr0013465,CR0013465,PC File compression,Completed,Worawit Kanjanapruthipong,2025-02-24T13:35:40,2025-11-19T06:48:28
DISC,SUMMIT,T-000280,,,,,TTR,,,,,,,disc|summit|cr0013470,CR0013470,Remove T298 in T299_ATI and WRITE_SCRN,Completed,Gronggaew Boonjuang,2025-02-25T10:04:26,2025-11-19T06:48:28
DISC,MARLIN,T-000281,,,,,TTR,,,,,,,disc|marlin|cr0013473,CR0013473,Marlin Write/Read Transfer Rate Reduction.,Completed,Petcharat Boonprasop,2025-02-25T18:19:36,2025-11-19T06:48:28
DISC,MARLIN,T-000282,,,,,TTR,,,,,,,disc|marlin|cr0013474,CR0013474,Ramp temp no wait before download code then check temp after download finished.,Rejected at Distribution,Warachai Singjungreed,2025-02-25T21:53:40,2025-11-19T06:48:28
DISC,MARLIN,T-000283,,,,,TTR,,,,,,,disc|marlin|cr0013475,CR0013475,Optimize Baud Rate for HSMR FILE100 Retrieval,Rejected at Distribution,Warachai Singjungreed,2025-02-25T22:02:31,2025-11-19T06:48:28
DISC,SUMMIT,T-000284,,,,,TTR,,,,,,,disc|summit|cr0013479,CR0013479,TTR: T33 reduce rev from 32 to 16,Completed,Pantamit  Sombaddee,2025-02-26T17:20:55,2025-11-19T06:48:28
DISC,SUMMIT,T-000285,,,,,TTR,,,,,,,disc|summit|cr0013483,CR0013483,Summit: Vibe/Calm blocking test removal,Completed,Irin Siribannasit,2025-02-27T15:09:18,2025-11-19T06:48:28
DISC,MARLIN,T-000286,,,,,TTR,,,,,,,disc|marlin|cr0013485,CR0013485,CSO TTR CRT2 Oper,Completed,Phanom Nuangchomphoo,2025-02-27T21:47:31,2025-11-19T06:48:28
DISC,MARLIN,T-000287,,,,,TTR,,,,,,,disc|marlin|cr0013492,CR0013492,Marlin ProZ : MIMO seek error skip track handling changes,Completed,Petcharat Boonprasop,2025-03-03T17:51:28,2025-11-19T06:48:28
DISC,SUMMIT,T-000288,,,,,TTR,,,,,,,disc|summit|cr0013504,CR0013504,TTR: Reduce zone W/R XFER,Completed,Gronggaew Boonjuang,2025-03-06T23:11:41,2025-11-19T06:48:28
DISC,SUMMIT,T-000289,,,,,TTR,,,,,,,disc|summit|cr0013513,CR0013513,Remove SAVE_STATE at SCOPY and PRE2 oper,Completed,Atchara Tiantawatchakun,2025-03-12T09:45:33,2025-11-19T06:48:28
DISC,SUMMIT,T-000290,,,,,TTR,,,,,,,disc|summit|cr0013519,CR0013519,Summit : TTR T150 measure only Primary Reader,Completed,Suphaphit Saepu,2025-03-12T16:48:44,2025-11-19T06:48:28
DISC,MARLIN BP,T-000291,,,,,TTR,,,,,,,disc|marlin bp|cr0013525,CR0013525,T282 eval code,Completed,Naruporn Srikullabut,2025-03-13T15:31:27,2025-11-19T06:48:28
DISC,MARLIN BP,T-000292,,,,,TTR,,,,,,,disc|marlin bp|cr0013529,CR0013529,MarlinBP Dynamic Soak Time,Completed,Wipasinee Changkae,2025-03-14T08:44:16,2025-11-19T06:48:28
DISC,MARLIN,T-000293,,,,,TTR,,,,,,,disc|marlin|cr0013533,CR0013533,CMR SkInc eval for TTR.,Completed,Petcharat Boonprasop,2025-03-14T11:49:31,2025-11-19T06:48:28
DISC,SUMMIT,T-000294,,,,,TTR,,,,,,,disc|summit|cr0013535,CR0013535,SUMMIT: Implement Write Power Set Prediction (Change PCO),Completed,Punnathon Phatai,2025-03-16T11:40:50,2025-11-19T06:48:28
DISC,SUMMIT,T-000295,,,,,TTR,,,,,,,disc|summit|cr0013536,CR0013536,TTR: PCBA_SCRN_T102 Optimization,Completed,Gronggaew Boonjuang,2025-03-17T11:31:33,2025-11-19T06:48:28
DISC,MARLIN BP,T-000296,,,,,TTR,,,,,,,disc|marlin bp|cr0013537,CR0013537,MBP add auto sampling in PWT structure bode,Completed,Jumpasri Nattawat,2025-03-17T11:52:39,2025-11-19T06:48:28
DISC,SUMMIT,T-000297,,,,,TTR,,,,,,,disc|summit|cr0013538,CR0013538,Enable TTR PCO3.6.5C1 (All Items),Completed,Gronggaew Boonjuang,2025-03-17T19:04:20,2025-11-19T06:48:28
DISC,SUMMIT,T-000298,,,,,TTR,,,,,,,disc|summit|cr0013539,CR0013539,POML SMR for Reli qual,Completed,Gronggaew Boonjuang,2025-03-17T20:23:01,2025-11-19T06:48:28
DISC,SUMMIT,T-000299,,,,,TTR,,,,,,,disc|summit|cr0013541,CR0013541,TTR: MSMR dual reader test by condition (from single reader),Completed,Gronggaew Boonjuang,2025-03-17T21:59:41,2025-11-19T06:48:28
DISC,LONGSPEAK BP SATA,T-000300,,,,,TTR,,,,,,,disc|longspeak bp sata|cr0013542,CR0013542,Enable ZFS feature,Completed,Naruporn Srikullabut,2025-03-18T09:54:03,2025-11-19T06:48:28
DISC,SUMMIT,T-000301,,,,,TTR,,,,,,,disc|summit|cr0013553,CR0013553,DOE of T451 LC_DELAY_SDW step size 2->4 (SUMMIT-1545),Completed,Gronggaew Boonjuang,2025-03-20T16:07:22,2025-11-19T06:48:28
DISC,SUMMIT,T-000302,,,,,TTR,,,,,,,disc|summit|cr0013561,CR0013561,Summit TTR SUMMIT-1708 Prevent Escape case,Rejected at Development,pimchanok chomtaku,2025-03-21T17:24:33,2025-11-19T06:48:28
DISC,MARLIN,T-000303,,,,,TTR,,,,,,,disc|marlin|cr0013564,CR0013564,T282 TTR : C0 sensitivity scoring single-rate,Completed,Worawit Kanjanapruthipong,2025-03-24T12:29:20,2025-11-19T06:48:28
DISC,SUMMIT,T-000304,,,,,TTR,,,,,,,disc|summit|cr0013565,CR0013565,Summit: ATI write optimization in WP version2 version2,Completed,Sitthichai Pomthong,2025-03-24T15:17:31,2025-11-19T06:48:28
DISC,SUMMIT,T-000305,,,,,TTR,,,,,,,disc|summit|cr0013570,CR0013570,POML SMR model v.2,Completed,Worawit Kanjanapruthipong,2025-03-25T15:08:51,2025-11-19T06:48:28
DISC,SUMMIT,T-000306,,,,,TTR,,,,,,,disc|summit|cr0013573,CR0013573,TTR: T451 increase step size from 2 to 4 for LC_DELAY_SDW ( register ID 2164) for test time saving for all T451,Completed,Gronggaew Boonjuang,2025-03-25T22:09:04,2025-11-19T06:48:28
DISC,MARLIN,T-000307,,,,,TTR,,,,,,,disc|marlin|cr0013579,CR0013579,ProZ P90 improvement : Improve TA skip track handling during find min OD track revision 2,Completed,Petcharat Boonprasop,2025-03-26T18:24:25,2025-11-19T06:48:28
DISC,MARLIN BP,T-000308,,,,,TTR,,,,,,,disc|marlin bp|cr0013587,CR0013587,T282 TTR : C0 sensitivity scoring single-rate,Completed,Worawit Kanjanapruthipong,2025-03-28T17:16:16,2025-11-19T06:48:28
DISC,SUMMIT,T-000309,,,,,TTR,,,,,,,disc|summit|cr0013591,CR0013591,ProZ : P90/Test time reduction improvement,Completed,Gronggaew Boonjuang,2025-03-28T23:38:09,2025-11-19T06:48:28
DISC,SUMMIT,T-000310,,,,,TTR,,,,,,,disc|summit|cr0013592,CR0013592, Enable T451 TTR optimized registers for T438 uJog for PK1,Completed,Gronggaew Boonjuang,2025-03-29T00:03:23,2025-11-19T06:48:28
DISC,SUMMIT,T-000311,,,,,TTR,,,,,,,disc|summit|cr0013593,CR0013593,T282 TTR : C0 sensitivity scoring single-rate,Completed,Worawit Kanjanapruthipong,2025-03-30T23:28:28,2025-11-19T06:48:28
DISC,SUMMIT,T-000312,,,,,TTR,,,,,,,disc|summit|cr0013597,CR0013597,Summit : T285 DRCM optimize iteration,Completed,Kriangkrai Kuskul,2025-03-31T11:34:44,2025-11-19T06:48:28
DISC,MARLIN,T-000313,,,,,TTR,,,,,,,disc|marlin|cr0013599,CR0013599,Marlin : ProZ reduce overhead in TA skip track scan by Binary search,Completed,Kriangkrai Kuskul,2025-04-01T10:24:17,2025-11-19T06:48:28
DISC,MARLIN,T-000314,,,,,TTR,,,,,,,disc|marlin|cr0013601,CR0013601,Marlin enable SCOPY sniff test 7.2.03,Completed,phitpasu pinpirom,2025-04-01T11:07:17,2025-11-19T06:48:28
DISC,MARLIN BP,T-000315,,,,,TTR,,,,,,,disc|marlin bp|cr0013612,CR0013612,SkInc eval for TTR,Completed,Naruporn Srikullabut,2025-04-02T15:27:16,2025-11-19T06:48:28
DISC,SUMMIT,T-000316,,,,,TTR,,,,,,,disc|summit|cr0013619,CR0013619,Summit TTR: T33 reduce rev from 32 to 16 based on current APS spec,Completed,Sitthichai Pomthong,2025-04-04T17:16:04,2025-11-19T06:48:28
DISC,MARLIN,T-000317,,,,,TTR,,,,,,,disc|marlin|cr0013621,CR0013621,Marlin : T285 DRCM optimize iteration,Completed,Kriangkrai Kuskul,2025-04-07T12:02:45,2025-11-19T06:48:28
DISC,SUMMIT,T-000318,,,,,TTR,,,,,,,disc|summit|cr0013628,CR0013628,Reduce timeout of T33 at CRT2,Completed,Irin Siribannasit,2025-04-09T13:19:23,2025-11-19T06:48:28
DISC,MARLIN,T-000319,,,,,TTR,,,,,,,disc|marlin|cr0013631,CR0013631,Add TP.zip for PCO7.1.11B_DPLC to support CSO TTR.,Completed,Petcharat Boonprasop,2025-04-09T15:04:58,2025-11-19T06:48:28
DISC,MARLIN,T-000320,,,,,TTR,,,,,,,disc|marlin|cr0013633,CR0013633,HSMR SkInc eval for TTR.,Completed,Petcharat Boonprasop,2025-04-10T12:23:40,2025-11-19T06:48:28
DISC,SUMMIT,T-000321,,,,,TTR,,,,,,,disc|summit|cr0013643,CR0013643,Summit : XBAR + ProZ evaluation,Completed,Gronggaew Boonjuang,2025-04-18T17:58:16,2025-11-19T06:48:28
DISC,MARLIN,T-000322,,,,,TTR,,,,,,,disc|marlin|cr0013649,CR0013649,Marlin : T461 TTR,Awaiting Approval,Kriangkrai Kuskul,2025-04-22T12:33:17,2025-11-19T06:48:28
DISC,SUMMIT,T-000323,,,,,TTR,,,,,,,disc|summit|cr0013651,CR0013651,T240 TEST ZONE by Condition #Phase2,Completed,Sureeporn Sukchoosri,2025-04-22T18:04:19,2025-11-19T06:48:28
DISC,SUMMIT,T-000324,,,,,TTR,,,,,,,disc|summit|cr0013654,CR0013654,Summit TTR:Optimize T461 Flow,Completed,Sitthichai Pomthong,2025-04-23T18:01:42,2025-11-19T06:48:28
DISC,SUMMIT,T-000325,,,,,TTR,,,,,,,disc|summit|cr0013663,CR0013663,Summit: POML integrate CL3153403 and control enable feature by config type,Completed,Manuschanok  Srikhrueadong,2025-04-25T15:28:50,2025-11-19T06:48:28
DISC,MARLIN,T-000326,,,,,TTR,,,,,,,disc|marlin|cr0013666,CR0013666,ProZ : Fix EC11112 cause P90,Completed,Petcharat Boonprasop,2025-04-25T17:22:37,2025-11-19T06:48:28
DISC,SUMMIT,T-000327,,,,,TTR,,,,,,,disc|summit|cr0013670,CR0013670,Add condition T282 C0 sensitivity scoring,Completed,Pantamit  Sombaddee,2025-04-28T10:29:35,2025-11-19T06:48:28
DISC,SUMMIT,T-000328,,,,,TTR,,,,,,,disc|summit|cr0013671,CR0013671,SUMMIT: Write Power Set Handle Flow for Bad OVS,Completed,Punnathon Phatai,2025-04-28T10:45:39,2025-11-19T06:48:28
DISC,MARLIN,T-000329,,,,,TTR,,,,,,,disc|marlin|cr0013674,CR0013674,Bank Write (replace FULL_PACK_WRT @CAL2),Completed,Worawit Kanjanapruthipong,2025-04-29T17:29:49,2025-11-19T06:48:28
DISC,LONGSPEAK BP SATA,T-000330,,,,,TTR,,,,,,,disc|longspeak bp sata|cr0013685,CR0013685,Enable ZFS feature (duplicate CR0013542),Completed,Naruporn Srikullabut,2025-05-04T22:12:11,2025-11-19T06:48:28
DISC,MARLIN BP,T-000331,,,,,TTR,,,,,,,disc|marlin bp|cr0013705,CR0013705,MBP CSO TTR,Completed,Jumpasri Nattawat,2025-05-08T10:44:09,2025-11-19T06:48:28
DISC,SUMMIT,T-000332,,,,,TTR,,,,,,,disc|summit|cr0013716,CR0013716,Summit : TTR T299 more state testing,Completed,Suphaphit Saepu,2025-05-09T12:59:30,2025-11-19T06:48:28
DISC,SUMMIT,T-000333,,,,,TTR,,,,,,,disc|summit|cr0013729,CR0013729,Remove T240 Zn1 in write screen state.,Completed,Warachai Singjungreed,2025-05-15T10:31:17,2025-11-19T06:48:28
DISC,SUMMIT,T-000334,,,,,TTR,,,,,,,disc|summit|cr0013732,CR0013732,SUMMIT TTR PROZ 1 REV,Completed,Daranee Thitiprayoonwongse,2025-05-15T17:02:25,2025-11-19T06:48:28
DISC,SUMMIT,T-000335,,,,,TTR,,,,,,,disc|summit|cr0013734,CR0013734,TTR - 150x to 1 Read/Write Channel Speed up,Completed,Pantamit  Sombaddee,2025-05-16T12:25:28,2025-11-19T06:48:28
DISC,SUMMIT,T-000336,,,,,TTR,,,,,,,disc|summit|cr0013735,CR0013735,SUMMIT: TTR Disable States for weld before CERT,Completed,Manuschanok  Srikhrueadong,2025-05-16T14:21:01,2025-11-19T06:48:28
DISC,SUMMIT,T-000337,,,,,TTR,,,,,,,disc|summit|cr0013755,CR0013755,Skip Track Certify: Potential fix available for the Flash LED,Completed,Gronggaew Boonjuang,2025-05-23T01:06:54,2025-11-19T06:48:28
DISC,MARLIN BP,T-000338,,,,,TTR,,,,,,,disc|marlin bp|cr0013770,CR0013770,T282 TTR : C0 sensitivity scoring single-rate plus condition,Completed,Worawit Kanjanapruthipong,2025-05-28T14:46:17,2025-11-19T06:48:28
DISC,SUMMIT,T-000339,,,,,TTR,,,,,,,disc|summit|cr0013773,CR0013773,Summit PROZ w. PRE2 Weld requested changes,Completed,Gronggaew Boonjuang,2025-05-29T14:13:04,2025-11-19T06:48:28
DISC,MARLIN,T-000340,,,,,TTR,,,,,,,disc|marlin|cr0013775,CR0013775,"ProZ TTR op : Optimize TA skip track searching with binary search (LinearSearch, BinarySearch)",Rejected at Distribution,Petcharat Boonprasop,2025-05-29T15:06:39,2025-11-19T06:48:28
DISC,SUMMIT,T-000341,,,,,TTR,,,,,,,disc|summit|cr0013777,CR0013777,Move OD PAD MQM to prior Format,Completed,Phanom Nuangchomphoo,2025-05-29T16:14:42,2025-11-19T06:48:28
DISC,MARLIN,T-000342,,,,,TTR,,,,,,,disc|marlin|cr0013781,CR0013781,Marlin : ProZ optimize servoflaw searching,Completed,Kriangkrai Kuskul,2025-05-30T10:52:11,2025-11-19T06:48:28
DISC,MARLIN,T-000343,,,,,TTR,,,,,,,disc|marlin|cr0013782,CR0013782,Marlin : Disable vibe detection for overhead time removal,Completed,Kriangkrai Kuskul,2025-05-30T10:58:31,2025-11-19T06:48:28
DISC,MARLIN BP,T-000344,,,,,TTR,,,,,,,disc|marlin bp|cr0013783,CR0013783,Enable POML for reli lot,Completed,Naruporn Srikullabut,2025-05-30T11:14:13,2025-11-19T06:48:28
DISC,SUMMIT,T-000345,,,,,TTR,,,,,,,disc|summit|cr0013790,CR0013790,IR improvement (PCO3.6.2x based) - 0% effective,Rejected at Development,Gronggaew Boonjuang,2025-06-05T11:18:51,2025-11-19T06:48:28
DISC,EVANS BP SATA,T-000346,,,,,TTR,,,,,,,disc|evans bp sata|cr0013791,CR0013791,EvansBP: Optimize Write Triplet Sweep for TTR,Completed,Leepithakwatthana Pisan,2025-06-05T11:36:05,2025-11-19T06:48:28
DISC,SUMMIT,T-000347,,,,,TTR,,,,,,,disc|summit|cr0013796,CR0013796,TTR: ZAP Seek Path Optimization ( PROZ/OCZ ),Completed,Gronggaew Boonjuang,2025-06-06T00:30:50,2025-11-19T06:48:28
DISC,MARLIN,T-000348,,,,,TTR,,,,,,,disc|marlin|cr0013805,CR0013805,Marlin: Final loop VBAR_ATI Prediction,Developing,Ampol Meetee,2025-06-10T14:34:05,2025-11-19T06:48:28
DISC,SUMMIT,T-000349,,,,,TTR,,,,,,,disc|summit|cr0013806,CR0013806,Summit: Fast UJOG on CMR and HSMR,Completed,Sitthichai Pomthong,2025-06-10T14:51:03,2025-11-19T06:48:28
DISC,SUMMIT,T-000350,,,,,TTR,,,,,,,disc|summit|cr0013812,CR0013812,ProZ SMR : Close reli failure evaluation,Completed,Kriangkrai Kuskul,2025-06-11T15:33:32,2025-11-19T06:48:28
DISC,SUMMIT,T-000351,,,,,TTR,,,,,,,disc|summit|cr0013817,CR0013817,Summit : ProZ mimo end pad track code fix + disable ZAP spike compensation,Rejected at Distribution,Kriangkrai Kuskul,2025-06-12T11:52:19,2025-11-19T06:48:28
DISC,SUMMIT,T-000352,,,,,TTR,,,,,,,disc|summit|cr0013819,CR0013819,SUMMIT Engineering Eval for Summit LC TTR: PF3 for T282 C0 sensitivity scoring from multi-rate to single-rate by condition,Completed,Orathai Kajhonkam,2025-06-12T17:42:28,2025-11-19T06:48:28
DISC,MARLIN BP,T-000353,,,,,TTR,,,,,,,disc|marlin bp|cr0013828,CR0013828,T282 TTR : C0 sensitivity scoring single-rate plus condition for Trident 3.2,Completed,Naruporn Srikullabut,2025-06-13T15:52:01,2025-11-19T06:48:28
DISC,MARLIN BP,T-000354,,,,,TTR,,,,,,,disc|marlin bp|cr0013835,CR0013835,MarlinBP TTR Recover CAL2 FULL_PACK_WRT PWL by head,Completed,Warat  Jintanamaneerat ,2025-06-16T17:23:06,2025-11-19T06:48:28
DISC,DORADO,T-000355,,,,,TTR,,,,,,,disc|dorado|cr0013843,CR0013843,Dorado : Overhead reduction in LASER_TCC CAL,Completed,Kriangkrai Kuskul,2025-06-19T10:52:49,2025-11-19T06:48:28
DISC,SUMMIT,T-000356,,,,,TTR,,,,,,,disc|summit|cr0013846,CR0013846,T282 TTR : Bode Convergence Check,Completed,Worawit Kanjanapruthipong,2025-06-19T16:17:13,2025-11-19T06:48:28
DISC,SUMMIT,T-000357,,,,,TTR,,,,,,,disc|summit|cr0013855,CR0013855,Format cerify improvement,Completed,Jakaphun Karoonkittisarn,2025-06-23T18:07:33,2025-11-19T06:48:28
DISC,SUMMIT,T-000358,,,,,TTR,,,,,,,disc|summit|cr0013887,CR0013887,SMR Certify by Conditional with PROZ and STFL,Completed,Gronggaew Boonjuang,2025-06-30T14:06:08,2025-11-19T06:48:28
DISC,SUMMIT,T-000359,,,,,TTR,,,,,,,disc|summit|cr0013894,CR0013894,HSMR FMT Certify Condition,Completed,Gronggaew Boonjuang,2025-07-02T21:08:41,2025-11-19T06:48:28
DISC,SUMMIT,T-000360,,,,,TTR,,,,,,,disc|summit|cr0013900,CR0013900,Summit: PCO3.5.0JH40A + pull in CLs (Eng eval),Completed,Manuschanok  Srikhrueadong,2025-07-07T09:57:17,2025-11-19T06:48:28
DISC,SUMMIT,T-000361,,,,,TTR,,,,,,,disc|summit|cr0013901,CR0013901,Improvement on HSMR,Rejected at Distribution,Gronggaew Boonjuang,2025-07-07T10:39:19,2025-11-19T06:48:28
DISC,SUMMIT,T-000362,,,,,TTR,,,,,,,disc|summit|cr0013905,CR0013905,Summit: Reduce timeout of T33 at CRT2,Awaiting Acceptation,Irin Siribannasit,2025-07-07T23:14:02,2025-11-19T06:48:28
DISC,MARLIN,T-000363,,,,,TTR,,,,,,,disc|marlin|cr0013906,CR0013906,Reduce overhead from IOP Read,Completed,Sarunya Nathonghor,2025-07-08T11:43:15,2025-11-19T06:48:28
DISC,MARLIN,T-000364,,,,,TTR,,,,,,,disc|marlin|cr0013908,CR0013908,T197 : data type optimization,Completed,Kriangkrai Kuskul,2025-07-08T16:22:14,2025-11-19T06:48:28
DISC,SUMMIT,T-000365,,,,,TTR,,,,,,,disc|summit|cr0013922,CR0013922,Summit: PCO Release for RGA (DA004) - PCO3.5.0JH3_FMT,Completed,Gronggaew Boonjuang,2025-07-11T23:50:34,2025-11-19T06:48:28
DISC,MARLIN,T-000366,,,,,TTR,,,,,,,disc|marlin|cr0013960,CR0013960,TTR: VBAR_LASER prediction at PRE2,Developing,Ampol Meetee,2025-07-24T09:47:05,2025-11-19T06:48:28
DISC,SUMMIT,T-000367,,,,,TTR,,,,,,,disc|summit|cr0013965,CR0013965,Summit : HSMR Proz qaul with latest fix,Completed,Kriangkrai Kuskul,2025-07-25T10:40:11,2025-11-19T06:48:28
DISC,SUMMIT,T-000368,,,,,TTR,,,,,,,disc|summit|cr0013970,CR0013970,TTR: ZAP Seek Path Optimization ( PROZ/OCZ ),Completed,Gronggaew Boonjuang,2025-07-25T14:56:20,2025-11-19T06:48:28
DISC,SUMMIT,T-000369,,,,,TTR,,,,,,,disc|summit|cr0013973,CR0013973,Summit: TTR Reduce num write of zone 0 at VBAR_ATI,Completed,Sitthichai Pomthong,2025-07-29T16:37:00,2025-11-19T06:48:28
DISC,SUMMIT,T-000370,,,,,TTR,,,,,,,disc|summit|cr0013974,CR0013974,TTR malloc on Goby,Completed,Gronggaew Boonjuang,2025-07-29T16:49:30,2025-11-19T06:48:28
DISC,DORADO,T-000371,,,,,TTR,,,,,,,disc|dorado|cr0013981,CR0013981,T87 In LaserPowerOpti() while updating clearance.,Completed,Ronnakorn Yimgratok,2025-07-31T09:57:43,2025-11-19T06:48:28
DISC,SUMMIT,T-000372,,,,,TTR,,,,,,,disc|summit|cr0013982,CR0013982,BeatUp V40 support skip track ceritify,Developing,Jakaphun Karoonkittisarn,2025-07-31T15:12:17,2025-11-19T06:48:28
DISC,SUMMIT,T-000373,,,,,TTR,,,,,,,disc|summit|cr0013992,CR0013992,Summit: Vibe/Calm blocking test removal (PCO 3.7.4A),Completed,Irin Siribannasit,2025-08-03T23:45:05,2025-11-19T06:48:28
DISC,SUMMIT,T-000374,,,,,TTR,,,,,,,disc|summit|cr0013994,CR0013994,Enable PROZ for CMR ZAP only,Completed,Gronggaew Boonjuang,2025-08-04T12:49:38,2025-11-19T06:48:28
DISC,SUMMIT,T-000375,,,,,TTR,,,,,,,disc|summit|cr0013996,CR0013996,Summit: PCO Release for RGA (DA008) - PCO3.5.0JH4_FMT,Completed,Gronggaew Boonjuang,2025-08-05T13:58:39,2025-11-19T06:48:28
DISC,MARLIN,T-000376,,,,,TTR,,,,,,,disc|marlin|cr0013998,CR0013998,Marlin Request to remove Full Pack Write State,Rejected at Distribution,Pitiwat  Rahothan,2025-08-06T14:14:21,2025-11-19T06:48:28
DISC,SUMMIT,T-000377,,,,,TTR,,,,,,,disc|summit|cr0014000,CR0014000,SPFS remove even track write,Developing,Jakaphun Karoonkittisarn,2025-08-06T15:34:20,2025-11-19T06:48:28
DISC,SUMMIT,T-000378,,,,,TTR,,,,,,,disc|summit|cr0014025,CR0014025,SPFS remove even track write - efesto,Developing,Sirivan  Changkudwian,2025-08-13T15:44:53,2025-11-19T06:48:28
DISC,SUMMIT,T-000379,,,,,TTR,,,,,,,disc|summit|cr0014035,CR0014035,T33 Seek Delay Improvement,Completed,Worawit Kanjanapruthipong,2025-08-15T15:30:27,2025-11-19T06:48:28
DISC,SUMMIT,T-000380,,,,,TTR,,,,,,,disc|summit|cr0014037,CR0014037,TTR: Update material control for VBAR_ATI prediction,Completed,Ampol Meetee,2025-08-15T17:51:01,2025-11-19T06:48:28
DISC,MARLIN,T-000381,,,,,TTR,,,,,,,disc|marlin|cr0014040,CR0014040,Marlin : VBAR_WP stop write ,Awaiting Acceptation,Kriangkrai Kuskul,2025-08-18T15:17:57,2025-11-19T06:48:28
DISC,SUMMIT,T-000382,,,,,TTR,,,,,,,disc|summit|cr0014044,CR0014044,Summit Remove T281 and T135 in RSEED_ERASE_M1 state ,Developing,Oosana Onjan,2025-08-19T11:27:39,2025-11-19T06:48:28
DISC,SUMMIT,T-000383,,,,,TTR,,,,,,,disc|summit|cr0014046,CR0014046,Summit SCOPY IR change slot for failure Step 4,Developing,Oosana Onjan,2025-08-19T12:21:36,2025-11-19T06:48:28
DISC,SUMMIT,T-000384,,,,,TTR,,,,,,,disc|summit|cr0014047,CR0014047,Summit Optimize Full Erase M2 to be erase only failing head,Developing,Oosana Onjan,2025-08-19T12:56:30,2025-11-19T06:48:28
DISC,SUMMIT,T-000385,,,,,TTR,,,,,,,disc|summit|cr0014065,CR0014065,SUMMIT merge SUMMIT-2298,Completed,Rawinnipa Sutantiwanichkul,2025-08-22T09:35:10,2025-11-19T06:48:28
DISC,SUMMIT,T-000386,,,,,TTR,,,,,,,disc|summit|cr0014070,CR0014070,Fail Safe for all PCBA SCREEN,Completed,Warachai Singjungreed,2025-08-22T16:57:21,2025-11-19T06:48:28
DISC,SUMMIT,T-000387,,,,,TTR,,,,,,,disc|summit|cr0014073,CR0014073,Summit Optimize Timeout spec T276 T281,Completed,Oosana Onjan,2025-08-25T10:36:15,2025-11-19T06:48:28
DISC,SUMMIT,T-000388,,,,,TTR,,,,,,,disc|summit|cr0014076,CR0014076,Summit: PCO Release (DA011) - PCO3.7.3A_EFL2B3,Completed,Daranee Thitiprayoonwongse,2025-08-25T14:38:05,2025-11-19T06:48:28
DISC,SUMMIT,T-000389,,,,,TTR,,,,,,,disc|summit|cr0014096,CR0014096,Summit: PCO Release (DA013) - PCO3.7.3D1-A_1REV,Completed,Daranee Thitiprayoonwongse,2025-08-30T00:19:34,2025-11-19T06:48:28
DISC,MARLIN BP,T-000390,,,,,TTR,,,,,,,disc|marlin bp|cr0014104,CR0014104,Special flow for SF3 overclock,Rejected at Distribution,Naruporn Srikullabut,2025-09-02T11:18:17,2025-11-19T06:48:28
DISC,MARLIN BP,T-000391,,,,,TTR,,,,,,,disc|marlin bp|cr0014115,CR0014115,Special flow for SF3 overclock V2,Rejected at Development,Naruporn Srikullabut,2025-09-05T10:39:11,2025-11-19T06:48:28
DISC,MARLIN,T-000392,,,,,TTR,,,,,,,disc|marlin|cr0014127,CR0014127,Marlin: Adjust timeout of T451 at  DERIVED_OPTI_1 and DERIVED_OPTI_2 state,Awaiting Acceptation,Irin Siribannasit,2025-09-10T11:47:20,2025-11-19T06:48:28
DISC,SUMMIT,T-000393,,,,,TTR,,,,,,,disc|summit|cr0014144,CR0014144,SMR Master Format Removal,Completed,Gronggaew Boonjuang,2025-09-12T10:01:38,2025-11-19T06:48:28
DISC,SUMMIT,T-000394,,,,,TTR,,,,,,,disc|summit|cr0014152,CR0014152,Back out TTR in VBAR_METRICS,Completed,Naruemon Wannawong,2025-09-15T18:06:05,2025-11-19T06:48:28
DISC,MARLIN,T-000395,,,,,TTR,,,,,,,disc|marlin|cr0014153,CR0014153,Marlin - Disable power cycle during SPFS LFA,Developing,Sarunya Nathonghor,2025-09-15T18:23:39,2025-11-19T06:48:28
DISC,DORADO,T-000396,,,,,TTR,,,,,,,disc|dorado|cr0014155,CR0014155,Dorado : LASER_INIT optimization,Developing,Kriangkrai Kuskul,2025-09-16T11:38:59,2025-11-19T06:48:28
DISC,SUMMIT,T-000397,,,,,TTR,,,,,,,disc|summit|cr0014160,CR0014160,T150 PWT by Exception,Awaiting Acceptation,Warachai Singjungreed,2025-09-17T12:48:52,2025-11-19T06:48:28
DISC,SUMMIT,T-000398,,,,,TTR,,,,,,,disc|summit|cr0014161,CR0014161,T461 Test Zone Aligment,Awaiting Acceptation,Warachai Singjungreed,2025-09-17T12:54:28,2025-11-19T06:48:28
DISC,MARLIN,T-000399,,,,,TTR,,,,,,,disc|marlin|cr0014175,CR0014175,SMR enable STFL and force PWL simluation on T2108.,Completed,Petcharat Boonprasop,2025-09-19T14:38:26,2025-11-19T06:48:28
DISC,DORADO,T-000400,,,,,TTR,,,,,,,disc|dorado|cr0014176,CR0014176,Change Rev for T230 from 3 to 1,Developing,Naruporn Srikullabut,2025-09-19T15:50:09,2025-11-19T06:48:28
DISC,SUMMIT,T-000401,,,,,TTR,,,,,,,disc|summit|cr0014179,CR0014179,Summit: Disable TTR for 1-REV evaluation,Completed,Daranee Thitiprayoonwongse,2025-09-22T12:38:12,2025-11-19T06:48:28
DISC,MARLIN BP,T-000402,,,,,TTR,,,,,,,disc|marlin bp|cr0014184,CR0014184,MarlinBP: Remove power cycle at T222,Developing,Irin Siribannasit,2025-09-23T11:02:57,2025-11-19T06:48:28
DISC,DORADO,T-000403,,,,,TTR,,,,,,,disc|dorado|cr0014205,CR0014205,Dorado : IOP_BY_WEDGE process optimization,Awaiting Implementation,Kriangkrai Kuskul,2025-09-26T11:16:12,2025-11-19T06:48:28
DISC,DORADO,T-000404,,,,,TTR,,,,,,,disc|dorado|cr0014206,CR0014206,Dorado : Remove power cycle at T222,Developing,Kriangkrai Kuskul,2025-09-26T12:12:14,2025-11-19T06:48:28
DISC,SUMMIT,T-000405,,,,,TTR,,,,,,,disc|summit|cr0014217,CR0014217,VBAR_METRICS TTR Improvement Actions,Completed,Gronggaew Boonjuang,2025-10-01T09:34:34,2025-11-19T06:48:28
DISC,SUMMIT,T-000406,,,,,TTR,,,,,,,disc|summit|cr0014221,CR0014221,Summit:Reduce num write of zone 0 at VBAR_ATI (DOE),Completed,Manuschanok  Srikhrueadong,2025-10-01T20:56:58,2025-11-19T06:48:28
DISC,SUMMIT,T-000407,,,,,TTR,,,,,,,disc|summit|cr0014225,CR0014225,T240 EAW Early-Stop Write Optimization,Developing,Warachai Singjungreed,2025-10-03T11:10:26,2025-11-19T06:48:28
DISC,MARLIN BP,T-000408,,,,,TTR,,,,,,,disc|marlin bp|cr0014228,CR0014228,Overclock code,Completed,Naruporn Srikullabut,2025-10-03T14:19:19,2025-11-19T06:48:28
DISC,MARLIN BP,T-000409,,,,,TTR,,,,,,,disc|marlin bp|cr0014234,CR0014234,MarlinBP : T55 with independent ZAP track,Awaiting Acceptation,Kriangkrai Kuskul,2025-10-07T11:17:45,2025-11-19T06:48:28
DISC,DORADO,T-000410,,,,,TTR,,,,,,,disc|dorado|cr0014236,CR0014236,Dorado : T55 with independent ZAP track,Awaiting Implementation,Kriangkrai Kuskul,2025-10-07T15:51:48,2025-11-19T06:48:28
DISC,SUMMIT,T-000411,,,,,TTR,,,,,,,disc|summit|cr0014237,CR0014237,Summit: Format Certify Improvement in eFESTO PCO,Completed,Leepithakwatthana Pisan,2025-10-08T12:24:29,2025-11-19T06:48:28
DISC,MARLIN,T-000412,,,,,TTR,,,,,,,disc|marlin|cr0014242,CR0014242,POML SMR,Awaiting Approval,Worawit Kanjanapruthipong,2025-10-10T05:20:56,2025-11-19T06:48:28
DISC,SUMMIT,T-000413,,,,,TTR,,,,,,,disc|summit|cr0014255,CR0014255,T282 Integrated Milli/Micro Structure Bode Measurement with One-Shot,Awaiting Implementation,Worawit Kanjanapruthipong,2025-10-15T11:41:03,2025-11-19T06:48:28
DISC,SUMMIT,T-000414,,,,,TTR,,,,,,,disc|summit|cr0014264,CR0014264,TTR for PCBA_SCN in PRE2 (DRAM test),Completed,Gronggaew Boonjuang,2025-10-16T16:27:30,2025-11-19T06:48:28
DISC,SUMMIT,T-000415,,,,,TTR,,,,,,,disc|summit|cr0014267,CR0014267,Summit CERT BER Removal,Awaiting Acceptation,Warachai Singjungreed,2025-10-16T17:52:35,2025-11-19T06:48:28
DISC,SUMMIT,T-000416,,,,,TTR,,,,,,,disc|summit|cr0014268,CR0014268,LUL Defect Scan TTR,Awaiting Acceptation,Warachai Singjungreed,2025-10-17T16:20:36,2025-11-19T06:48:28
DISC,SUMMIT,T-000417,,,,,TTR,,,,,,,disc|summit|cr0014269,CR0014269,WP Opti bypass channel training and offset searches,Developing,Worawit Kanjanapruthipong,2025-10-17T17:36:56,2025-11-19T06:48:28
DISC,SUMMIT,T-000418,,,,,TTR,,,,,,,disc|summit|cr0014270,CR0014270,TTR: Remove 1>N28 from DNLD_CODE_TCG_SPT,Completed,Gronggaew Boonjuang,2025-10-20T14:41:16,2025-11-19T06:48:28
DISC,DORADO,T-000419,,,,,TTR,,,,,,,disc|dorado|cr0014286,CR0014286,Dorado TTR : T55 Zero Latency Write,Developing,Ronnakorn Yimgratok,2025-10-23T17:22:24,2025-11-19T06:48:28
DISC,MARLIN BP,T-000420,,,,,TTR,,,,,,,disc|marlin bp|cr0014298,CR0014298,POML SMR,Awaiting Approval,Worawit Kanjanapruthipong,2025-10-28T16:45:50,2025-11-19T06:48:28
DISC,SUMMIT,T-000421,,,,,TTR,,,,,,,disc|summit|cr0014299,CR0014299,Summit: Reduce num write of zone 0 at VBAR_ATI (TTR),Developing,Manuschanok  Srikhrueadong,2025-10-28T20:05:56,2025-11-19T06:48:28
DISC,MARLIN,T-000422,,,,,TTR,,,,,,,disc|marlin|cr0014317,CR0014317,TTR : Fix the BPI/TPI formats from PC file for pure SMR,Awaiting Acceptation,Worawit Kanjanapruthipong,2025-11-03T17:15:18,2025-11-19T06:48:28
DISC,SUMMIT,T-000423,,,,,TTR,,,,,,,disc|summit|cr0014319,CR0014319,Summit TTR T94-threshold fixed,Awaiting Acceptation,Ratchaphon Phonyiam,2025-11-03T19:05:57,2025-11-19T06:48:28
DISC,SUMMIT,T-000424,,,,,TTR,,,,,,,disc|summit|cr0014320,CR0014320,Summit TTR T109 LUL Skip-track,Awaiting Acceptation,Ratchaphon Phonyiam,2025-11-03T19:21:40,2025-11-19T06:48:28
DISC,SUMMIT,T-000425,,,,,TTR,,,,,,,disc|summit|cr0014322,CR0014322,SUMMIT TTR AFH reducing zone order,Awaiting Acceptation,Amared Saichomphoo,2025-11-04T10:26:54,2025-11-19T06:48:28
DISC,SUMMIT,T-000426,,,,,TTR,,,,,,,disc|summit|cr0014323,CR0014323,SUMMIT TTR AFH Increase start DAC,Awaiting Acceptation,Amared Saichomphoo,2025-11-04T10:33:27,2025-11-19T06:48:28
DISC,SUMMIT,T-000427,,,,,TTR,,,,,,,disc|summit|cr0014326,CR0014326,SUMMIT: Write Power Set New Model,Awaiting Development,Punnathon Phatai,2025-11-04T17:59:06,2025-11-19T06:48:28
DISC,SUMMIT,T-000428,,,,,TTR,,,,,,,disc|summit|cr0014332,CR0014332,Remove WRITE_POWER_TCC State - FNC2,Awaiting Acceptation,Chonnakarn Jerddeesakul,2025-11-05T18:08:08,2025-11-19T06:48:28
DISC,SUMMIT,T-000429,,,,,TTR,,,,,,,disc|summit|cr0014334,CR0014334,REMOVE ZN 2 4 P461_BIE_MEAN_BY_TRACK -- WRITE ABILITY SOLO,Awaiting Acceptation,Thiansue  Yanthawin,2025-11-06T08:57:43,2025-11-19T06:48:28
DISC,SUMMIT,T-000430,,,,,TTR,,,,,,,disc|summit|cr0014337,CR0014337,Summit TTR : P285 RampDetect,Awaiting Acceptation,Nontawat Nakul,2025-11-06T17:20:45,2025-11-19T06:48:28
DISC,SUMMIT,T-000431,,,,,TTR,,,,,,,disc|summit|cr0014338,CR0014338,Summit TTR : P25 PRE_LUL_TEST,Awaiting Acceptation,Nontawat Nakul,2025-11-06T17:26:00,2025-11-19T06:48:28
DISC,SUMMIT,T-000432,,,,,TTR,,,,,,,disc|summit|cr0014339,CR0014339,Summit TTR : Remove Bode State,Awaiting Acceptation,Nontawat Nakul,2025-11-06T17:33:53,2025-11-19T06:48:28
DISC,SUMMIT,T-000433,,,,,TTR,,,,,,,disc|summit|cr0014340,CR0014340,Summit TTR : P335 Adjustment,Awaiting Acceptation,Nontawat Nakul,2025-11-06T17:46:01,2025-11-19T06:48:28
DISC,SUMMIT,T-000434,,,,,TTR,,,,,,,disc|summit|cr0014341,CR0014341,Summit TTR : P033 FNC2,Awaiting Acceptation,Nontawat Nakul,2025-11-06T17:54:01,2025-11-19T06:48:28
DISC,SUMMIT,T-000435,,,,,TTR,,,,,,,disc|summit|cr0014342,CR0014342,Summit TTR : P30 Reduce seek count,Awaiting Acceptation,Nontawat Nakul,2025-11-06T18:03:12,2025-11-19T06:48:28
DISC,DORADO,T-000436,,,,,TTR,,,,,,,disc|dorado|cr0014345,CR0014345,Dorado : fixed PWL recovery restart full PWT,Developing,Warat  Jintanamaneerat ,2025-11-07T11:06:43,2025-11-19T06:48:28
DISC,SUMMIT,T-000437,,,,,TTR,,,,,,,disc|summit|cr0014351,CR0014351,Summit TTR : Add new state for monitor,Awaiting Acceptation,Nontawat Nakul,2025-11-07T18:16:26,2025-11-19T06:48:28
excel_import,MARLIN BP,T-000438,,,,,TTR,,,,,,,excel_import|marlin bp|mbp-1404,MBP-1404,FNC2 RRO_SCRN_x removal (pull in),,,2025-11-16T00:00:00,2025-11-19T06:48:28
excel_import,MARLIN BP,T-000439,,,,,TTR,,,,,,,excel_import|marlin bp|mbp-1445,MBP-1445,TTR: Remove PRE2 prm_282_hiResVCMBodeTemp (pull in),,,2025-11-16T00:00:00,2025-11-19T06:48:28
excel_import,MARLIN BP,T-000440,,,,,TTR,,,,,,,excel_import|marlin bp|mbp-1481,MBP-1481,T102 PCBA_SCRN TTR (pull in),,,2025-11-16T00:00:00,2025-11-19T06:48:28
excel_import,MARLIN BP,T-000441,,,,,TTR,,,,,,,excel_import|marlin bp|mbp-1609,MBP-1609,Remove PWT SF3 portion for weld before Cert (pull in),,,2025-11-16T00:00:00,2025-11-19T06:48:28
excel_import,MARLIN BP,T-000442,,,,,TTR,,,,,,,excel_import|marlin bp|mbp-1641,MBP-1641,TTR: CERT portion Powercycle,,,2025-11-16T00:00:00,2025-11-19T06:48:28
excel_import,MARLIN BP,T-000443,,,,,TTR,,,,,,,excel_import|marlin bp|mbp-1706,MBP-1706,"TTR: T282 reduce ""idle time""",,,2025-11-16T00:00:00,2025-11-19T06:48:28
excel_import,MARLIN BP,T-000444,,,,,TTR,,,,,,,excel_import|marlin bp|mbp-1707,MBP-1707,TTR: Further Test Time Reduction In T282 - Bode Convergence Check,,,2025-11-16T00:00:00,2025-11-19T06:48:28
excel_import,MARLIN BP,T-000445,,,,,TTR,,,,,,,excel_import|marlin bp|mbp-1708,MBP-1708,TTR - Reducing the SkDly in t135 from 20ms to 0ms,,,2025-11-16T00:00:00,2025-11-19T06:48:28
excel_import,MARLIN BP,T-000446,,,,,TTR,,,,,,,excel_import|marlin bp|mbp-1352,MBP-1352,Enable STFL on SMR,,DC / Korat PE,2025-11-16T00:00:00,2025-11-19T06:48:28
excel_import,MARLIN BP,T-000447,,,,,TTR,,,,,,,excel_import|marlin bp|mbp-1383,MBP-1383,Fast uJog in T299,,DC,2025-11-16T00:00:00,2025-11-19T06:48:28
excel_import,MARLIN BP,T-000448,,,,,TTR,,,,,,,excel_import|marlin bp|mbp-1419,MBP-1419,Test Time: T297 Data Trimming at PRE2,,DC,2025-11-19T00:00:00,2025-11-19T06:48:28
excel_import,MARLIN BP,T-000449,,,,,TTR,,,,,,,excel_import|marlin bp|mbp-972,MBP-972,PROZ   (note: PROZ chg is in PCO 5.0.4),,DC,2025-11-16T00:00:00,2025-11-19T06:48:28
excel_import,MARLIN BP,T-000450,,,,,TTR,,,,,,,excel_import|marlin bp|mbp-1444,MBP-1444,T282 C0 sensitivity opti,,,2025-11-16T00:00:00,2025-11-19T06:48:28
excel_import,MARLIN BP,T-000451,,,,,TTR,,,,,,,excel_import|marlin bp|mbp-1525,MBP-1525,Erasure Testing - Fast Write Modes (T298/T299),,,2025-11-16T00:00:00,2025-11-19T06:48:28
excel_import,MARLIN BP,T-000452,,,,,TTR,,,,,,,excel_import|marlin bp|mbp-1718,MBP-1718,TTR: To close TT gap (vs Marlin) - BER measurement,,,2025-11-16T00:00:00,2025-11-19T06:48:28
excel_import,MARLIN BP,T-000453,,,,,TTR,,,,,,,excel_import|marlin bp|mbp-1739,MBP-1739,T282 sensitivity projection optimization - data & test time reduction,,,2025-11-16T00:00:00,2025-11-19T06:48:28
excel_import,MARLIN BP,T-000454,,,,,TTR,,,,,,,excel_import|marlin bp|mbp-1671,MBP-1671,TTR - Radical malloc eval,,,2025-11-16T00:00:00,2025-11-19T06:48:28
excel_import,MARLIN BP,T-000455,,,,,TTR,,,,,,,excel_import|marlin bp|mbp-1846,MBP-1846,LASER_INIT test process optimization,,Korat FW,2025-11-16T00:00:00,2025-11-19T06:48:28
excel_import,MARLIN BP,T-000456,,,,,TTR,,,,,,,excel_import|marlin bp|mbp-1625,MBP-1625,ZAP Seek Path Optimization,,,2025-11-16T00:00:00,2025-11-19T06:48:28
excel_import,MARLIN BP,T-000457,,,,,TTR,,,,,,,excel_import|marlin bp|mbp-1602,MBP-1602,SPFS T2108 Read TTR by increasing CertTrkStep (SkInc) to 75 from default 30 (CMR only),,,2025-11-16T00:00:00,2025-11-19T06:48:28
excel_import,MARLIN BP,T-000458,,,,,TTR,,,,,,,excel_import|marlin bp|mbp-1704,MBP-1704,Reduce redundant zones test of VBAR_ATI,,,2025-11-16T00:00:00,2025-11-19T06:48:28
excel_import,MARLIN BP,T-000459,,,,,TTR,,,,,,,excel_import|marlin bp|mbp-1852,MBP-1852,Removal of Offset Search & Channel Training Reads,,,2025-11-16T00:00:00,2025-11-19T06:48:28
excel_import,MARLIN BP,T-000460,,,,,TTR,,,,,,,excel_import|marlin bp|mbp-1916,MBP-1916,WP Optimization,,DC,2025-11-16T00:00:00,2025-11-19T06:48:28
excel_import,MARLIN BP,T-000461,,,,,TTR,,,,,,,excel_import|marlin bp|mbp-1926,MBP-1926,Optimize get ta rec for TA access and audit lookup,,,2025-11-16T00:00:00,2025-11-19T06:48:28
excel_import,MARLIN BP,T-000462,,,,,TTR,,,,,,,excel_import|marlin bp|mbp-1774,MBP-1774,Add DRAM screen while soaking test,,,2025-11-16T00:00:00,2025-11-19T06:48:28
excel_import,MARLIN BP,T-000463,,,,,TTR,,,,,,,excel_import|marlin bp|mbp-1792,MBP-1792,MarlinBP remove state (est. 43 hrs) ??,,Servo DC,2025-11-16T00:00:00,2025-11-19T06:48:28
excel_import,MARLIN BP,T-000464,,,,,TTR,,,,,,,excel_import|marlin bp|mbp-1856,MBP-1856,T451 Derived Opti: Update Anchor zone behavior and set anchor zone mask,,,2025-11-16T00:00:00,2025-11-19T06:48:28
excel_import,MARLIN BP,T-000465,,,,,TTR,,,,,,,excel_import|marlin bp|mbp-1815,MBP-1815,FPW & SPFS Power Cycle Removal around LFA,,,2025-11-16T00:00:00,2025-11-19T06:48:28
excel_import,MARLIN BP,T-000466,,,,,TTR,,,,,,,"excel_import|marlin bp|mbp-1884, mbp-1887","MBP-1884, MBP-1887",FPW removal,,Korat FW/DC TP/ARS,2025-11-16T00:00:00,2025-11-19T06:48:28
excel_import,MARLIN BP,T-000467,,,,,TTR,,,,,,,excel_import|marlin bp|mbp-1731,MBP-1731,Scopy TA Scan Feed Forward,,,2025-11-16T00:00:00,2025-11-19T06:48:28
excel_import,MARLIN BP,T-000468,,,,,TTR,,,,,,,excel_import|marlin bp|mbp-1705,MBP-1705,"Project to remove UACT1 ""milli"" actuator",,DC,2025-11-16T00:00:00,2025-11-19T06:48:28
excel_import,MARLIN BP,T-000469,,,,,TTR,,,,,,,excel_import|marlin bp|mbp-,MBP-,Skip track certify CMR (can we pull in 1 qtr)/ (MarlinCT-1980),,,2025-11-16T00:00:00,2025-11-19T06:48:28
excel_import,MARLIN BP,T-000470,,,,,TTR,,,,,,,excel_import|marlin bp|mbp-1730,MBP-1730,SMR Format removal (SMR only),,,2025-11-16T00:00:00,2025-11-19T06:48:28
excel_import,MARLIN BP,T-000471,,,,,TTR,,,,,,,excel_import|marlin bp|mbp-1909,MBP-1909,T55 with independent ZAP track (can we pull in?,,Korat FW/ARS DC,2025-11-16T00:00:00,2025-11-19T06:48:28
excel_import,MARLIN BP,T-000472,,,,,TTR,,,,,,,excel_import|marlin bp|mbp-1931,MBP-1931,10k RPM eval at SPIN OPER (Soak Time reduction eval),,,2025-11-16T00:00:00,2025-11-19T06:48:28
excel_import,MARLIN BP,T-000473,,,,,TTR,,,,,,,excel_import|marlin bp|mbp-1488,MBP-1488,T451 Random Pattern Generation 5% TTR (when?),,,2025-11-16T00:00:00,2025-11-19T06:48:28
excel_import,MARLIN BP,T-000474,,,,,TTR,,,,,,,"excel_import|marlin bp|mbp-1501, 1759, 1760","MBP-1501, 1759, 1760",3rev to 2rev ZAP 30TBLV Meta (30 hrs but won't intersect in time for Meta),,,2025-11-16T00:00:00,2025-11-19T06:48:28
excel_import,MARLIN BP,T-000475,,,,,TTR,,,,,,,excel_import|marlin bp|mbp-1405,MBP-1405,FNC2 T150 Linearization monitor (1.2) (1hr?),,,2025-11-16T00:00:00,2025-11-19T06:48:28
excel_import,MARLIN BP,T-000476,,,,,TTR,,,,,,,excel_import|marlin bp|need jira,need jira,Z-path (5hrs?) (can it pull in before Q3? - Mingzhong,,Servo DC,2025-11-19T00:00:00,2025-11-19T06:48:28
excel_import,MARLIN BP,T-000477,,,,,TTR,,,,,,,excel_import|marlin bp|mbp-1013,MBP-1013,NDS in parallel with soak (anneal) (9H heads only),,PCO 4.2.1,2025-11-16T00:00:00,2025-11-19T06:48:28
excel_import,MARLIN BP,T-000478,,,,,TTR,,,,,,,excel_import|marlin bp|mbp-1403,MBP-1403,PRE2 GMR_RES_2x monitor (0.2),,,2025-11-16T00:00:00,2025-11-19T06:48:28
excel_import,MARLIN BP,T-000479,,,,,TTR,,,,,,,excel_import|marlin bp|mbp-1236,MBP-1236,T461 AC Erase Support,,DC,2025-11-16T00:00:00,2025-11-19T06:48:28
excel_import,MARLIN BP,T-000480,,,,,TTR,,,,,,,excel_import|marlin bp|mbp-1307,MBP-1307,Reduce drive off time,1.5,Korat FW / PE,2025-11-16T00:00:00,2025-11-19T06:48:28
excel_import,MARLIN BP,T-000481,,,,,TTR,,,,,,,excel_import|marlin bp|mbp-1199,MBP-1199,Update BPI/TPI FMT via PC file,2,Korat FW,2025-11-16T00:00:00,2025-11-19T06:48:28
excel_import,MARLIN BP,T-000482,,,,,TTR,,,,,,,excel_import|marlin bp|,,4.5/4.6) PCO 4.2.8/PCO 4.2.9,,,2025-11-19T00:00:00,2025-11-19T06:48:28
excel_import,MARLIN BP,T-000483,,,,,TTR,,,,,,,excel_import|marlin bp|mbp-1224,MBP-1224,T299: Disable Track Center Search,,DC TP/ARS,2025-11-19T00:00:00,2025-11-19T06:48:28
excel_import,MARLIN BP,T-000484,,,,,TTR,,,,,,,excel_import|marlin bp|mbp-1353,MBP-1353,Write Process Restructuring: Fix to VBAR Laser Setup,,DC,2025-11-16T00:00:00,2025-11-19T06:48:28
excel_import,MARLIN BP,T-000485,,,,,TTR,,,,,,,excel_import|marlin bp|https://jira.seagate.com/jira/browse/marlinct-1799,https://jira.seagate.com/jira/browse/MARLINCT-1799,Reduce t461 to odd/even zones and reduce the number of reads per write,1,,2025-11-16T00:00:00,2025-11-19T06:48:28
excel_import,MARLIN BP,T-000486,,,,,TTR,,,,,,,excel_import|marlin bp|https://jira.seagate.com/jira/browse/marlinct-1800,https://jira.seagate.com/jira/browse/MARLINCT-1800,TTR: Reduce T33 zone test,2.5,,2025-11-16T00:00:00,2025-11-19T06:48:28
excel_import,MARLIN BP,T-000487,,,,,TTR,,,,,,,excel_import|marlin bp|https://jira.seagate.com/jira/browse/marlinct-1807,https://jira.seagate.com/jira/browse/MARLINCT-1807,"TTR: Write/Read Xfer Test Zn reduce (0,2,104)",3,,2025-11-16T00:00:00,2025-11-19T06:48:28
excel_import,MARLIN,T-000488,,,,,TTR,,,,,,,excel_import|marlin|marlinct-1803,MARLINCT-1803,"          2) DPCO logic flow update under state parameter applyMaxDpcoWriteClr. - [L] [CAL, CAL2]","PCO7.1.11F, Implemented",DC HW,2025-11-16T00:00:00,2025-11-19T06:48:28
excel_import,MARLIN,T-000489,,,,,TTR,,,,,,,excel_import|marlin|marlinct-1797,MARLINCT-1797,          1) COBRA op 6-11% push (see actual TT look like) (ZAP) - [L] [CAL2],"PCO7.1.11F, Implemented",DC HW,2025-11-19T00:00:00,2025-11-19T06:48:28
excel_import,MARLIN,T-000490,,,,,TTR,,,,,,,excel_import|marlin|marlinct-1800,MARLINCT-1800,          1) Revisit T33 call - reduce qty & Sampling revs - [L] [PRE2-FNC2],"PCO7.1.11K, Implemented",DC HW,2025-11-16T00:00:00,2025-11-19T06:48:28
excel_import,MARLIN,T-000491,,,,,TTR,,,,,,,excel_import|marlin|marlinct-1798,MARLINCT-1798,"          2)TTR: PCBA_SCRN_T102 Optimization - [L] [PRE2, CRT2, PWT]","PCO7.1.11K, Implemented",DC HW,2025-11-16T00:00:00,2025-11-19T06:48:28
excel_import,MARLIN,T-000492,,,,,TTR,,,,,,,excel_import|marlin|marlinct-1742,MARLINCT-1742,          3) Update BPI/TPI FMT viz PC file on HSMR - [L] [CAL2],"PCO7.1.11K, Implemented",Ops Eng,2025-11-16T00:00:00,2025-11-19T06:48:28
excel_import,MARLIN,T-000493,,,,,TTR,,,,,,,excel_import|marlin|marlinct-1807,MARLINCT-1807,          4) W/R Xfer Sampling Test - [L][FIN2],"PCO7.1.11K, Implemented",Ops Eng,2025-11-16T00:00:00,2025-11-19T06:48:28
excel_import,MARLIN,T-000494,,,,,TTR,,,,,,,excel_import|marlin|marlinct-1809,MARLINCT-1809,          5) FIN2 HAMR file 100 polling optimization - [L][FIN2],"PCO7.1.11K, Implemented",Ops Eng,2025-11-16T00:00:00,2025-11-19T06:48:28
excel_import,MARLIN,T-000495,,,,,TTR,,,,,,,excel_import|marlin|marlinct-1815,MARLINCT-1815,          6) Download code process optimization or temp lock - [FIN2],"PCO7.1.11K, Implemented",Ops Eng,2025-11-16T00:00:00,2025-11-19T06:48:28
excel_import,MARLIN,T-000496,,,,,TTR,,,,,,,excel_import|marlin|marlinct-1828,MARLINCT-1828,          7) SF3_DPCO_CAL2 removal - [L][CAL2],"PCO7.1.11K, Implemented",DC HW,2025-11-16T00:00:00,2025-11-19T06:48:28
excel_import,MARLIN,T-000497,,,,,TTR,,,,,,,excel_import|marlin|marlinct-1821,MARLINCT-1821,          8) Write Opti - Read Reduction: 2 reads to 1 - [L][CAL2],"PCO7.1.11K, Implemented",DC HW,2025-11-16T00:00:00,2025-11-19T06:48:28
excel_import,MARLIN,T-000498,,,,,TTR,,,,,,,excel_import|marlin|marlinct-1799,MARLINCT-1799,          1) T461reduction / T461 during ZAP (do only even or odd zone) - [L] [PRE2-PWT],"PCO7.2.04F, Implemented",DC HW,2025-11-16T00:00:00,2025-11-19T06:48:28
excel_import,MARLIN,T-000499,,,,,TTR,,,,,,,excel_import|marlin|marlinct-1859,MARLINCT-1859,          2) TTR: Remove PRE2 prm_282_hiResVCMBodeTemp. - [L][PRE2],"PCO7.2.04F, Implemented",DC HW,2025-11-16T00:00:00,2025-11-19T06:48:28
excel_import,MARLIN,T-000500,,,,,TTR,,,,,,,excel_import|marlin|marlinct-1864,MARLINCT-1864,          3) ASSCI diag removal for TTR - [FIN2],"PCO7.2.04F, Implemented",DC HW,2025-11-16T00:00:00,2025-11-19T06:48:28
excel_import,MARLIN,T-000501,,,,,TTR,,,,,,,excel_import|marlin|marlinct-1865,MARLINCT-1865,"          4) TTR: PCBA_SCRN_T102 Optimization #2 - [PRE2,CRT2,PWT]","PCO7.2.04F, Implemented",,2025-11-16T00:00:00,2025-11-19T06:48:28
excel_import,MARLIN,T-000502,,,,,TTR,,,,,,,excel_import|marlin|marlinct-1757,MARLINCT-1757,          5) T299: Disable Track Center Search - [PRE2-PWT],"PCO7.2.04F, Implemented",,2025-11-16T00:00:00,2025-11-19T06:48:28
excel_import,MARLIN,T-000503,,,,,TTR,,,,,,,excel_import|marlin|marlinct-365 marlinct-1805,"MARLINCT-365
MARLINCT-1805",          6) HSMR write pass rml (PWT intercept) - [PWT],"PCO7.2.04F, Implemented",DC HW,2025-11-16T00:00:00,2025-11-19T06:48:28
excel_import,MARLIN,T-000504,,,,,TTR,,,,,,,excel_import|marlin|marlinct-1784 marlinct-1643 marlinct-1763,"MARLINCT-1784
MARLINCT-1643
MARLINCT-1763","           1) PROZ phase #1 (H-CMR mode) - [FNC2] - phase in 60%, 100% by month","cut-in 100%
 in FW2605 (6-Aug-25)",DC HW/DC TP,2025-11-16T00:00:00,2025-11-19T06:48:28
excel_import,MARLIN,T-000505,,,,,TTR,,,,,,,excel_import|marlin|marlinct-1853,MARLINCT-1853,          1) T47 change to accommodate SCOPY TTR change. [SCOPY],,,2025-11-16T00:00:00,2025-11-19T06:48:28
excel_import,MARLIN,T-000506,,,,,TTR,,,,,,,excel_import|marlin|marlinct-1861,MARLINCT-1861,"          2) Marlin - T33 calls - Reduce Rev - [L][PRE2,FNC2]",,DC HW,2025-11-16T00:00:00,2025-11-19T06:48:28
excel_import,MARLIN,T-000507,,,,,TTR,,,,,,,excel_import|marlin|marlinct-1889,MARLINCT-1889,          3) TTR opportunity of using DTS commmand - [L][FIN2],,,2025-11-16T00:00:00,2025-11-19T06:48:28
excel_import,MARLIN,T-000508,,,,,TTR,,,,,,,excel_import|marlin|marlinct-1911,MARLINCT-1911,          4) Small TTR- baud verification - [L][FIN2],,,2025-11-16T00:00:00,2025-11-19T06:48:28
excel_import,MARLIN,T-000509,,,,,TTR,,,,,,,excel_import|marlin|marlinct-1857,MARLINCT-1857,"          5) C0 sensitivity scoring from multi-rate to single-rate: - [PRE2, CAL]",,DC HW,2025-11-16T00:00:00,2025-11-19T06:48:28
excel_import,MARLIN,T-000510,,,,,TTR,,,,,,,excel_import|marlin|marlinct-1879,MARLINCT-1879,          6) T451 Random Pattern Generation 5% TTR - [CAL2],,,2025-11-16T00:00:00,2025-11-19T06:48:28
excel_import,MARLIN,T-000511,,,,,TTR,,,,,,,excel_import|marlin|marlinct-1958,MARLINCT-1958,"       1) TTR: T282 reduce ""idle time"" - [PRE2, CAL]",,,2025-11-16T00:00:00,2025-11-19T06:48:28
excel_import,MARLIN,T-000512,,,,,TTR,,,,,,,excel_import|marlin|marlinct-1984,MARLINCT-1984,"       2) Project to remove UACT1 ""milli"" actuator Bode",,,2025-11-16T00:00:00,2025-11-19T06:48:28
excel_import,MARLIN,T-000513,,,,,TTR,,,,,,,excel_import|marlin|marlinct-2012,MARLINCT-2012,       3) T282 – Bode convergence check,,,2025-11-16T00:00:00,2025-11-19T06:48:28
excel_import,MARLIN,T-000514,,,,,TTR,,,,,,,excel_import|marlin|marlinct-1676,MARLINCT-1676,       5) TCG_PREP EC11087 improvment [FIN2],"In PCO7.207, need investigate",,2025-11-16T00:00:00,2025-11-19T06:48:28
excel_import,MARLIN,T-000515,,,,,TTR,,,,,,,excel_import|marlin|marlinct-2008,MARLINCT-2008,       1) TTR: ZAP Seek Path Optimization ( PROZ/OCZ ) [EWC T275] - [FNC2],,,2025-11-16T00:00:00,2025-11-19T06:48:28
excel_import,MARLIN,T-000516,,,,,TTR,,,,,,,excel_import|marlin|marlinct-2100,MARLINCT-2100,       2) LASER_INIT process optimize,,,2025-11-16T00:00:00,2025-11-19T06:48:28
excel_import,MARLIN,T-000517,,,,,TTR,,,,,,,excel_import|marlin|marlinct-1916,MARLINCT-1916,       3) T2108 Read TTR by increasing CertTrkStep (SkInc) to 75 from default 30 [FNC2],,,2025-11-16T00:00:00,2025-11-19T06:48:28
excel_import,MARLIN,T-000518,,,,,TTR,,,,,,,excel_import|marlin|marlinct-2057,MARLINCT-2057,"       4) EWC Radical malloc (15hrs) [CAL, CAL2,FNC2] (New)",,,2025-11-16T00:00:00,2025-11-19T06:48:28
excel_import,MARLIN,T-000519,,,,,TTR,,,,,,,excel_import|marlin|marlinct-1901,MARLINCT-1901,       7) PC compression(Save state)- about 7 hrs,,,2025-11-16T00:00:00,2025-11-19T06:48:28
excel_import,MARLIN,T-000520,,,,,TTR,,,,,,,excel_import|marlin|marlinct-1754,MARLINCT-1754,       8) STFL Enable for SMR only ,,,2025-11-16T00:00:00,2025-11-19T06:48:28
excel_import,MARLIN,T-000521,,,,,TTR,,,,,,,excel_import|marlin|marlinct-2131,MARLINCT-2131 ,       1) DRAM test during soak test,,,2025-11-16T00:00:00,2025-11-19T06:48:28
excel_import,MARLIN,T-000522,,,,,TTR,,,,,,,excel_import|marlin|marlinct-2143,MARLINCT-2143,       2) Remove extra t461 BER measurements around ZA,,,2025-11-16T00:00:00,2025-11-19T06:48:28
excel_import,MARLIN,T-000523,,,,,TTR,,,,,,,excel_import|marlin|marlinct-2159,MARLINCT-2159,       3) Sample PSV_SCOPY_QUALITY state in PRE2.,,,2025-11-16T00:00:00,2025-11-19T06:48:28
excel_import,MARLIN,T-000524,,,,,TTR,,,,,,,excel_import|marlin|marlinct-1948,MARLINCT-1948,"       4) T285 DRCM optimize servo sector step iteration. [PRE2,PWT]",In PCO7.3.01 onward,,2025-11-16T00:00:00,2025-11-19T06:48:28
excel_import,MARLIN,T-000525,,,,,TTR,,,,,,,excel_import|marlin|marlinct-1868,MARLINCT-1868,       5) Reduce redundance VBAR ATI - [L][CAL2],Apply fix intercept PWT issue,Ops Eng,2025-11-16T00:00:00,2025-11-19T06:48:28
excel_import,MARLIN,T-000526,,,,,TTR,,,,,,,excel_import|marlin|marlinct-2210,MARLINCT-2210,"        7) WPOPTI: Pickup of SF3 TTR, and PF3 TTR   (2.5+1 hrs)",Already in PCO7.3.03,,2025-11-16T00:00:00,2025-11-19T06:48:28
excel_import,MARLIN,T-000527,,,,,TTR,,,,,,,excel_import|marlin|marlinct-1704,MARLINCT-1704,       1) FPW CAL2 removal (45hrs) - (Can enable by CMS),"Pending RGA, CP WW20",,2025-11-16T00:00:00,2025-11-19T06:48:28
excel_import,MARLIN,T-000528,,,,,TTR,,,,,,,excel_import|marlin|marlinct-1913,MARLINCT-1913,      2) TA scan feed forward - [H][SCOPY],US DC develop base Summit,DC HW,2025-11-16T00:00:00,2025-11-19T06:48:28
excel_import,MARLIN,T-000529,,,,,TTR,,,,,,,excel_import|marlin|marlinct-2217,MARLINCT-2217,       3) Active Servo Flaw Table (ASFT) build algorithm change,,,2025-11-16T00:00:00,2025-11-19T06:48:28
excel_import,MARLIN,T-000530,,,,,TTR,,,,,,,excel_import|marlin|marlinct-2200,MARLINCT-2200,       2) Opti settling bypass BIE,,,2025-11-16T00:00:00,2025-11-19T06:48:28
excel_import,MARLIN,T-000531,,,,,TTR,,,,,,,excel_import|marlin|marlinct-2201,MARLINCT-2201,       3) Increase Opti LC_Delay step size from 2 to 4,,,2025-11-16T00:00:00,2025-11-19T06:48:28
excel_import,MARLIN,T-000532,,,,,TTR,,,,,,,excel_import|marlin|marlinct-2202,MARLINCT-2202,       4) apply Increase Opti LC_Delay step size from 2 to 4 to all opti calls,,,2025-11-16T00:00:00,2025-11-19T06:48:28
excel_import,MARLIN,T-000533,,,,,TTR,,,,,,,excel_import|marlin|marlinct-2122,MARLINCT-2122,       1) BER collection removal/reduce t25 rev/RRO screen removal,,,2025-11-19T00:00:00,2025-11-19T06:48:28
excel_import,MARLIN,T-000534,,,,,TTR,,,,,,,excel_import|marlin|marlinct-1867,MARLINCT-1867,       2) VBAR ATI prediction ML - [L][CAL2] - ? hr - require TVM separate,Task checkout,Ops Eng,2025-11-16T00:00:00,2025-11-19T06:48:28
excel_import,MARLIN,T-000535,,,,,TTR,,,,,,,excel_import|marlin|marlinct-1820,MARLINCT-1820,       3) VBAR lacer PRE2 predict ML phase 1 - [H][PRE2] - 1hr,Study by Korat,Ops Eng,2025-11-16T00:00:00,2025-11-19T06:48:28
excel_import,MARLIN,T-000536,,,,,TTR,,,,,,,excel_import|marlin|marlinct-1846,MARLINCT-1846,2) Optimize sorting time  (H-SMR mode) -  [L] [FNC2],Include in PCO7.2.10A,Ops Eng,2025-11-16T00:00:00,2025-11-19T06:48:28
excel_import,MARLIN,T-000537,,,,,TTR,,,,,,,excel_import|marlin|marlinct-2117,MARLINCT-2117,"3) ZAP 1-rev [FNC2][H] (maximum 60hr, projected 30 )- not allow",Pending code release (15Aug),Ops Eng,2025-11-16T00:00:00,2025-11-19T06:48:28
excel_import,MARLIN,T-000538,,,,,TTR,,,,,,,excel_import|marlin|marlinct-2157,MARLINCT-2157,        4) VBAR_WP OPTI write by conds [CAL2] [M](projected 4),develop,,2025-11-16T00:00:00,2025-11-19T06:48:28
excel_import,MARLIN,T-000539,,,,,TTR,,,,,,,excel_import|marlin|tsr-6211,TSR-6211,        1) SMR POML  (12 hrs),"Require TIST 30x, TVM60
Control / TTR",,2025-11-16T00:00:00,2025-11-19T06:48:28
excel_import,MARLIN,T-000540,,,,,TTR,,,,,,,excel_import|marlin|marlinct-2226,MARLINCT-2226,        2) SF3 reloadRAP eval,,,2025-11-16T00:00:00,2025-11-19T06:48:28
excel_import,MARLIN,T-000541,,,,,TTR,,,,,,,excel_import|marlin|1905,1905,       1) Soak Removal - [H][SPIN] [plan complere ww32] (120 hr),,DC HW,2025-11-16T00:00:00,2025-11-19T06:48:28
excel_import,MARLIN,T-000542,,,,,TTR,,,,,,,excel_import|marlin|tsr-4468 marlinct-1749,"TSR-4468
MARLINCT-1749",        2) Bank write Phase1 -  FPW b4VBAR optimize by T463 (Bank Write) - [H][CAL2],Developing by US & Korat,DC TP/Op Eng,2025-11-16T00:00:00,2025-11-19T06:48:28
excel_import,MARLIN,T-000543,,,,,TTR,,,,,,,excel_import|marlin|need jira,Need Jira,       1) Leverage items from Summit,"Global / SSDC, reviwoing ",,2025-11-19T00:00:00,2025-11-19T06:48:28
excel_import,MARLIN,T-000544,,,,,TTR,,,,,,,excel_import|marlin|disc-13649,DISC-13649,       1) Remove duplicate T461 (CAL_BER) - [L][PRE2-PWT],Task checkout,Ops Eng,2025-11-16T00:00:00,2025-11-19T06:48:28
excel_import,MARLIN,T-000545,,,,,TTR,,,,,,,excel_import|marlin|tbd,TBD,        1) MQM removal 100%,Evaluation,Ops Eng/DC HW,2025-11-19T00:00:00,2025-11-19T06:48:28
excel_import,MARLIN,T-000546,,,,,TTR,,,,,,,excel_import|marlin|marlinct-2018,MARLINCT-2018,       6) Reducing the SkDly in t135 from 20ms to 0ms for AFH1_LOCD,,,2025-11-19T00:00:00,2025-11-19T06:48:28
excel_import,MARLIN,T-000547,,,,,TTR,,,,,,,excel_import|marlin|tsr-4851 marlinct-1890,"TSR-4851
MARLINCT-1890",       4) Nimbus Split Temp (No wait Time) - Already in PCO7.2.05,SF3 developing,DC HW,2025-11-16T00:00:00,2025-11-19T06:48:28
excel_import,MARLIN,T-000548,,,,,TTR,,,,,,,excel_import|marlin|marlinct-1833,MARLINCT-1833,      2) Weld After Assembly - [H][PWT],Study by Korat,Ops Eng,2025-11-16T00:00:00,2025-11-19T06:48:28
excel_import,MARLIN,T-000549,,,,,TTR,,,,,,,excel_import|marlin|marlinct-1782,MARLINCT-1782,      3) FMT certify by condition - [H][FIN2],Study by DC,DC HW,2025-11-16T00:00:00,2025-11-19T06:48:28
excel_import,MARLIN,T-000550,,,,,TTR,,,,,,,excel_import|marlin|1908,1908,      5) T418 refractoring - [PRE2],Follow up status by CJ,DC HW,2025-11-16T00:00:00,2025-11-19T06:48:28
excel_import,MARLIN,T-000551,,,,,TTR,,,,,,,excel_import|marlin|1906,1906,      9) DOS threshold reduce quantitis of zone as we see some more margin,Study by DC,DC HW,2025-11-16T00:00:00,2025-11-19T06:48:28
excel_import,MARLIN,T-000552,,,,,TTR,,,,,,,excel_import|marlin|fwsd-6603,FWSD-6603,     11) Merge Master Format and SinglePassFlawScan (SPFS),,DC-FW,2025-11-16T00:00:00,2025-11-19T06:48:28
excel_import,MARLIN,T-000553,,,,,TTR,,,,,,,excel_import|marlin|,,Release checkout (4H) - ww16,,,2025-11-19T00:00:00,2025-11-19T06:48:28
excel_import,SUMMIT,T-000554,,,,,TTR,,,,,,,excel_import|summit|summit-1187,SUMMIT-1187,        POML OTF,Done,RW LCO&Korat FW / RTE,2025-11-16T00:00:00,2025-11-19T06:48:28
excel_import,SUMMIT,T-000555,,,,,TTR,,,,,,,excel_import|summit|summit-1200,"SUMMIT-1200	",        POML WW,Done,RW LCO&Korat FW / PE&RTE,2025-11-16T00:00:00,2025-11-19T06:48:28
excel_import,SUMMIT,T-000556,,,,,TTR,,,,,,,excel_import|summit|summit-1376,SUMMIT-1376,        T102 optimize,Done,Korat FW / LCO SF3,2025-11-16T00:00:00,2025-11-19T06:48:28
excel_import,SUMMIT,T-000557,,,,,TTR,,,,,,,excel_import|summit|summit-1132,SUMMIT-1132,        ZAP Audit optimize (3.5.0C),Done,Servo SSDC / TCO PF3,2025-11-16T00:00:00,2025-11-19T06:48:28
excel_import,SUMMIT,T-000558,,,,,TTR,,,,,,,excel_import|summit|summit-1188,SUMMIT-1188,       T299 Reduce num wirte (3.5.0C),Done,Korat FW / TCO PF3,2025-11-16T00:00:00,2025-11-19T06:48:28
excel_import,SUMMIT,T-000559,,,,,TTR,,,,,,,excel_import|summit|summit-1189,SUMMIT-1189,        Power cycle optimize,Done,Korat FW / LCO SF3,2025-11-16T00:00:00,2025-11-19T06:48:28
excel_import,SUMMIT,T-000560,,,,,TTR,,,,,,,excel_import|summit|summit-1450,SUMMIT-1450,T299 opti RAP saving ,Done,Korat FW/ SSDC,2025-11-16T00:00:00,2025-11-19T06:48:28
excel_import,SUMMIT,T-000561,,,,,TTR,,,,,,,excel_import|summit|summit-1430,SUMMIT-1430,T130 optimize,Done,SG SW team,2025-11-16T00:00:00,2025-11-19T06:48:28
excel_import,SUMMIT,T-000562,,,,,TTR,,,,,,,excel_import|summit|summit-1481,SUMMIT-1481,T297 optimize,Done,SSDC,2025-11-16T00:00:00,2025-11-19T06:48:28
excel_import,SUMMIT,T-000563,,,,,TTR,,,,,,,excel_import|summit|summit-1479,SUMMIT-1479,Opti HME compoment CAL2,Done,Korat FW,2025-11-16T00:00:00,2025-11-19T06:48:28
excel_import,SUMMIT,T-000564,,,,,TTR,,,,,,,excel_import|summit|summit-1502,SUMMIT-1502,TTR- Disable MT50/10 measurements (Test269),Done,SSDC,2025-11-16T00:00:00,2025-11-19T06:48:28
excel_import,SUMMIT,T-000565,,,,,TTR,,,,,,,excel_import|summit|summit-1526,SUMMIT-1526,BER_OPTI remove redundant repeated T461,Done,SSDC,2025-11-16T00:00:00,2025-11-19T06:48:28
excel_import,SUMMIT,T-000566,,,,,TTR,,,,,,,excel_import|summit|summit-1374,SUMMIT-1374,Update boost opti range for more stable zn to zn CTF,Done,SSDC,2025-11-16T00:00:00,2025-11-19T06:48:28
excel_import,SUMMIT,T-000567,,,,,TTR,,,,,,,excel_import|summit|summit-1343,SUMMIT-1343,Reduce num of read  (VBAR WP) (pull in),Done,Korat FW,2025-11-16T00:00:00,2025-11-19T06:48:28
excel_import,SUMMIT,T-000568,,,,,TTR,,,,,,,excel_import|summit|summit-1345,SUMMIT-1345,TTR BPI - TPI FMT update (Pull in),Done,Korat FW,2025-11-16T00:00:00,2025-11-19T06:48:28
excel_import,SUMMIT,T-000569,,,,,TTR,,,,,,,"excel_import|summit|summit-1431, summit-1580","SUMMIT-1431,
SUMMIT-1580",SPFS with SkInc optimization (CMR/ SMR),Done,SG SW team,2025-11-16T00:00:00,2025-11-19T06:48:28
excel_import,SUMMIT,T-000570,,,,,TTR,,,,,,,excel_import|summit|summit-1314,SUMMIT-1314,TTR T297 optimize data collection CAL2 (Pull in),Done,SSDC,2025-11-16T00:00:00,2025-11-19T06:48:28
excel_import,SUMMIT,T-000571,,,,,TTR,,,,,,,excel_import|summit|summit-366,SUMMIT-366,"PROZ from preamp allocation as of Feb10,2025 (50% to 100%)",Done,CT & US Test process,2025-11-16T00:00:00,2025-11-19T06:48:28
excel_import,SUMMIT,T-000572,,,,,TTR,,,,,,,excel_import|summit|summit-1863,SUMMIT-1863,BER_OPTI Variable spare (Pull in),Done,Ops Eng,2025-11-16T00:00:00,2025-11-19T06:48:28
excel_import,SUMMIT,T-000573,,,,,TTR,,,,,,,excel_import|summit|summit-1708,SUMMIT-1708,"Reduce T299 Numwrt  (CAL2,  PWT), focus Expand",Done,DE/ Korat FW,2025-11-16T00:00:00,2025-11-19T06:48:28
excel_import,SUMMIT,T-000574,,,,,TTR,,,,,,,excel_import|summit|summit-1202/ summit-1850,"SUMMIT-1202/
SUMMIT-1850 ","FINE_UJOG_INIT TTR (Goby) by condition (CAL2-CMR/HSMR)
",Done,Korat FW,2025-11-16T00:00:00,2025-11-19T06:48:28
excel_import,SUMMIT,T-000575,,,,,TTR,,,,,,,excel_import|summit|summit-1757,SUMMIT-1757,TTR: Remove SWD_CAL SkipWriteDetect_198 (CAL2/ CRT2),Done,SSDC,2025-11-16T00:00:00,2025-11-19T06:48:28
excel_import,SUMMIT,T-000576,,,,,TTR,,,,,,,excel_import|summit|summit-1576/ tsr-4093,"SUMMIT-1576/
TSR-4093",TTR on Summit CMR PWT VARIABLE_SPARES (TT -1.5),Done,SSDC,2025-11-16T00:00:00,2025-11-19T06:48:28
excel_import,SUMMIT,T-000577,,,,,TTR,,,,,,,excel_import|summit|summit-1834,SUMMIT-1834,"Remove T298 in T299_ATI and WRITE_SCRN (FNC2, PWT)",Done,Wuxi FW,2025-11-16T00:00:00,2025-11-19T06:48:28
excel_import,SUMMIT,T-000578,,,,,TTR,,,,,,,excel_import|summit|summit-1703,"
SUMMIT-1703","Special 24 hrs TTR, Pick only CRT2 T299 (CRT2)",Done,Korat FW,2025-11-16T00:00:00,2025-11-19T06:48:28
excel_import,SUMMIT,T-000579,,,,,TTR,,,,,,,excel_import|summit|summit-1509,SUMMIT-1509,   TTR- Reduced BER measure WPOPTI (CAL2),Done,SSDC,2025-11-16T00:00:00,2025-11-19T06:48:28
excel_import,SUMMIT,T-000580,,,,,TTR,,,,,,,excel_import|summit|summit-1545,SUMMIT-1545,   TTR: T451 increase step size from 2 to 4 for LC_DELAY_SDW (CAL2),Done,SSDC,2025-11-16T00:00:00,2025-11-19T06:48:28
excel_import,SUMMIT,T-000581,,,,,TTR,,,,,,,excel_import|summit|summit-1563,SUMMIT-1563,   VBAR ATI reduce redundance (CAL2),Done,Korat FW ,2025-11-16T00:00:00,2025-11-19T06:48:28
excel_import,SUMMIT,T-000582,,,,,TTR,,,,,,,excel_import|summit|summit-1511,SUMMIT-1511,Archor zn opti in Derived opti to rmv Read Opti OD,Done,SSDC TP/ ARS,2025-11-16T00:00:00,2025-11-19T06:48:28
excel_import,SUMMIT,T-000583,,,,,TTR,,,,,,,excel_import|summit|summit-1896,SUMMIT-1896,Remove prm_461_ReadOffsets in CAL2 BER_OPTI & FNC2 BER_SPFS,Done,SSDC TP,2025-11-16T00:00:00,2025-11-19T06:48:28
excel_import,SUMMIT,T-000584,,,,,TTR,,,,,,,excel_import|summit|summit-1878,SUMMIT-1878,TTR: Remove T315,Done,SSDC TP/DC HW,2025-11-16T00:00:00,2025-11-19T06:48:28
excel_import,SUMMIT,T-000585,,,,,TTR,,,,,,,excel_import|summit|summit-1501,SUMMIT-1501,TTR- OD_PAD_MQM removal,Done,SSDC,2025-11-16T00:00:00,2025-11-19T06:48:28
excel_import,SUMMIT,T-000586,,,,,TTR,,,,,,,excel_import|summit|summit-1853,SUMMIT-1853,Opti Settling bypass BIE into Summit branch for TTR,Done,SSDC TP/ ARS,2025-11-16T00:00:00,2025-11-19T06:48:28
excel_import,SUMMIT,T-000587,,,,,TTR,,,,,,,"excel_import|summit|summit-1612, summit-1772","SUMMIT-1612,
SUMMIT-1772",   T299 optimize track center (FNC2),Done,Korat FW / ARS,2025-11-19T00:00:00,2025-11-19T06:48:28
excel_import,SUMMIT,T-000588,,,,,TTR,,,,,,,excel_import|summit|summit-1845,SUMMIT-1845,Improve VBAR findMargin function speed,Done,SSDC TP/,2025-11-16T00:00:00,2025-11-19T06:48:28
excel_import,SUMMIT,T-000589,,,,,TTR,,,,,,,excel_import|summit|summit-1898,SUMMIT-1898,TTR remove SAVE_STATE at SCOPY and PRE2,Done,Korat FW,2025-11-16T00:00:00,2025-11-19T06:48:28
excel_import,SUMMIT,T-000590,,,,,TTR,,,,,,,excel_import|summit|summit-1715,SUMMIT-1715,ProZ : P90/Test time reduction improvement (FNC2),Done,Korat FW ,2025-11-16T00:00:00,2025-11-19T06:48:28
excel_import,SUMMIT,T-000591,,,,,TTR,,,,,,,excel_import|summit|summit-1861,SUMMIT-1861,TTR: PCBA_SCRN_T102 Optimization,Done,Korat FW,2025-11-16T00:00:00,2025-11-19T06:48:28
excel_import,SUMMIT,T-000592,,,,,TTR,,,,,,,excel_import|summit|summit-1765,SUMMIT-1765,TTR: T193 test time reduction,Done,SoonWah/Ying Jin,2025-11-16T00:00:00,2025-11-19T06:48:28
excel_import,SUMMIT,T-000593,,,,,TTR,,,,,,,"excel_import|summit|summit-1031, summit-1880","SUMMIT-1031, SUMMIT-1880",TTR : T150 measure only servo primary reader,Done,Korat FW,2025-11-16T00:00:00,2025-11-19T06:48:28
excel_import,SUMMIT,T-000594,,,,,TTR,,,,,,,excel_import|summit|summit-1824,SUMMIT-1824,TTR: T335 reduce number of test tracks on STM scan and GC scan,Done,SSDC TP/ ARS,2025-11-16T00:00:00,2025-11-19T06:48:28
excel_import,SUMMIT,T-000595,,,,,TTR,,,,,,,excel_import|summit|summit-1929,SUMMIT-1929,TTR : Remove PES_SCRN_RD_MODE T33 on read offset in FNC2,Done,Zay Yar,2025-11-16T00:00:00,2025-11-19T06:48:28
excel_import,SUMMIT,T-000596,,,,,TTR,,,,,,,excel_import|summit|summit-1916,SUMMIT-1916,TTR opportunity of using DTS command,Done,Yihua/JiYun,2025-11-16T00:00:00,2025-11-19T06:48:28
excel_import,SUMMIT,T-000597,,,,,TTR,,,,,,,excel_import|summit|summit-1854,SUMMIT-1854,TTR: T451 increase step size from 2 to 4 for LC_DELAY_SDW (register ID 2164) for test time saving for all T451,Done,SSDC TP/ ARS,2025-11-16T00:00:00,2025-11-19T06:48:28
excel_import,SUMMIT,T-000598,,,,,TTR,,,,,,,excel_import|summit|summit-1033,SUMMIT-1033,ATI write optimization in WP (Implement Version),Done,Sitthichai/Rick M.,2025-11-16T00:00:00,2025-11-19T06:48:28
excel_import,SUMMIT,T-000599,,,,,TTR,,,,,,,excel_import|summit|summit-1913,SUMMIT-1913,TTR: Remove LUL flawscan in fnc2,Done,Prasanna/Dipesh,2025-11-16T00:00:00,2025-11-19T06:48:28
excel_import,SUMMIT,T-000600,,,,,TTR,,,,,,,excel_import|summit|summit-1938,SUMMIT-1938,Remove T285 in CAL state CAL_SERVO_285,Done,Wuxi FW,2025-11-16T00:00:00,2025-11-19T06:48:28
excel_import,SUMMIT,T-000601,,,,,TTR,,,,,,,excel_import|summit|summit-1958,SUMMIT-1958,Scopy RSEED - Remove VCAT Calibration at step4,Done,BJ/Servo,2025-11-16T00:00:00,2025-11-19T06:48:28
excel_import,SUMMIT,T-000602,,,,,TTR,,,,,,,excel_import|summit|summit-1872,SUMMIT-1872,TTR: Summit EAW (Erase After Write) Test Zone Reduction,Done,Korat FW/ Warachai S.,2025-11-16T00:00:00,2025-11-19T06:48:28
excel_import,SUMMIT,T-000603,,,,,TTR,,,,,,,excel_import|summit|summit-1987,SUMMIT-1987, Enhance TTR Reduce zone W/R XFER (PWT),Done,Korat FW,2025-11-16T00:00:00,2025-11-19T06:48:28
excel_import,SUMMIT,T-000604,,,,,TTR,,,,,,,excel_import|summit|summit-1692,SUMMIT-1692,TTR: Summit HSMR SPFS with SkInc optimization,Done,SG SW team,2025-11-16T00:00:00,2025-11-19T06:48:28
excel_import,SUMMIT,T-000605,,,,,TTR,,,,,,,excel_import|summit|summit-1839,SUMMIT-1839,POML SMR - PCO3.5.0J_VC1C,Done,Korat FW/RW LCO,2025-11-16T00:00:00,2025-11-19T06:48:28
excel_import,SUMMIT,T-000606,,,,,TTR,,,,,,,excel_import|summit|summit-1445,SUMMIT-1445,SQUEEZE_OFFSET_INIT (SMR) ,Done,Korat FW,2025-11-16T00:00:00,2025-11-19T06:48:28
excel_import,SUMMIT,T-000607,,,,,TTR,,,,,,,excel_import|summit|summit-1825,SUMMIT-1825,Reduce PES(T33) test revs from 32 to 16 (FNC2),Done,Wuxi FW/ Korat FW,2025-11-19T00:00:00,2025-11-19T06:48:28
excel_import,SUMMIT,T-000608,,,,,TTR,,,,,,,excel_import|summit|summit-1971/1921,SUMMIT-1971/1921,T282 C0 sensitivity scoring from multi-rate to single-rate,Done,Servo DC / Korat FW,2025-11-16T00:00:00,2025-11-19T06:48:28
excel_import,SUMMIT,T-000609,,,,,TTR,,,,,,,excel_import|summit|summit-1950,SUMMIT-1950,TTR: T285 DRCM optimize servo sector step iteration,Done,,2025-11-16T00:00:00,2025-11-19T06:48:28
excel_import,SUMMIT,T-000610,,,,,TTR,,,,,,,excel_import|summit|summit-1981,SUMMIT-1981,TTR: CERT portion Powercycle,Done,,2025-11-16T00:00:00,2025-11-19T06:48:28
excel_import,SUMMIT,T-000611,,,,,TTR,,,,,,,excel_import|summit|summit-2030,SUMMIT-2030,"TTR: T282 reduce ""idle time""",Done,,2025-11-16T00:00:00,2025-11-19T06:48:28
excel_import,SUMMIT,T-000612,,,,,TTR,,,,,,,excel_import|summit|summit-2068,SUMMIT-2068,Reduction of Test Loops of PWT: SEEK_TEST_PWT State,Done,,2025-11-16T00:00:00,2025-11-19T06:48:28
excel_import,SUMMIT,T-000613,,,,,TTR,,,,,,,excel_import|summit|summit-2070,SUMMIT-2070,Temporary Disable New Servo Reader Selection TTR-T163,Done,,2025-11-16T00:00:00,2025-11-19T06:48:28
excel_import,SUMMIT,T-000614,,,,,TTR,,,,,,,excel_import|summit|summit-1701,SUMMIT-1701,Temporary State Removal (CRT2),Done,,2025-11-19T00:00:00,2025-11-19T06:48:28
excel_import,SUMMIT,T-000615,,,,,TTR,,,,,,,excel_import|summit|summit-2064,SUMMIT-2064,Temporary State Removal (CRT2),Done,,2025-11-19T00:00:00,2025-11-19T06:48:28
excel_import,SUMMIT,T-000616,,,,,TTR,,,,,,,excel_import|summit|summit-2077,SUMMIT-2077,Remove SF3 Weld before CERT.,,,2025-11-16T00:00:00,2025-11-19T06:48:28
excel_import,SUMMIT,T-000617,,,,,TTR,,,,,,,excel_import|summit|summit-1435 / 1398 & 1042,SUMMIT-1435 / 1398 & 1042,T451 new derived method + Adding RegID 0x0903 sweeping,Pending PCO integration / fix by Jira 1829,SSDC,2025-11-16T00:00:00,2025-11-19T06:48:28
excel_import,SUMMIT,T-000618,,,,,TTR,,,,,,,excel_import|summit|summit-1302,SUMMIT-1302,TA scan FF TTR/ TA scan Cell#3 TTR (25 to 12.5) ,Pending implement,SSDC & RW LCO,2025-11-16T00:00:00,2025-11-19T06:48:28
excel_import,SUMMIT,T-000619,,,,,TTR,,,,,,,excel_import|summit|summit-2078,SUMMIT-2078,Remove T240 Zn1 in write screen state (temp) 300dppm,,,2025-11-19T00:00:00,2025-11-19T06:48:28
excel_import,SUMMIT,T-000620,,,,,TTR,,,,,,,excel_import|summit|summit-2162,SUMMIT-2162,Summit T282 TTR Improvement via Single FLASH Update Post SNO Tuning (New Servo xx64),Done,Servo/DC,2025-11-16T00:00:00,2025-11-19T06:48:28
excel_import,SUMMIT,T-000621,,,,,TTR,,,,,,,excel_import|summit|summit-2155,SUMMIT-2155,T282 - Bode Convergence,Done,Servo/DC,2025-11-16T00:00:00,2025-11-19T06:48:28
excel_import,SUMMIT,T-000622,,,,,TTR,,,,,,,excel_import|summit|summit-1996,SUMMIT-1996,TTR: Optimize T461 Flow,Done,Korat FW,2025-11-16T00:00:00,2025-11-19T06:48:28
excel_import,SUMMIT,T-000623,,,,,TTR,,,,,,,excel_import|summit|summit-2274,SUMMIT-2274,"TTR: FINE_UJOG_INIT GobyLite (for PK1, unlock condition)",Done,Korat FW,2025-11-16T00:00:00,2025-11-19T06:48:28
excel_import,SUMMIT,T-000624,,,,,TTR,,,,,,,excel_import|summit|summit-1597,SUMMIT-1597,(SMR) Investigate SMR uJOG Optimization for TTR and Robustness,"Done
PCO3.7.3C1",SSDC TP/ ARS,2025-11-16T00:00:00,2025-11-19T06:48:28
excel_import,SUMMIT,T-000625,,,,,TTR,,,,,,,excel_import|summit|summit-1881,SUMMIT-1881,TTR: MSMR dual reader test by condition (from single reader),Done,Korat FW,2025-11-19T00:00:00,2025-11-19T06:48:28
excel_import,SUMMIT,T-000626,,,,,TTR,,,,,,,excel_import|summit|fwsd-6603/ summit-1943/,"FWSD-6603/
SUMMIT-1943/",TTR: CMR Skip Track Format Certify,"Tighten FNC2 4hrs, Slow runner rerun 2%",Abhay/ Kelly's team,2025-11-16T00:00:00,2025-11-19T06:48:28
excel_import,SUMMIT,T-000627,,,,,TTR,,,,,,,excel_import|summit|summit-2226,SUMMIT-2226,CMR Skip Track Format Certify NMD improvement,"Tighten FNC2 4hrs, Slow runner rerun 2%",DC/ PE,2025-11-16T00:00:00,2025-11-19T06:48:28
excel_import,SUMMIT,T-000628,,,,,TTR,,,,,,,excel_import|summit|summit-2230,SUMMIT-2230,SCOPY YIP#6,Pending implement,Servo/DC,2025-11-16T00:00:00,2025-11-19T06:48:28
excel_import,SUMMIT,T-000629,,,,,TTR,,,,,,,excel_import|summit|summit-1779,SUMMIT-1779,VBAR_ATI Prediction (CAL2),Pending implement,Korat FW (pull in),2025-11-16T00:00:00,2025-11-19T06:48:28
excel_import,SUMMIT,T-000630,,,,,TTR,,,,,,,excel_import|summit|summit-2086,SUMMIT-2086,TTR: Investigate further TTR in MSMR_SR_RDR_TST_2 by running through exceptions,Done,SSDC TP,2025-11-19T00:00:00,2025-11-19T06:48:28
excel_import,SUMMIT,T-000631,,,,,TTR,,,,,,,excel_import|summit|summit-2092,SUMMIT-2092,TTR: Investigate potential reduction in VBAR_SME1 iterations,Pending implement,SSDC TP,2025-11-16T00:00:00,2025-11-19T06:48:28
excel_import,SUMMIT,T-000632,,,,,TTR,,,,,,,excel_import|summit|summit-2273,SUMMIT-2273,TTR: T240 TEST ZONE by Condition #Phase2,Done,Korat FW,2025-11-19T00:00:00,2025-11-19T06:48:28
excel_import,SUMMIT,T-000633,,,,,TTR,,,,,,,excel_import|summit|summit-2266,SUMMIT-2266,TTR malloc on Goby - Seagate JIRA,Pending implement,US DC,2025-11-16T00:00:00,2025-11-19T06:48:28
excel_import,SUMMIT,T-000634,,,,,TTR,,,,,,,excel_import|summit|summit-2118,SUMMIT-2118,TTR: ZAP Seek Path Optimization ( PROZ/OCZ ),Pending implement,Servo/DC,2025-11-16T00:00:00,2025-11-19T06:48:28
excel_import,SUMMIT,T-000635,,,,,TTR,,,,,,,excel_import|summit|summit-2300,SUMMIT-2300,TTR: Remove 1>N28 from DNLD_CODE_TCG_SPT,Pending PCO integration,Kelly's team,2025-11-16T00:00:00,2025-11-19T06:48:28
excel_import,SUMMIT,T-000636,,,,,TTR,,,,,,,excel_import|summit|summit-2345,SUMMIT-2345,"TTR: PWT optimization: DNLD_CODE, enableDiags, Powercycle",Pending PCO integration,SSDC TP,2025-11-16T00:00:00,2025-11-19T06:48:28
excel_import,SUMMIT,T-000637,,,,,TTR,,,,,,,excel_import|summit|summit-2314 disc-cr0014255,"SUMMIT-2314
DISC-CR0014255",TTR: Integrated Milli/Micro Structure Bode Measurement with One-Shot SS1X Bode Measurement,Pending Development,Servo/DC,2025-11-16T00:00:00,2025-11-19T06:48:28
excel_import,SUMMIT,T-000638,,,,,TTR,,,,,,,excel_import|summit|summit-2096/ summit-2120 disc-cr0014268,"SUMMIT-2096/
SUMMIT-2120
DISC-CR0014268",TTR on LUL_TEST25 (Concern OD_PAD_MQM removal 1.2 hr) 2 hrs (was 2.5 hrs.),"SBR: SM04X373CAL
Reli result CP. FW2618",SSDC TP,2025-11-16T00:00:00,2025-11-19T06:48:28
excel_import,SUMMIT,T-000639,,,,,TTR,,,,,,,excel_import|summit|tsr-6784,TSR-6784,TTR: VM optimize ,,SSDC TP,2025-11-16T00:00:00,2025-11-19T06:48:28
excel_import,SUMMIT,T-000640,,,,,TTR,,,,,,,excel_import|summit|tsr-6527,TSR-6527,Channel Opti TTR in VBAR_ATI,,SSDC TP,2025-11-16T00:00:00,2025-11-19T06:48:28
excel_import,SUMMIT,T-000641,,,,,TTR,,,,,,,excel_import|summit|summit-2091,SUMMIT-2091,TTR: Investigate potential T299 DistlBndSz optimization in T299_EXPN_STE_SCRN,"TVM: SPQ-10720
1x failed - In Analysis
(ZYDBNJX0)",SSDC TP,2025-11-16T00:00:00,2025-11-19T06:48:28
excel_import,SUMMIT,T-000642,,,,,TTR,,,,,,,excel_import|summit|summit-1879,"SUMMIT-1879	",TTR: Investigate test time savings by reducing Number of writes in T299_ATI and T299_DS_ATI,"TVM: SPQ-10720
1x failed - In Analysis
(ZYDBNJX0)",SSDC TP,2025-11-16T00:00:00,2025-11-19T06:48:28
excel_import,SUMMIT,T-000643,,,,,TTR,,,,,,,excel_import|summit|disc-cr0014332,DISC-CR0014332,Remove WRITE_POWER_TCC State -- WRITE_POWER_TCC,,Chonnakarn,2025-11-16T00:00:00,2025-11-19T06:48:28
excel_import,SUMMIT,T-000644,,,,,TTR,,,,,,,excel_import|summit|disc-cr0014330,DISC-CR0014330,Remove 10 zone at P461_READ_OFFSET_SFR -- Write ability solo,,Thiansue,2025-11-16T00:00:00,2025-11-19T06:48:28
excel_import,SUMMIT,T-000645,,,,,TTR,,,,,,,excel_import|summit|disc-cr0014334,DISC-CR0014334,"Remove Zn2, 4, P461_BIE_MEAN_BY_TRACK  -- Write ability solo",,Thiansue,2025-11-16T00:00:00,2025-11-19T06:48:28
excel_import,SUMMIT,T-000646,,,,,TTR,,,,,,,excel_import|summit|disc-cr0014319,DISC-CR0014319,Fix T94 on non-PRE2 TA scan,,Rawinnipa,2025-11-16T00:00:00,2025-11-19T06:48:28
excel_import,SUMMIT,T-000647,,,,,TTR,,,,,,,excel_import|summit|disc-cr0014322,DISC-CR0014322,AFH optimize test zone to 8 from 11,,Pisit/AMared,2025-11-16T00:00:00,2025-11-19T06:48:28
excel_import,SUMMIT,T-000648,,,,,TTR,,,,,,,excel_import|summit|disc-cr0014323,DISC-CR0014323,Increase start DAC,,Pisit/Amared,2025-11-16T00:00:00,2025-11-19T06:48:28
excel_import,SUMMIT,T-000649,,,,,TTR,,,,,,,excel_import|summit|summit-2355,SUMMIT-2355,"TOPAZ Opt 1 (TgtRRO 0.029"")",,Servo/DC,2025-11-19T00:00:00,2025-11-19T06:48:28
excel_import,SUMMIT,T-000650,,,,,TTR,,,,,,,excel_import|summit|summit-2337,SUMMIT-2337,SCOPY spiral write (YIP#7),Need Fix - bank spiral write issue,Servo/DC,2025-11-16T00:00:00,2025-11-19T06:48:28
excel_import,SUMMIT,T-000651,,,,,TTR,,,,,,,excel_import|summit|tsr-6529,TSR-6529 ,TTR: T102 on PCBA Screen (SF3) + (new PF3),,Royce,2025-11-19T00:00:00,2025-11-19T06:48:28
excel_import,SUMMIT,T-000652,,,,,TTR,,,,,,,excel_import|summit|summit-2302,SUMMIT-2302,TTR: PCBA_SCRN extreme optimization. [T102 reduce loop],Under checkout,Korat FW,2025-11-16T00:00:00,2025-11-19T06:48:28
excel_import,SUMMIT,T-000653,,,,,TTR,,,,,,,excel_import|summit|summit-2279,SUMMIT-2279,TTR: Test 33 Seek Delay Improvement (SF3),,Servo/DC,2025-11-19T00:00:00,2025-11-19T06:48:28
excel_import,SUMMIT,T-000654,,,,,TTR,,,,,,,excel_import|summit|summit-2272,SUMMIT-2272,TTR: Reduce num write of zone 0 at VBAR_ATI,,Korat FW,2025-11-19T00:00:00,2025-11-19T06:48:28
excel_import,SUMMIT,T-000655,,,,,TTR,,,,,,,excel_import|summit|disc-cr0014225,DISC-CR0014225,TTR- T240 Predict Final Write,,Korat FW,2025-11-19T00:00:00,2025-11-19T06:48:28
excel_import,SUMMIT,T-000656,,,,,TTR,,,,,,,excel_import|summit|disc-cr0014269,DISC-CR0014269,T220 WP Opti bypass channel training and offset searches,,Korat FW/US DC,2025-11-16T00:00:00,2025-11-19T06:48:28
excel_import,SUMMIT,T-000657,,,,,TTR,,,,,,,excel_import|summit|summit-1432,SUMMIT-1432,CMR Skip Track Format Certify NMD improvement,,DC/ PE,2025-11-16T00:00:00,2025-11-19T06:48:28
excel_import,SUMMIT,T-000658,,,,,TTR,,,,,,,excel_import|summit|summit-1818,"
SUMMIT-1818","         (SMR) FMT certify by condition (25hrs) 
**Concern EC14184** Escape ~ 2.5%","SPQ-10644
SBR:  SMPEX13887
1x failed - In Analysis
(ZYDAQ0KR)",Abhay/Kelly's team,2025-11-16T00:00:00,2025-11-19T06:48:28
excel_import,SUMMIT,T-000659,,,,,TTR,,,,,,,excel_import|summit|summit-1914,SUMMIT-1914,TTR: T094 (Only Pre TA Scan),Pending implement,SSDC TP,2025-11-16T00:00:00,2025-11-19T06:48:28
excel_import,SUMMIT,T-000660,,,,,TTR,,,,,,,excel_import|summit|disc-cr0014267,DISC-CR0014267,Optimize T461 reduce zone in some state,,LeiWei,2025-11-16T00:00:00,2025-11-19T06:48:28
excel_import,SUMMIT,T-000661,,,,,TTR,,,,,,,excel_import|summit|summit-1900,SUMMIT-1900,Single Sector RMM + Zero Latency Writes,,DC,2025-11-16T00:00:00,2025-11-19T06:48:28
excel_import,SUMMIT,T-000662,,,,,TTR,,,,,,,excel_import|summit|summit-2327,SUMMIT-2327,TTR: New Servo Code xx66,Pending PCO integration,Servo/DC,2025-11-16T00:00:00,2025-11-19T06:48:28
excel_import,SUMMIT,T-000663,,,,,TTR,,,,,,,excel_import|summit|summit-1733,SUMMIT-1733,TTR: T297 SUMMIT TTR Plan (Phase 3),Pending drive eval,Sun Wah/Vitor Chew,2025-11-16T00:00:00,2025-11-19T06:48:28
excel_import,SUMMIT,T-000664,,,,,TTR,,,,,,,excel_import|summit|summit-1401,SUMMIT-1401,        Improve opti settle T451,Push out from 3.6,SSDC,2025-11-16T00:00:00,2025-11-19T06:48:28
excel_import,SUMMIT,T-000665,,,,,TTR,,,,,,,excel_import|summit|pending,Pending,Remove PWT SF3 portion​ for weld before CERT portion.,TBD,Korat PE/Korat FW,2025-11-19T00:00:00,2025-11-19T06:48:28
excel_import,SUMMIT,T-000666,,,,,TTR,,,,,,,excel_import|summit|summit-1851,SUMMIT-1851,Optimizing AFH Test 135 'start_dac' for Wrt/Rdr Htr,Cancel HDIG concern meas,SoonWah/Dick Martin,2025-11-16T00:00:00,2025-11-19T06:48:28
excel_import,SUMMIT,T-000667,,,,,TTR,,,,,,,excel_import|summit|summit-1846,SUMMIT-1846,"PC file compression (T231, T130)",Evaluating,Korat FW,2025-11-16T00:00:00,2025-11-19T06:48:28
excel_import,SUMMIT,T-000668,,,,,TTR,,,,,,,excel_import|summit|?,?,     4.10) PROZ enhance for TTR (SMR mode Sorting),Developing,Korat FW,2025-11-16T00:00:00,2025-11-19T06:48:28
excel_import,SUMMIT,T-000669,,,,,TTR,,,,,,,excel_import|summit|summit-1134,SUMMIT-1134,ZFS (20) - run on BRC5832,"SPQ-10649
SBR: SMPEXGGZFS",SSDC/ Korat SW-FW,2025-11-19T00:00:00,2025-11-19T06:48:28
excel_import,SUMMIT,T-000670,,,,,TTR,,,,,,,excel_import|summit|summit-1201,SUMMIT-1201,Enable XBAR (Memory optimize in ZAP),Evaluating,Servo DC/Korat FW,2025-11-16T00:00:00,2025-11-19T06:48:28
excel_import,SUMMIT,T-000671,,,,,TTR,,,,,,,excel_import|summit|summit-1756,SUMMIT-1756,Variable spare Enhance,TBD,Korat FW,2025-11-16T00:00:00,2025-11-19T06:48:28
excel_import,SUMMIT,T-000672,,,,,TTR,,,,,,,excel_import|summit|summit-2083,SUMMIT-2083,150x Channel speed up,TBD,DC,2025-11-16T00:00:00,2025-11-19T06:48:28
excel_import,SUMMIT,T-000673,,,,,TTR,,,,,,,excel_import|summit|tbd,TBD,T451 opti overhead,,US DC,2025-11-19T00:00:00,2025-11-19T06:48:28
excel_import,SUMMIT,T-000674,,,,,TTR,,,,,,,"excel_import|summit|summit-1595, summit-1868","SUMMIT-1595,
SUMMIT-1868",VM optimize (SSDC),Backout, SSDC,2025-11-16T00:00:00,2025-11-19T06:48:28
excel_import,SUMMIT,T-000675,,,,,TTR,,,,,,,excel_import|summit|summit-2276,SUMMIT-2276,TTR: Further improvements on TTR in VBAR_METRICS,Backout,SSDC TP,2025-11-16T00:00:00,2025-11-19T06:48:28
excel_import,SUMMIT,T-000676,,,,,TTR,,,,,,,"excel_import|summit|tsr-5008, summit-2280","TSR-5008, SUMMIT-2280",Add Fast MSMR Combined Reader Calculation mode to either T238 or T438,Backout,SSDC TP,2025-11-16T00:00:00,2025-11-19T06:48:28
excel_import,SUMMIT,T-000677,,,,,TTR,,,,,,,excel_import|summit|summit-2278,SUMMIT-2278,TTR: Sampling T240 Zn1 in write screen state.,Cancel,Korat FW,2025-11-16T00:00:00,2025-11-19T06:48:28
excel_import,SUMMIT,T-000678,,,,,TTR,,,,,,,excel_import|summit|summit-1197,SUMMIT-1197,T299 TTR-ML Zn prediction,Study by Korat,Korat FW,2025-11-16T00:00:00,2025-11-19T06:48:28
excel_import,SUMMIT,T-000679,,,,,TTR,,,,,,,excel_import|summit|risk,Risk ,Risk High TTR ,Status,Owner,2025-11-16T00:00:00,2025-11-19T06:48:28
excel_import,SUMMIT,T-000680,,,,,TTR,,,,,,,excel_import|summit|,,Gap to POR 3.0 (all risks),,,2025-11-19T00:00:00,2025-11-19T06:48:28
excel_import,SUMMIT,T-000681,,,,,TTR,,,,,,,excel_import|summit|summit-954,SUMMIT-954,T240 EAW,Developing ,Korat FW / ARS,2025-11-16T00:00:00,2025-11-19T06:48:28
excel_import,SUMMIT,T-000682,,,,,TTR,,,,,,,excel_import|summit|summit-1749,SUMMIT-1749,Remove MAVGRO in Summit,Done,SSDC,2025-11-19T00:00:00,2025-11-19T06:48:28
excel_import,SUMMIT,T-000683,,,,,TTR,,,,,,,excel_import|summit|summit-1031,SUMMIT-1031,Lin screen opti,Study,Korat FW / LCO Servo,2025-11-16T00:00:00,2025-11-19T06:48:28
excel_import,SUMMIT,T-000684,,,,,TTR,,,,,,,excel_import|summit|h,H,T299 ATI optimize test zone,Study,Korat FW / LCO ARS,2025-11-19T00:00:00,2025-11-19T06:48:28
excel_import,DORADO,T-000685,,,,,TTR,,,,,,,excel_import|dorado|dorado-950,Dorado-950,Reduct T87 overhead loop in laser cal function  ,,,2025-11-16T00:00:00,2025-11-19T06:48:28
excel_import,DORADO,T-000686,,,,,TTR,,,,,,,excel_import|dorado|dorado-619,Dorado-619,T461 in FLC_DELTA remove 9% sqz delta 0.05hrs,,,2025-11-16T00:00:00,2025-11-19T06:48:28
excel_import,DORADO,T-000687,,,,,TTR,,,,,,,excel_import|dorado|dorado-737,Dorado-737,PRISM removal (was temporaily added in early Dorado bringup),,,2025-11-16T00:00:00,2025-11-19T06:48:28
excel_import,DORADO,T-000688,,,,,TTR,,,,,,,excel_import|dorado|dorado-898,Dorado-898,Remove butterfly write seek (need TTR amount),,,2025-11-16T00:00:00,2025-11-19T06:48:28
excel_import,DORADO,T-000689,,,,,TTR,,,,,,,excel_import|dorado|dorado-607,Dorado-607,T461:Adjust T461 measurements that track BER changes rough the tes process for TTR,2 hd showing higher TTR than 46 need verification on 20hd,,2025-11-16T00:00:00,2025-11-19T06:48:28
excel_import,DORADO,T-000690,,,,,TTR,,,,,,,excel_import|dorado|dorado-812,Dorado-812,       VBAR_TPISME1 reduce max number of backoff steps ,,,2025-11-16T00:00:00,2025-11-19T06:48:28
excel_import,DORADO,T-000691,,,,,TTR,,,,,,,excel_import|dorado|dorado-1036,Dorado-1036,"EWC changes ported from Marlin (Radical malloc, Smooth linear Bode, Reduce skdly in T135, T282 Idle Time red, ZAP seek path optimization
MarlinCT-1958,2008, 2012, 2018, 2057
Dorado 1156, 1157, 1159, 1177, 1179",,,2025-11-16T00:00:00,2025-11-19T06:48:28
excel_import,DORADO,T-000692,,,,,TTR,,,,,,,excel_import|dorado|dorado-1179,Dorado-1179,"TTR - Radical malloc eval  (6 hrs) (MarlinCT-1958, MarlinCT-2057)",,ref Dorado-1036,2025-11-16T00:00:00,2025-11-19T06:48:28
excel_import,DORADO,T-000693,,,,,TTR,,,,,,,excel_import|dorado|dorado-1159,Dorado-1159,"TTR: T282 reduce ""idle time""  (9 hrs) (MarlinCT-2018)",,ref Dorado-1036,2025-11-16T00:00:00,2025-11-19T06:48:28
excel_import,DORADO,T-000694,,,,,TTR,,,,,,,excel_import|dorado|dorado-1156,Dorado-1156,TTR: Further Test Time Reduction In T282 - Bode Convergence Check (8 hrs),,,2025-11-16T00:00:00,2025-11-19T06:48:28
excel_import,DORADO,T-000695,,,,,TTR,,,,,,,excel_import|dorado|dorado-1158,Dorado-1158,ZAP Seek Path Optimization (8 hours),,,2025-11-16T00:00:00,2025-11-19T06:48:28
excel_import,DORADO,T-000696,,,,,TTR,,,,,,,excel_import|dorado|dorado-1157,Dorado-1157,TTR - Reducing the SkDly in t135 from 20ms to 0ms (5 hrs),Need to x-check for Dorado,,2025-11-16T00:00:00,2025-11-19T06:48:28
excel_import,DORADO,T-000697,,,,,TTR,,,,,,,excel_import|dorado|dorado-1223,Dorado-1223,Remove FNC2 state T299_DS_ATI for TTR,,,2025-11-16T00:00:00,2025-11-19T06:48:28
excel_import,DORADO,T-000698,,,,,TTR,,,,,,,excel_import|dorado|dorado-1224,Dorado-1224,Remove CRT2 state T299_ATI for TTR,,,2025-11-16T00:00:00,2025-11-19T06:48:28
excel_import,DORADO,T-000699,,,,,TTR,,,,,,,excel_import|dorado|dorado-621,Dorado-621,FNC2: T461 BER tracking measurements:  reduce zone make to every 8th zone,,,2025-11-16T00:00:00,2025-11-19T06:48:28
excel_import,DORADO,T-000700,,,,,TTR,,,,,,,excel_import|dorado|dorado-583,Dorado-583,LPV Iop Adjust by Head,C/P TT saving by Sep16,,2025-11-16T00:00:00,2025-11-19T06:48:28
excel_import,DORADO,T-000701,,,,,TTR,,,,,,,excel_import|dorado|dorado-959,Dorado-959,"SMR : LZR"" VBAR_LAsER: in T211 use Tpiode=2 (DS only)",C/P TT saving by Sep16,,2025-11-16T00:00:00,2025-11-19T06:48:28
excel_import,DORADO,T-000702,,,,,TTR,,,,,,,excel_import|dorado|dorado-1037,Dorado-1037,"SMR Dorado1 ractional VISA byZone, By preamp",C/P TT saving by Sep16,,2025-11-16T00:00:00,2025-11-19T06:48:28
excel_import,DORADO,T-000703,,,,,TTR,,,,,,,excel_import|dorado|dorado-906,Dorado-906,4.4.1) Soak 9 days (refer to row xx,,,2025-11-19T00:00:00,2025-11-19T06:48:28
excel_import,DORADO,T-000704,,,,,TTR,,,,,,,excel_import|dorado|dorado-902,Dorado-902,"MQM 2 loop move to iMQM (Q426 30% iMQM, Q127 10%, Q227 1%",,,2025-11-16T00:00:00,2025-11-19T06:48:28
excel_import,DORADO,T-000705,,,,,TTR,,,,,,,excel_import|dorado|dorado-1011,Dorado-1011,Scopy TA-FF,,,2025-11-16T00:00:00,2025-11-19T06:48:28
excel_import,DORADO,T-000706,,,,,TTR,,,,,,,excel_import|dorado|dorado-952,Dorado-952,HSMR:T451 Reduce the Reg list in State Derived_OpTI_2,Mihir wil check on SBR run,,2025-11-16T00:00:00,2025-11-19T06:48:28
excel_import,DORADO,T-000707,,,,,TTR,,,,,,,excel_import|dorado|dorado-1080,Dorado-1080,T102 PCBA_SCRN during soak,,,2025-11-16T00:00:00,2025-11-19T06:48:28
excel_import,DORADO,T-000708,,,,,TTR,,,,,,,excel_import|dorado|dorado-1015,Dorado-1015,Skip track certify in format (TTR) (SMR only),,,2025-11-16T00:00:00,2025-11-19T06:48:28
excel_import,DORADO,T-000709,,,,,TTR,,,,,,,excel_import|dorado|dorado-1198,Dorado-1198,Remove PWT SF3 portion for weld before Cert,,,2025-11-16T00:00:00,2025-11-19T06:48:28
excel_import,DORADO,T-000710,,,,,TTR,,,,,,,excel_import|dorado|dorado-1116,Dorado-1116,    PC file compression (15 hrs ? - ,,,2025-11-16T00:00:00,2025-11-19T06:48:28
excel_import,DORADO,T-000711,,,,,TTR,,,,,,,excel_import|dorado|dorado-1247,Dorado-1247,Reduce drive power off from 20s to 5s,Mihir wil check on SBR run,,2025-11-16T00:00:00,2025-11-19T06:48:28
excel_import,DORADO,T-000712,,,,,TTR,,,,,,,excel_import|dorado|dorado-1248,Dorado-1248,Pause time reduce from 20s to 3s,Mihir wil check on SBR run,,2025-11-16T00:00:00,2025-11-19T06:48:28
excel_import,DORADO,T-000713,,,,,TTR,,,,,,,excel_import|dorado|droadao-1249,Droadao-1249,Baud rate optimziation,Mihir wil check on SBR run,,2025-11-16T00:00:00,2025-11-19T06:48:28
excel_import,DORADO,T-000714,,,,,TTR,,,,,,,excel_import|dorado|dorado-1092,Dorado-1092,"Remove uACT1 ""milli"" actuator Bode",Check with Ben,,2025-11-16T00:00:00,2025-11-19T06:48:28
excel_import,DORADO,T-000715,,,,,TTR,,,,,,,excel_import|dorado|droado-461,Droado-461,HSMR Conditional Certify HSMR 6C ,Let check more populatio in current mass,,2025-11-16T00:00:00,2025-11-19T06:48:28
excel_import,DORADO,T-000716,,,,,TTR,,,,,,,excel_import|dorado|dorado-622,Dorado-622,CRT2: T461: reduce zone mask to every 8th zone,Peerayoot will check with Rick,,2025-11-16T00:00:00,2025-11-19T06:48:28
excel_import,DORADO,T-000717,,,,,TTR,,,,,,,excel_import|dorado|dorado-651,Dorado-651,Disable BPIC_SWEEP for TTR (35 min),,,2025-11-16T00:00:00,2025-11-19T06:48:28
excel_import,DORADO,T-000718,,,,,TTR,,,,,,,excel_import|dorado|dorado-979,Dorado-979,Dorado1 IBW with NoAdjTracks (fro weak write),Need Mihir help,,2025-11-16T00:00:00,2025-11-19T06:48:28
excel_import,DORADO,T-000719,,,,,TTR,,,,,,,excel_import|dorado|dorado-1228,Dorado-1228,Evaluate modification of Active Servo Flaw Table (ASFT) build algorithm,,Mihir S,2025-11-16T00:00:00,2025-11-19T06:48:28
excel_import,DORADO,T-000720,,,,,TTR,,,,,,,excel_import|dorado|dorado-1029,Dorado-1029,NDS to run in parallel with Soak (8 days savnigs),update eval plan timing with new preamps  for when it can cut in,,2025-11-16T00:00:00,2025-11-19T06:48:28
excel_import,DORADO,T-000721,,,,,TTR,,,,,,,excel_import|dorado|dorado-1022,Dorado-1022,TPI for iVBAR,,,2025-11-16T00:00:00,2025-11-19T06:48:28
excel_import,DORADO,T-000722,,,,,TTR,,,,,,,excel_import|dorado|ww24 eval rel ww44?? 20hd reli 500 hr ckpt ww45 mp rel,"WW24 eval rel WW44?? 20hd reli 500 hr ckpt
WW45 mp rel
",4.4) PCO TTR Q1FY27 (PCO 5.x.z),Est WW05 packout,put together plan for PROZ / Mango notification - Brian,2025-11-16T00:00:00,2025-11-19T06:48:28
excel_import,DORADO,T-000723,,,,,TTR,,,,,,,excel_import|dorado|dorado-1136,Dorado-1136,NDS to utilize 2 or 4 head bank write,,,2025-11-16T00:00:00,2025-11-19T06:48:28
excel_import,DORADO,T-000724,,,,,TTR,,,,,,,excel_import|dorado|dorado-439,Dorado-439,SMR: Shingled SMR adj writes for LBA,,,2025-11-16T00:00:00,2025-11-19T06:48:28
excel_import,DORADO,T-000725,,,,,TTR,,,,,,,excel_import|dorado|dorado-516,Dorado-516,FPW DOE for 25 nm NFT (Dorado 2) ,,,2025-11-16T00:00:00,2025-11-19T06:48:28
excel_import,DORADO,T-000726,,,,,TTR,,,,,,,excel_import|dorado|dorado-617,Dorado-617,SPIO MQM develoment - merge from PF3 trunk to Dorado branch,,,2025-11-16T00:00:00,2025-11-19T06:48:28
excel_import,DORADO,T-000727,,,,,TTR,,,,,,,excel_import|dorado|dorado-624,Dorado-624,ZAP Iteration 3 ->2  TTR (with PROZ) (business trade-off - not approved),,,2025-11-16T00:00:00,2025-11-19T06:48:28
excel_import,DORADO,T-000728,,,,,TTR,,,,,,,excel_import|dorado|dorado-813,Dorado-813,Dorado Goby 7 2.0 Sector skew in SPF,,,2025-11-16T00:00:00,2025-11-19T06:48:28
excel_import,DORADO,T-000729,,,,,TTR,,,,,,,excel_import|dorado|dorado-519,Dorado-519,PROZ HSMR  (H-CMR& H-SMR customer approval needed),,,2025-11-16T00:00:00,2025-11-19T06:48:28
excel_import,DORADO,T-000730,,,,,TTR,,,,,,,excel_import|dorado|dorado-903,Dorado-903,2 head Bank Write on FPW before VBAR,,,2025-11-16T00:00:00,2025-11-19T06:48:28
excel_import,DORADO,T-000731,,,,,TTR,,,,,,,excel_import|dorado|dorado-1280,Dorado-1280,FPW Removal (follow MarlinBP plan) + RGA on Dorado (FW35 reli ckpt),,,2025-11-16T00:00:00,2025-11-19T06:48:28
excel_import,DORADO,T-000732,,,,,TTR,,,,,,,excel_import|dorado|dorado-461,Dorado-461,   HSMR Phase C (45 hrs for conditional read CMR),,,2025-11-16T00:00:00,2025-11-19T06:48:28
excel_import,DORADO,T-000733,,,,,TTR,,,,,,,excel_import|dorado|dorado-905,DORADO-905 ,POML All mode,,Korat FW,2025-11-16T00:00:00,2025-11-19T06:48:28
excel_import,DORADO,T-000734,,,,,TTR,,,,,,,excel_import|dorado|dorado-548,Dorado-548,Implement TOPAZ with PROZ (Z-PATH),,,2025-11-16T00:00:00,2025-11-19T06:48:28
excel_import,DORADO,T-000735,,,,,TTR,,,,,,,excel_import|dorado|dorado-907,Dorado-907,Dynamic Soak on Dorado,,,2025-11-16T00:00:00,2025-11-19T06:48:28
excel_import,DORADO,T-000736,,,,,TTR,,,,,,,excel_import|dorado|dorado-909,Dorado-909,Merge Master Format and SPFS (CMR only) (Goby 7),,,2025-11-16T00:00:00,2025-11-19T06:48:28
excel_import,DORADO,T-000737,,,,,TTR,,,,,,,excel_import|dorado|?,?,"Project to remove UACT1 ""milli"" actuator",,DC,2025-11-19T00:00:00,2025-11-19T06:48:28
excel_import,DORADO,T-000738,,,,,TTR,,,,,,,excel_import|dorado|need jira,need jira,T461 similar to marlin JIRA1036,,,2025-11-19T00:00:00,2025-11-19T06:48:28
excel_import,DORADO,T-000739,,,,,TTR,,,,,,,excel_import|dorado|dorado -1289,Dorado -1289,OEE SPSC2 + PWT  ,,,2025-11-16T00:00:00,2025-11-19T06:48:28
excel_import,DORADO,T-000740,,,,,TTR,,,,,,,excel_import|dorado|,,Total  CERT TTR,,,2025-11-19T00:00:00,2025-11-19T06:48:28
jira_issues,DORADO,T-000741,,,,,TTR,,,,,,,jira_issues|dorado|dorado-905,DORADO-905,Implement POML on Dorado,Open,,2025-07-02T01:05:56+08:00,2025-11-19T06:48:28
jira_issues,MARLIN,T-000742,,,,,TTR,,,,,,,jira_issues|marlin|marlinct-2089,MARLINCT-2089,PROZ improvement Trunk CLs (July'2025),Resolved,,2025-07-17T22:55:06+08:00,2025-11-19T06:48:28
jira_issues,MARLIN BP,T-000743,,,,,TTR,,,,,,,jira_issues|marlin bp|mbp-1718,MBP-1718,TTR: To close TT gap (vs Marlin) - BER measurement,Resolved,,2025-07-18T08:57:22+08:00,2025-11-19T06:48:28
jira_issues,SUMMIT,T-000744,,,,,TTR,,,,,,,jira_issues|summit|summit-2266,SUMMIT-2266,TTR malloc on Goby,Closed,,2025-07-25T14:32:52+08:00,2025-11-19T06:48:28
jira_issues,SUMMIT,T-000745,,,,,TTR,,,,,,,jira_issues|summit|summit-2268,SUMMIT-2268,TTR: PROZ: Enable PROZ for CMR ZAP only.,Closed,,2025-07-25T20:16:46+08:00,2025-11-19T06:48:28
jira_issues,DORADO,T-000746,,,,,TTR,,,,,,,jira_issues|dorado|dorado-1007,DORADO-1007,Evaluate impact of integrating zone dependent default Wpower  ,Open,,2025-07-26T00:18:25+08:00,2025-11-19T06:48:28
jira_issues,MARLIN BP,T-000747,,,,,TTR,,,,,,,jira_issues|marlin bp|mbp-1730,MBP-1730,SMR Format Removal Evaluation,Resolved,,2025-07-26T03:41:43+08:00,2025-11-19T06:48:28
jira_issues,SUMMIT,T-000748,,,,,TTR,,,,,,,jira_issues|summit|summit-2269,SUMMIT-2269,TTR: Radical Rap Test Time Improvement,In Progress,,2025-07-28T15:42:23+08:00,2025-11-19T06:48:28
jira_issues,MARLIN BP,T-000749,,,,,TTR,,,,,,,jira_issues|marlin bp|mbp-1731,MBP-1731,"Move From Trunk To Branch The Feature ""Scopy TA Feedforward to PRE2""",In Progress,,2025-07-28T23:32:32+08:00,2025-11-19T06:48:28
jira_issues,DORADO,T-000750,,,,,TTR,,,,,,,jira_issues|dorado|dorado-1011,DORADO-1011,Scopy TA Feedforward,In Progress,,2025-07-29T02:50:57+08:00,2025-11-19T06:48:28
jira_issues,SUMMIT,T-000751,,,,,TTR,,,,,,,jira_issues|summit|summit-2272,SUMMIT-2272,TTR: Reduce num write of zone 0 at VBAR_ATI,Closed,,2025-07-29T16:26:59+08:00,2025-11-19T06:48:28
jira_issues,SUMMIT,T-000752,,,,,TTR,,,,,,,jira_issues|summit|summit-2273,SUMMIT-2273,TTR: T240 TEST ZONE by Condition #Phase2,Closed,,2025-07-29T16:49:37+08:00,2025-11-19T06:48:28
jira_issues,SUMMIT,T-000753,,,,,TTR,,,,,,,jira_issues|summit|summit-2274,SUMMIT-2274,"CLONE - TTR: FINE_UJOG_INIT GobyLite (for PK1, unlock condition)",Closed,,2025-07-29T17:13:33+08:00,2025-11-19T06:48:28
jira_issues,MARLIN BP,T-000754,,,,,TTR,,,,,,,jira_issues|marlin bp|mbp-1734,MBP-1734,CLONE - PROZ improvement Trunk CLs (July'2025),Resolved,,2025-07-30T00:03:02+08:00,2025-11-19T06:48:28
jira_issues,DORADO,T-000755,,,,,TTR,,,,,,,jira_issues|dorado|dorado-1015,DORADO-1015,Skip track certify in format (TTR),Resolved,,2025-07-30T03:20:14+08:00,2025-11-19T06:48:28
jira_issues,SUMMIT,T-000756,,,,,TTR,,,,,,,jira_issues|summit|summit-2276,SUMMIT-2276,TTR: Further improvements on TTR in VBAR_METRICS,Closed,,2025-07-31T02:01:48+08:00,2025-11-19T06:48:28
jira_issues,MARLIN BP,T-000757,,,,,TTR,,,,,,,jira_issues|marlin bp|mbp-1739,MBP-1739,T282 sensitivity projection optimization - data & test time reduction,Resolved,,2025-07-31T06:20:11+08:00,2025-11-19T06:48:28
jira_issues,DORADO,T-000758,,,,,TTR,,,,,,,jira_issues|dorado|dorado-1021,DORADO-1021,Overhead reduction in SetSysZoneIop(),Resolved,,2025-07-31T14:53:21+08:00,2025-11-19T06:48:28
jira_issues,DORADO,T-000759,,,,,TTR,,,,,,,jira_issues|dorado|dorado-1022,DORADO-1022,TTR for IVBAR,Reopened,,2025-07-31T22:30:39+08:00,2025-11-19T06:48:28
jira_issues,DORADO,T-000760,,,,,TTR,,,,,,,jira_issues|dorado|dorado-1023,DORADO-1023,"TTR: T211: LZR: Evaluate reducing 6,6 write count to 3,3 and 1,1.  Compensate TPIpicks with reduction in TpiSFR threshold",Open,,2025-07-31T23:00:23+08:00,2025-11-19T06:48:28
jira_issues,DORADO,T-000761,,,,,TTR,,,,,,,jira_issues|dorado|dorado-1029,DORADO-1029,Removal of NDS ,Open,,2025-08-01T09:27:36+08:00,2025-11-19T06:48:28
jira_issues,DORADO,T-000762,,,,,TTR,,,,,,,jira_issues|dorado|dorado-1030,DORADO-1030,4 loops of MQM to iMQM,Open,,2025-08-01T09:30:03+08:00,2025-11-19T06:48:28
jira_issues,SUMMIT,T-000763,,,,,TTR,,,,,,,jira_issues|summit|summit-2278,SUMMIT-2278,TTR: Sampling T240 Zn1 in write screen state.,Closed,,2025-08-01T14:24:00+08:00,2025-11-19T06:48:28
jira_issues,DORADO,T-000764,,,,,TTR,,,,,,,jira_issues|dorado|dorado-1032,DORADO-1032,Remove T269 from PRE2 (FINE_LASER_CAL2),Open,,2025-08-01T19:33:31+08:00,2025-11-19T06:48:28
jira_issues,SUMMIT,T-000765,,,,,TTR,,,,,,,jira_issues|summit|summit-2279,SUMMIT-2279,TTR: Test 33 Seek Delay Improvement - merge to PCO 3.8 & 3.0,In Progress,,2025-08-04T14:34:16+08:00,2025-11-19T06:48:28
jira_issues,SUMMIT,T-000766,,,,,TTR,,,,,,,jira_issues|summit|summit-2280,SUMMIT-2280,Add Fast MSMR Combined Reader Calculation mode to either T238 or T438,Closed,,2025-08-04T21:59:06+08:00,2025-11-19T06:48:28
jira_issues,DORADO,T-000767,,,,,TTR,,,,,,,jira_issues|dorado|dorado-1036,DORADO-1036,"TTR - Items for Dorado implementation, leveraged from Marlin through EWC study",Resolved,,2025-08-05T05:10:59+08:00,2025-11-19T06:48:28
jira_issues,DORADO,T-000768,,,,,TTR,,,,,,,jira_issues|dorado|dorado-1037,DORADO-1037,"SMR Dorado1 fractional VISA ByZone, By Preamp",Resolved,,2025-08-05T05:53:27+08:00,2025-11-19T06:48:28
jira_issues,MARLIN BP,T-000769,,,,,TTR,,,,,,,jira_issues|marlin bp|mbp-1745,MBP-1745,Increase Skinc step from 4 to 8 in PRE2 TA SCAN TA_SCAN_INCR_CLR and TA_SCAN_ACTIVE states.,Resolved,,2025-08-05T11:53:02+08:00,2025-11-19T06:48:28
jira_issues,MARLIN BP,T-000770,,,,,TTR,,,,,,,jira_issues|marlin bp|mbp-1746,MBP-1746,TTR: CMR Skip Track Format Certify,Open,,2025-08-05T22:42:24+08:00,2025-11-19T06:48:28
jira_issues,SUMMIT,T-000771,,,,,TTR,,,,,,,jira_issues|summit|summit-2281,SUMMIT-2281,TTR: Data Collection Tests Sampling Or Removal,Closed,,2025-08-06T00:35:29+08:00,2025-11-19T06:48:28
jira_issues,MARLIN,T-000772,,,,,TTR,,,,,,,jira_issues|marlin|marlinct-2111,MARLINCT-2111,Data Collection Tests Sampling Or Removal,Open,,2025-08-06T00:36:49+08:00,2025-11-19T06:48:28
jira_issues,MARLIN BP,T-000773,,,,,TTR,,,,,,,jira_issues|marlin bp|mbp-1748,MBP-1748,Data Collection Tests Sampling Or Removal,Open,,2025-08-06T00:39:49+08:00,2025-11-19T06:48:28
jira_issues,DORADO,T-000774,,,,,TTR,,,,,,,jira_issues|dorado|dorado-1039,DORADO-1039,Data Collection Tests Sampling Or Removal,Open,,2025-08-06T00:41:48+08:00,2025-11-19T06:48:28
jira_issues,SUMMIT,T-000775,,,,,TTR,,,,,,,jira_issues|summit|summit-2283,SUMMIT-2283,TTR: Simplify T282 VCM/uPZT/mPZT Structure Measurement at ID at PRE2 and/or CAL,Closed,,2025-08-07T09:57:36+08:00,2025-11-19T06:48:28
jira_issues,SUMMIT,T-000776,,,,,TTR,,,,,,,jira_issues|summit|summit-2288,SUMMIT-2288,PCO Item - PCO3.7.3G,Closed,,2025-08-07T20:38:27+08:00,2025-11-19T06:48:28
jira_issues,DORADO,T-000777,,,,,TTR,,,,,,,jira_issues|dorado|dorado-1047,DORADO-1047,Reduction of Soak Before Cert for 25nm NFTs on Dorado 2,Open,,2025-08-07T23:14:06+08:00,2025-11-19T06:48:28
jira_issues,MARLIN BP,T-000778,,,,,TTR,,,,,,,jira_issues|marlin bp|mbp-1758,MBP-1758,TTR: TOPAZ RroTarget ladder DOE w/ 2-Iter ZAP,Resolved,,2025-08-09T00:31:49+08:00,2025-11-19T06:48:28
jira_issues,MARLIN,T-000779,,,,,TTR,,,,,,,jira_issues|marlin|marlinct-2117,MARLINCT-2117,TTR: Reduce ZAP iterations from 2 to 1 on HSMR,Open,,2025-08-11T10:35:56+08:00,2025-11-19T06:48:28
jira_issues,MARLIN BP,T-000780,,,,,TTR,,,,,,,jira_issues|marlin bp|mbp-1759,MBP-1759,TTR: Reduce ZAP iterations from 3 to 2 on SMR(VC),Open,,2025-08-11T10:45:48+08:00,2025-11-19T06:48:28
jira_issues,MARLIN BP,T-000781,,,,,TTR,,,,,,,jira_issues|marlin bp|mbp-1760,MBP-1760,TTR: Reduce ZAP iterations from 3 to 2 on CMR 30TB (LV),Resolved,,2025-08-11T10:52:34+08:00,2025-11-19T06:48:28
jira_issues,DORADO,T-000782,,,,,TTR,,,,,,,jira_issues|dorado|dorado-1050,DORADO-1050,TTR: Reduce ZAP iterations from 3 to 2 on SMR(VC),Open,,2025-08-11T11:02:49+08:00,2025-11-19T06:48:28
jira_issues,DORADO,T-000783,,,,,TTR,,,,,,,jira_issues|dorado|dorado-1051,DORADO-1051,TTR: Reduce ZAP iterations from 3 to 2 on HSMR(VC),In Progress,,2025-08-11T11:14:58+08:00,2025-11-19T06:48:28
jira_issues,SUMMIT,T-000784,,,,,TTR,,,,,,,jira_issues|summit|summit-2294,SUMMIT-2294,TTR: Reduce ZAP iterations from 2 to 1 on SMR(VC),Closed,,2025-08-11T11:27:08+08:00,2025-11-19T06:48:28
jira_issues,DORADO,T-000785,,,,,TTR,,,,,,,jira_issues|dorado|dorado-1053,DORADO-1053,"HSMR: PRE2: VBAR_INIT: delete final T451 and T461 calls, Change t451 in READER_PRM_OPTI",Resolved,,2025-08-12T00:41:59+08:00,2025-11-19T06:48:28
jira_issues,DORADO,T-000786,,,,,TTR,,,,,,,jira_issues|dorado|dorado-1054,DORADO-1054,PRE2: READER_PRM_OPTI T451: Update Cwrd3 for derived opti,Open,,2025-08-12T05:07:37+08:00,2025-11-19T06:48:28
jira_issues,SUMMIT,T-000787,,,,,TTR,,,,,,,jira_issues|summit|summit-2295,SUMMIT-2295,TTR: T282 Rework how UACT/MACT measurement are done,Closed,,2025-08-12T13:36:46+08:00,2025-11-19T06:48:28
jira_issues,MARLIN,T-000788,,,,,TTR,,,,,,,jira_issues|marlin|marlinct-2121,MARLINCT-2121,Release PCO 7.2.10,Resolved,,2025-08-14T09:20:10+08:00,2025-11-19T06:48:28
jira_issues,SUMMIT,T-000789,,,,,TTR,,,,,,,jira_issues|summit|summit-2300,SUMMIT-2300,TTR: Remove 1>N28 from DNLD_CODE_TCG_SPT,Closed,,2025-08-14T15:27:54+08:00,2025-11-19T06:48:28
jira_issues,SUMMIT,T-000790,,,,,TTR,,,,,,,jira_issues|summit|summit-2301,SUMMIT-2301,PCO Item - PCO3.7.3A_EFL2B1,Closed,,2025-08-14T18:43:06+08:00,2025-11-19T06:48:28
jira_issues,MARLIN,T-000791,,,,,TTR,,,,,,,jira_issues|marlin|marlinct-2122,MARLINCT-2122,Marlin TTR remove state ,Open,,2025-08-15T00:53:10+08:00,2025-11-19T06:48:28
jira_issues,MARLIN,T-000792,,,,,TTR,,,,,,,jira_issues|marlin|marlinct-2123,MARLINCT-2123,Marlin TTR T135 Reduce Zone,Open,,2025-08-15T00:55:01+08:00,2025-11-19T06:48:28
jira_issues,MARLIN BP,T-000793,,,,,TTR,,,,,,,jira_issues|marlin bp|mbp-1769,MBP-1769,DELL RDT FAILURE K1S0AHFN EC704 HANG,Open,,2025-08-15T01:36:47+08:00,2025-11-19T06:48:28
jira_issues,SUMMIT,T-000794,,,,,TTR,,,,,,,jira_issues|summit|summit-2302,SUMMIT-2302,TTR: PCBA_SCRN extreme optimization.,Closed,,2025-08-15T12:30:56+08:00,2025-11-19T06:48:28
jira_issues,SUMMIT,T-000795,,,,,TTR,,,,,,,jira_issues|summit|summit-2303,SUMMIT-2303,PCO Item - PCO3.7.3A_EFL2B2,Closed,,2025-08-15T17:25:55+08:00,2025-11-19T06:48:28
jira_issues,DORADO,T-000796,,,,,TTR,,,,,,,jira_issues|dorado|dorado-1072,DORADO-1072,PWT: Remove T411 calls from PWT state VC_TO_FC_BPI_ADJUST,Resolved,,2025-08-16T01:57:27+08:00,2025-11-19T06:48:28
jira_issues,SUMMIT,T-000797,,,,,TTR,,,,,,,jira_issues|summit|summit-2305,SUMMIT-2305,Investigate Hd0 Abnormal BPIC for certain drive condition when enable SUMMIT-2092 causing EC10402 Failure,Closed,,2025-08-18T14:24:24+08:00,2025-11-19T06:48:28
jira_issues,SUMMIT,T-000798,,,,,TTR,,,,,,,jira_issues|summit|summit-2307,SUMMIT-2307,TTR: Update default PSTE Range from 4 to 5 to support TTR SUMMIT-2091,Closed,,2025-08-19T10:02:28+08:00,2025-11-19T06:48:28
jira_issues,MARLIN,T-000799,,,,,TTR,,,,,,,jira_issues|marlin|marlinct-2130,MARLINCT-2130,TTR: CERT portion Powercycle,Open,,2025-08-19T12:48:04+08:00,2025-11-19T06:48:28
jira_issues,MARLIN,T-000800,,,,,TTR,,,,,,,jira_issues|marlin|marlinct-2131,MARLINCT-2131,Add PCBA_SCRN while soaking test,Resolved,,2025-08-19T19:23:44+08:00,2025-11-19T06:48:28
jira_issues,MARLIN BP,T-000801,,,,,TTR,,,,,,,jira_issues|marlin bp|mbp-1774,MBP-1774,Add DRAM screen while soaking test,Resolved,,2025-08-19T19:25:08+08:00,2025-11-19T06:48:28
jira_issues,DORADO,T-000802,,,,,TTR,,,,,,,jira_issues|dorado|dorado-1080,DORADO-1080,Add DRAM screen while soaking test,Resolved,,2025-08-19T19:26:03+08:00,2025-11-19T06:48:28
jira_issues,MARLIN,T-000803,,,,,TTR,,,,,,,jira_issues|marlin|marlinct-2132,MARLINCT-2132,Release PCO 7.2.09F,Resolved,,2025-08-19T22:15:26+08:00,2025-11-19T06:48:28
jira_issues,MARLIN,T-000804,,,,,TTR,,,,,,,jira_issues|marlin|marlinct-2133,MARLINCT-2133,[HOT FIN2] IOPs and BER spec optimization,Open,,2025-08-21T04:59:36+08:00,2025-11-19T06:48:28
jira_issues,DORADO,T-000805,,,,,TTR,,,,,,,jira_issues|dorado|dorado-1092,DORADO-1092,"Remove UACT1 ""milli"" actuator Bode",Resolved,,2025-08-22T01:13:19+08:00,2025-11-19T06:48:28
jira_issues,SUMMIT,T-000806,,,,,TTR,,,,,,,jira_issues|summit|summit-2314,SUMMIT-2314,TTR: Integrated Milli/Micro Structure Bode Measurement with One-Shot SS1X Bode Measurement,Closed,,2025-08-22T16:28:32+08:00,2025-11-19T06:48:28
jira_issues,DORADO,T-000807,,,,,TTR,,,,,,,jira_issues|dorado|dorado-1094,DORADO-1094,Monitor and avoid skipped tracks,Resolved,,2025-08-22T21:23:15+08:00,2025-11-19T06:48:28
jira_issues,MARLIN,T-000808,,,,,TTR,,,,,,,jira_issues|marlin|marlinct-2143,MARLINCT-2143,Remove t461 BER measurements around ZAP,Resolved,,2025-08-26T08:00:57+08:00,2025-11-19T06:48:28
jira_issues,MARLIN,T-000809,,,,,TTR,,,,,,,jira_issues|marlin|marlinct-2144,MARLINCT-2144,Reduce Mini ZAP state track list,Resolved,,2025-08-26T08:28:41+08:00,2025-11-19T06:48:28
jira_issues,DORADO,T-000810,,,,,TTR,,,,,,,jira_issues|dorado|dorado-1104,DORADO-1104,Adding T55 Reader Bi-mode (temperature dependent) screen specs in MODE_HOP_CAL,Open,,2025-08-27T00:33:33+08:00,2025-11-19T06:48:28
jira_issues,MARLIN BP,T-000811,,,,,TTR,,,,,,,jira_issues|marlin bp|mbp-1790,MBP-1790,Servo release Bx36,Open,,2025-08-28T02:59:46+08:00,2025-11-19T06:48:28
jira_issues,MARLIN BP,T-000812,,,,,TTR,,,,,,,jira_issues|marlin bp|mbp-1792,MBP-1792,MarlinBP TTR remove state,Open,,2025-08-29T00:21:55+08:00,2025-11-19T06:48:28
jira_issues,MARLIN BP,T-000813,,,,,TTR,,,,,,,jira_issues|marlin bp|mbp-1793,MBP-1793,MarlinBP TTR T135 Reduce Zone,Resolved,,2025-08-29T00:24:33+08:00,2025-11-19T06:48:28
jira_issues,MARLIN,T-000814,,,,,TTR,,,,,,,jira_issues|marlin|marlinct-2157,MARLINCT-2157,T220 : Stop ATI write when current wp set ATI BER less than baseline,Open,,2025-08-29T09:35:25+08:00,2025-11-19T06:48:28
jira_issues,DORADO,T-000815,,,,,TTR,,,,,,,jira_issues|dorado|dorado-1116,DORADO-1116,TTR - PC File Compression,Resolved,,2025-08-29T17:38:14+08:00,2025-11-19T06:48:28
jira_issues,MARLIN,T-000816,,,,,TTR,,,,,,,jira_issues|marlin|marlinct-2159,MARLINCT-2159,Sample PSV_SCOPY_QUALITY state in PRE2,Resolved,,2025-08-30T03:11:06+08:00,2025-11-19T06:48:28
jira_issues,MARLIN,T-000817,,,,,TTR,,,,,,,jira_issues|marlin|marlinct-2160,MARLINCT-2160,t109 LUL Scan 50% reduction,Resolved,,2025-08-30T03:16:03+08:00,2025-11-19T06:48:28
jira_issues,DORADO,T-000818,,,,,TTR,,,,,,,jira_issues|dorado|dorado-1122,DORADO-1122,SMR: PWT: remove state T298_ENCROACHMENT,Resolved,,2025-09-03T00:20:19+08:00,2025-11-19T06:48:28
jira_issues,MARLIN BP,T-000819,,,,,TTR,,,,,,,jira_issues|marlin bp|mbp-1803,MBP-1803,Release PCO 4_2_12,Resolved,,2025-09-03T23:59:31+08:00,2025-11-19T06:48:28
jira_issues,MARLIN,T-000820,,,,,TTR,,,,,,,jira_issues|marlin|marlinct-2165,MARLINCT-2165,Release PCO 7.2.09F2,Resolved,,2025-09-04T01:30:59+08:00,2025-11-19T06:48:28
jira_issues,DORADO,T-000821,,,,,TTR,,,,,,,jira_issues|dorado|dorado-1132,DORADO-1132,Add PCBA_SCRN while soaking test,Open,,2025-09-04T02:45:54+08:00,2025-11-19T06:48:28
jira_issues,DORADO,T-000822,,,,,TTR,,,,,,,jira_issues|dorado|dorado-1136,DORADO-1136,"NDS laser burn in time test Time Reduction, utilizing bank write feature",Open,,2025-09-04T19:54:33+08:00,2025-11-19T06:48:28
jira_issues,MARLIN,T-000823,,,,,TTR,,,,,,,jira_issues|marlin|marlinct-2168,MARLINCT-2168,HAMR: Temperature Ramp Test - ASTB/VBAR Removal ,Resolved,,2025-09-06T05:35:14+08:00,2025-11-19T06:48:28
jira_issues,MARLIN BP,T-000824,,,,,TTR,,,,,,,jira_issues|marlin bp|mbp-1815,MBP-1815,MBP: FPW & SPFS Power Cycle Removal around LFA,SME Verification,,2025-09-08T22:13:20+08:00,2025-11-19T06:48:28
jira_issues,DORADO,T-000825,,,,,TTR,,,,,,,jira_issues|dorado|dorado-1150,DORADO-1150,Laser Screening During Soak to Replace NDS for Dorado,In Progress,,2025-09-09T00:06:46+08:00,2025-11-19T06:48:28
jira_issues,MARLIN,T-000826,,,,,TTR,,,,,,,jira_issues|marlin|marlinct-2171,MARLINCT-2171,Increase serial format feedback spacing,Resolved,,2025-09-10T23:10:37+08:00,2025-11-19T06:48:28
jira_issues,DORADO,T-000827,,,,,TTR,,,,,,,jira_issues|dorado|dorado-1156,DORADO-1156,Smooth Linear Bode with fast Convergence Check,Resolved,,2025-09-11T03:27:13+08:00,2025-11-19T06:48:28
jira_issues,DORADO,T-000828,,,,,TTR,,,,,,,jira_issues|dorado|dorado-1157,DORADO-1157,Reducing the SkDly in t135 from 20ms to 0ms on AFH and AFH1_LOCD state,Resolved,,2025-09-11T03:44:37+08:00,2025-11-19T06:48:28
jira_issues,MARLIN,T-000829,,,,,TTR,,,,,,,jira_issues|marlin|marlinct-2172,MARLINCT-2172,TTR: ZAP Seek Path Optimization ( PROZ/OCZ ) ,Resolved,,2025-09-11T03:49:12+08:00,2025-11-19T06:48:28
jira_issues,DORADO,T-000830,,,,,TTR,,,,,,,jira_issues|dorado|dorado-1158,DORADO-1158,TTR: ZAP Seek Path Optimization ( PROZ/OCZ ),Resolved,,2025-09-11T03:51:08+08:00,2025-11-19T06:48:28
jira_issues,DORADO,T-000831,,,,,TTR,,,,,,,jira_issues|dorado|dorado-1159,DORADO-1159,T282 Idle time reduction,Resolved,,2025-09-11T03:58:13+08:00,2025-11-19T06:48:28
jira_issues,DORADO,T-000832,,,,,TTR,,,,,,,jira_issues|dorado|dorado-1171,DORADO-1171,LZR: Set Write power values to zone dependent population average at the beginning of VBAR_LASER,Open,,2025-09-16T23:26:29+08:00,2025-11-19T06:48:28
jira_issues,DORADO,T-000833,,,,,TTR,,,,,,,jira_issues|dorado|dorado-1172,DORADO-1172,Pulling in 'Update T443 DPCO Clearance from 12A to 6A' from MBP-1666,Resolved,,2025-09-16T23:30:10+08:00,2025-11-19T06:48:28
jira_issues,MARLIN,T-000834,,,,,TTR,,,,,,,jira_issues|marlin|marlinct-2181,MARLINCT-2181,TTR : T461 reduce NumRd/NumWr from 2 to 1,Resolved,,2025-09-17T02:19:02+08:00,2025-11-19T06:48:28
jira_issues,DORADO,T-000835,,,,,TTR,,,,,,,jira_issues|dorado|dorado-1175,DORADO-1175,TTR : T461 reduce NumRd/NumWr from 2 to 1,Resolved,,2025-09-17T02:22:11+08:00,2025-11-19T06:48:28
jira_issues,DORADO,T-000836,,,,,TTR,,,,,,,jira_issues|dorado|dorado-1177,DORADO-1177,TTR: ZAP Seek Path Optimization ( PROZ/OCZ ) - Dorado Eval,Resolved,,2025-09-17T02:52:19+08:00,2025-11-19T06:48:28
jira_issues,DORADO,T-000837,,,,,TTR,,,,,,,jira_issues|dorado|dorado-1179,DORADO-1179,TTR Radical Malloc Dorado Eval,Resolved,,2025-09-17T23:14:50+08:00,2025-11-19T06:48:28
jira_issues,MARLIN,T-000838,,,,,TTR,,,,,,,jira_issues|marlin|marlinct-2182,MARLINCT-2182,Add DPCO for data collection in CRT2,Resolved,,2025-09-18T03:29:41+08:00,2025-11-19T06:48:28
jira_issues,DORADO,T-000839,,,,,TTR,,,,,,,jira_issues|dorado|dorado-1182,DORADO-1182,Adding screen specs for HSMR/HCMR/SMR TPI in CAL2,SME Verification,,2025-09-18T04:26:26+08:00,2025-11-19T06:48:28
jira_issues,MARLIN,T-000840,,,,,TTR,,,,,,,jira_issues|marlin|marlinct-2183,MARLINCT-2183,Release PCO 7.2.09H,Resolved,,2025-09-18T22:08:52+08:00,2025-11-19T06:48:28
jira_issues,MARLIN,T-000841,,,,,TTR,,,,,,,jira_issues|marlin|marlinct-2184,MARLINCT-2184,Release PCO 7.2.10B,Resolved,,2025-09-18T22:11:32+08:00,2025-11-19T06:48:28
jira_issues,DORADO,T-000842,,,,,TTR,,,,,,,jira_issues|dorado|dorado-1195,DORADO-1195,Dorado2: Move IBW calibration from CAL2 to (top-of-tempramp),In Progress,,2025-09-20T20:57:00+08:00,2025-11-19T06:48:28
jira_issues,DORADO,T-000843,,,,,TTR,,,,,,,jira_issues|dorado|dorado-1198,DORADO-1198,Remove PWT SF3 portion for Weld Before Cert,Resolved,,2025-09-23T10:06:21+08:00,2025-11-19T06:48:28
jira_issues,DORADO,T-000844,,,,,TTR,,,,,,,jira_issues|dorado|dorado-1203,DORADO-1203,Adding Hd screen specs for T461 SMR BER in PWT_BER_SMR_C/PWT_BER_SMR for HSMR/SMR drives,Open,,2025-09-24T00:00:21+08:00,2025-11-19T06:48:28
jira_issues,MARLIN BP,T-000845,,,,,TTR,,,,,,,jira_issues|marlin bp|mbp-1843,MBP-1843,Enable PROZ,Resolved,,2025-09-24T03:37:27+08:00,2025-11-19T06:48:28
jira_issues,DORADO,T-000846,,,,,TTR,,,,,,,jira_issues|dorado|dorado-1216,DORADO-1216,WPOPTI: Removal of Offset Search & Channel Training Reads (TTR),Resolved,,2025-09-27T04:01:14+08:00,2025-11-19T06:48:28
jira_issues,MARLIN BP,T-000847,,,,,TTR,,,,,,,jira_issues|marlin bp|mbp-1852,MBP-1852,WPOPTI: Removal of Offset Search & Channel Training Reads (TTR),Resolved,,2025-09-27T04:02:21+08:00,2025-11-19T06:48:28
jira_issues,DORADO,T-000848,,,,,TTR,,,,,,,jira_issues|dorado|dorado-1222,DORADO-1222,PC file compression,Resolved,,2025-09-30T09:34:06+08:00,2025-11-19T06:48:28
jira_issues,DORADO,T-000849,,,,,TTR,,,,,,,jira_issues|dorado|dorado-1223,DORADO-1223,Remove FNC2 state T299_DS_ATI for TTR,Resolved,,2025-09-30T10:40:56+08:00,2025-11-19T06:48:28
jira_issues,DORADO,T-000850,,,,,TTR,,,,,,,jira_issues|dorado|dorado-1224,DORADO-1224,Remove CRT2 state T299_ATI for TTR,Resolved,,2025-09-30T10:52:33+08:00,2025-11-19T06:48:28
jira_issues,MARLIN BP,T-000851,,,,,TTR,,,,,,,jira_issues|marlin bp|mbp-1855,MBP-1855,"Modify T461 tracking measurements in AFH states: ISO_BER only, every 8th zone",Resolved,,2025-09-30T13:57:44+08:00,2025-11-19T06:48:28
jira_issues,MARLIN BP,T-000852,,,,,TTR,,,,,,,jira_issues|marlin bp|mbp-1856,MBP-1856,T451 Derived Opti: Update Anchor zone behavior and set anchor zone mask,Resolved,,2025-09-30T14:17:23+08:00,2025-11-19T06:48:28
jira_issues,DORADO,T-000853,,,,,TTR,,,,,,,jira_issues|dorado|dorado-1228,DORADO-1228,Evaluate modification of Active Servo Flaw Table (ASFT) build algorithm.,Resolved,,2025-10-01T05:11:34+08:00,2025-11-19T06:48:28
jira_issues,DORADO,T-000854,,,,,TTR,,,,,,,jira_issues|dorado|dorado-1231,DORADO-1231,Enable DHCM for Dorado [monitor detcr while loading heads to detect contact],SME Verification,,2025-10-01T17:22:19+08:00,2025-11-19T06:48:28
jira_issues,MARLIN BP,T-000855,,,,,TTR,,,,,,,jira_issues|marlin bp|mbp-1866,MBP-1866,Remove T299_DS_ATI in FNC2 ,Resolved,,2025-10-03T02:12:46+08:00,2025-11-19T06:48:28
jira_issues,DORADO,T-000856,,,,,TTR,,,,,,,jira_issues|dorado|dorado-1236,DORADO-1236,"CAL2: IBW: T461 set Rd=1, Wrt=1",Open,,2025-10-03T23:14:00+08:00,2025-11-19T06:48:28
jira_issues,DORADO,T-000857,,,,,TTR,,,,,,,jira_issues|dorado|dorado-1242,DORADO-1242,T299_DS_ATI set Cwrd3 bit[2] FastWriteMode,Open,,2025-10-07T15:04:02+08:00,2025-11-19T06:48:28
jira_issues,DORADO,T-000858,,,,,TTR,,,,,,,jira_issues|dorado|dorado-1243,DORADO-1243,TTR T461,Open,,2025-10-07T18:12:11+08:00,2025-11-19T06:48:28
jira_issues,DORADO,T-000859,,,,,TTR,,,,,,,jira_issues|dorado|dorado-1244,DORADO-1244,SMR: HME_COMPONENT_TEST: remove redundant T293 measurements,Open,,2025-10-07T21:16:53+08:00,2025-11-19T06:48:28
jira_issues,DORADO,T-000860,,,,,TTR,,,,,,,jira_issues|dorado|dorado-1245,DORADO-1245,"SMR, HSMR: Remove BPIc Sweep from CAL2 for TTR",Open,,2025-10-07T21:21:23+08:00,2025-11-19T06:48:28
jira_issues,DORADO,T-000861,,,,,TTR,,,,,,,jira_issues|dorado|dorado-1246,DORADO-1246,Adding new Hd screen specs of high Iop/delta in PWT,Open,,2025-10-07T22:02:05+08:00,2025-11-19T06:48:28
jira_issues,DORADO,T-000862,,,,,TTR,,,,,,,jira_issues|dorado|dorado-1247,DORADO-1247,Reduce drive power off from 20s to 5s,Resolved,,2025-10-07T22:42:29+08:00,2025-11-19T06:48:28
jira_issues,DORADO,T-000863,,,,,TTR,,,,,,,jira_issues|dorado|dorado-1248,DORADO-1248,Pause time reduce from 20s to 3s,Resolved,,2025-10-07T22:47:39+08:00,2025-11-19T06:48:28
jira_issues,DORADO,T-000864,,,,,TTR,,,,,,,jira_issues|dorado|dorado-1249,DORADO-1249,Baud rate optimization,Resolved,,2025-10-07T22:50:11+08:00,2025-11-19T06:48:28
jira_issues,DORADO,T-000865,,,,,TTR,,,,,,,jira_issues|dorado|dorado-1251,DORADO-1251,Pulling in 'Additional T150 criteria to relax OCLIM for Low NS50 - Reli High PES improvement' from MBP-1532,Resolved,,2025-10-08T00:09:29+08:00,2025-11-19T06:48:28
jira_issues,DORADO,T-000866,,,,,TTR,,,,,,,jira_issues|dorado|dorado-1252,DORADO-1252,Optimize flash saving in IOP_BY_WEDGE state.,Open,,2025-10-08T10:53:56+08:00,2025-11-19T06:48:28
jira_issues,DORADO,T-000867,,,,,TTR,,,,,,,jira_issues|dorado|dorado-1258,DORADO-1258,"SMR: HME_COMPONENT_TEST: T461, SPCID=30032, Reduce zone mask to z0 only",Open,,2025-10-08T18:12:34+08:00,2025-11-19T06:48:28
jira_issues,DORADO,T-000868,,,,,TTR,,,,,,,jira_issues|dorado|dorado-1262,DORADO-1262,Remove T451 at the beginning of LFA_DBER_CAL2_SMR,Resolved,,2025-10-09T10:09:14+08:00,2025-11-19T06:48:28
jira_issues,DORADO,T-000869,,,,,TTR,,,,,,,jira_issues|dorado|dorado-1263,DORADO-1263,CAL2: Remove the state OPTI_CHECK_461,Resolved,,2025-10-09T10:13:40+08:00,2025-11-19T06:48:28
jira_issues,DORADO,T-000870,,,,,TTR,,,,,,,jira_issues|dorado|dorado-1268,DORADO-1268,"HSMR, SMR:  CAL2 BER_STRESS_SMR: T461 adjust zone mask to every 8th zone",Open,,2025-10-10T10:30:11+08:00,2025-11-19T06:48:28
jira_issues,DORADO,T-000871,,,,,TTR,,,,,,,jira_issues|dorado|dorado-1269,DORADO-1269,HSMR: CAL2_BER T461 SPCID=27000 modify inputs for 9% data track pitch squeeze,Open,,2025-10-10T10:40:52+08:00,2025-11-19T06:48:28
jira_issues,DORADO,T-000872,,,,,TTR,,,,,,,jira_issues|dorado|dorado-1273,DORADO-1273,Summary of TTR Ideas related to T299 and DOS calibration ,Open,,2025-10-10T17:40:08+08:00,2025-11-19T06:48:28
jira_issues,MARLIN BP,T-000873,,,,,TTR,,,,,,,jira_issues|marlin bp|mbp-1884,MBP-1884,Remove FPW - TTR,Open,,2025-10-13T22:28:41+08:00,2025-11-19T06:48:28
jira_issues,DORADO,T-000874,,,,,TTR,,,,,,,jira_issues|dorado|dorado-1280,DORADO-1280,FPW removal in Dorado1 ,Open,,2025-10-14T03:48:08+08:00,2025-11-19T06:48:28
jira_issues,MARLIN BP,T-000875,,,,,TTR,,,,,,,jira_issues|marlin bp|mbp-1887,MBP-1887,TTR: FPW Removal Validation,Open,,2025-10-14T08:35:06+08:00,2025-11-19T06:48:28
jira_issues,DORADO,T-000876,,,,,TTR,,,,,,,jira_issues|dorado|dorado-1283,DORADO-1283,Remove SQUEEZE_OFFSET_2@PWT,Open,,2025-10-14T11:03:48+08:00,2025-11-19T06:48:28
jira_issues,DORADO,T-000877,,,,,TTR,,,,,,,jira_issues|dorado|dorado-1284,DORADO-1284,Dorado Write/Read Transfer Rate Reduction.,SME Verification,,2025-10-14T12:20:19+08:00,2025-11-19T06:48:28
jira_issues,DORADO,T-000878,,,,,TTR,,,,,,,jira_issues|dorado|dorado-1289,DORADO-1289,OEE:  PWT absorbed into SPSC2 ,Open,,2025-10-15T23:50:30+08:00,2025-11-19T06:48:28
jira_issues,DORADO,T-000879,,,,,TTR,,,,,,,jira_issues|dorado|dorado-1292,DORADO-1292,T055: ZAP Handling,Open,,2025-10-16T03:42:54+08:00,2025-11-19T06:48:28
jira_issues,DORADO,T-000880,,,,,TTR,,,,,,,jira_issues|dorado|dorado-1294,DORADO-1294,SCOPY Improvement for DORADO,Open,,2025-10-16T17:43:30+08:00,2025-11-19T06:48:28
jira_issues,DORADO,T-000881,,,,,TTR,,,,,,,jira_issues|dorado|dorado-1298,DORADO-1298,Sec0  Defect improvement (Warmup writes),SME Verification,,2025-10-18T00:09:08+08:00,2025-11-19T06:48:28
jira_issues,MARLIN BP,T-000882,,,,,TTR,,,,,,,jira_issues|marlin bp|mbp-1909,MBP-1909,CLONE - T055: ZAP Handling,Open,,2025-10-20T14:54:57+08:00,2025-11-19T06:48:28
jira_issues,DORADO,T-000883,,,,,TTR,,,,,,,jira_issues|dorado|dorado-1300,DORADO-1300,Adding screen specs for TCC failures in CAL,Open,,2025-10-21T00:59:57+08:00,2025-11-19T06:48:28
jira_issues,DORADO,T-000884,,,,,TTR,,,,,,,jira_issues|dorado|dorado-1303,DORADO-1303,WPOPTI:  Overhead Time Reduction - TTR,In Progress,,2025-10-21T22:21:48+08:00,2025-11-19T06:48:28
jira_issues,DORADO,T-000885,,,,,TTR,,,,,,,jira_issues|dorado|dorado-1379,DORADO-1379,Reduced O2 content during ZAP,Open,,2025-11-18T12:20:21+08:00,2025-11-19T06:48:28
jira_issues,MARLIN BP,T-000886,,,,,TTR,,,,,,,jira_issues|marlin bp|mbp-1973,MBP-1973,ASTF Search Optimization - LocateTestTracks,In Progress,,2025-11-19T00:17:27+08:00,2025-11-19T06:48:28
DISC,DORADO,T-000887,,,,,TTR,,,,,,,disc|dorado|cr0014354,CR0014354,Dorado : TTR Optimize Check spare T230 at EXTRA_BPI_MARGIN state  ,Developing,Warat  Jintanamaneerat ,2025-11-11T10:50:45,2025-11-19T06:48:28
DISC,SUMMIT,T-000888,,,,,TTR,,,,,,,disc|summit|cr0014359,CR0014359,Summit TTR : C0 50hz scoring,Awaiting Acceptation,Nontawat Nakul,2025-11-12T09:49:37,2025-11-19T06:48:28
DISC,SUMMIT,T-000889,,,,,TTR,,,,,,,disc|summit|cr0014367,CR0014367,TTR Eval PCO - Phase#1A-A,Developing,Gronggaew Boonjuang,2025-11-13T16:25:51,2025-11-19T06:48:28
DISC,MARLIN BP,T-000890,,,,,TTR,,,,,,,disc|marlin bp|cr0014369,CR0014369,Integrate T299 RAP saving optimization from Summit,Awaiting Acceptation,Pavarisa Boonyaritchaikit,2025-11-14T10:33:27,2025-11-19T06:48:28
DISC,SUMMIT,T-000891,,,,,TTR,,,,,,,disc|summit|cr0014371,CR0014371,Summit Remove T299 Zn110 FNC2,Awaiting Acceptation,Uaiylanna Wannapila,2025-11-14T15:42:34,2025-11-19T06:48:28
