Source,Program,Task_ID,Status,User_Name,Date_Time,Task_Name,Improvement_Type,Business_Key,Import_Batch_ID,Import_TS,Change_Type,Snapshot_Signature,Notes,Reviewed_Flag
jira_issues,SUMMIT,SUMMIT-2361,Open,Michael Foster,2025-11-08T05:47:24+08:00,test mmm ok,TTR,jira_issues|summit|summit-2364,20251116-140537,2025-11-16T14:05:37,NEW,open|michael foster|yip8 for summit rseed|ttr,,
jira_issues,SUMMIT,SUMMIT-2361,Open,Michael Foster,2025-11-08T05:47:24+08:00,test mmm ok,TTR,jira_issues|summit|summit-2364,20251116-140537,2025-11-16T14:05:37,NEW,open|michael foster|yip8 for summit rseed|ttr,,
jira_issues,SUMMIT,SUMMIT-2359,Closed,Gronggaew (GG) Boonjuang,2025-10-23T09:34:05+08:00,ok,TTR,jira_issues|summit|summit-2359,20251116-140537,2025-11-16T14:05:37,NEW,closed|gronggaew (gg) boonjuang|evaluate modification of active servo flaw table (asft) build algorithm|ttr,,
jira_issues,SUMMIT,SUMMIT-2355,Open,xxxx,ggg,TTR: TOPAZ ,TTR,jira_issues|summit|summit-2355,20251116-140537,2025-11-16T14:05:37,NEW,open|luh chyuan lau|ttr: topaz w/ proz integration|ttr,,
jira_issues,SUMMIT,SUMMIT-2347,SME Verification,Gronggaew (GG) Boonjuang,2025-09-26T18:03:34+08:00,PCO Item - PCO3.7.4B,TTR,jira_issues|summit|summit-2347,20251116-140537,2025-11-16T14:05:37,NEW,sme verification|gronggaew (gg) boonjuang|pco item - pco3.7.4b|ttr,,
jira_issues,SUMMIT,SUMMIT-2345,Reopened,Kwan Ng Loke,test,"enableDiags, Powercycle",TTR,jira_issues|summit|summit-2345,20251116-140537,2025-11-16T14:05:37,NEW,"reopened|kwan ng loke|ttr: pwt optimization: dnld_code, enablediags, powercycle|ttr",,
jira_issues,SUMMIT,SUMMIT-2334,Closed,Gronggaew (GG) Boonjuang,2025-09-09T22:34:12+08:00,PCO Item - PCO3.7.3A_EFL2C2,TTR,jira_issues|summit|summit-2334,20251116-140537,2025-11-16T14:05:37,NEW,closed|gronggaew (gg) boonjuang|pco item - pco3.7.3a_efl2c2|ttr,,
jira_issues,SUMMIT,SUMMIT-2333,SME Verification,Gronggaew (GG) Boonjuang,2025-09-09T19:17:29+08:00,PCO Item - PCO3.7.3A_EFL2B4,TTR,jira_issues|summit|summit-2333,20251116-140537,2025-11-16T14:05:37,NEW,sme verification|gronggaew (gg) boonjuang|pco item - pco3.7.3a_efl2b4|ttr,,
jira_issues,SUMMIT,SUMMIT-2331,Closed,Michael Foster,2025-09-05T08:33:10+08:00,TTR: T461 Test Zone Aligment,TTR,jira_issues|summit|summit-2331,20251116-140537,2025-11-16T14:05:37,NEW,closed|michael foster|ttr: t461 test zone aligment|ttr,,
jira_issues,SUMMIT,SUMMIT-2330,Closed,Gronggaew (GG) Boonjuang,2025-09-04T18:32:13+08:00,PCO Item - PCO3.7.3GD,TTR,jira_issues|summit|summit-2330,20251116-140537,2025-11-16T14:05:37,NEW,closed|gronggaew (gg) boonjuang|pco item - pco3.7.3gd|ttr,,
jira_issues,SUMMIT,SUMMIT-2329,Closed,Gronggaew (GG) Boonjuang,2025-09-04T18:27:10+08:00,PCO Item - PCO3.7.3GC,TTR,jira_issues|summit|summit-2329,20251116-140537,2025-11-16T14:05:37,NEW,closed|gronggaew (gg) boonjuang|pco item - pco3.7.3gc|ttr,,
jira_issues,SUMMIT,SUMMIT-2328,Closed,Gronggaew (GG) Boonjuang,2025-09-04T18:12:21+08:00,PCO Item - PCO3.7.3GB,TTR,jira_issues|summit|summit-2328,20251116-140537,2025-11-16T14:05:37,NEW,closed|gronggaew (gg) boonjuang|pco item - pco3.7.3gb|ttr,,
jira_issues,SUMMIT,SUMMIT-2327,Closed,Sien Huay Chong,2025-09-04T11:14:30+08:00,TTR: New Servo Code xx66,TTR,jira_issues|summit|summit-2327,20251116-140537,2025-11-16T14:05:37,NEW,closed|sien huay chong|ttr: new servo code xx66|ttr,,
jira_issues,SUMMIT,SUMMIT-2326,Closed,Sien Huay Chong,2025-09-04T10:15:56+08:00,TTR: items from PCO 3.7.3x to PCO 3.8.1 branch,TTR,jira_issues|summit|summit-2326,20251116-140537,2025-11-16T14:05:37,NEW,closed|sien huay chong|ttr: items from pco 3.7.3x to pco 3.8.1 branch|ttr,,
jira_issues,SUMMIT,SUMMIT-2324,Closed,Zay Yar Myint,2025-09-02T13:16:45+08:00,"TTR: Release Block Point ""E"" Servo Code CEC3 for Summit SMR 30TB VC",TTR,jira_issues|summit|summit-2324,20251116-140537,2025-11-16T14:05:37,NEW,"closed|zay yar myint|ttr: release block point ""e"" servo code cec3 for summit smr 30tb vc|ttr",,
jira_issues,SUMMIT,SUMMIT-2322,Closed,Gronggaew (GG) Boonjuang,2025-09-01T11:44:20+08:00,TTR: T150 PWT by Exception ,TTR,jira_issues|summit|summit-2322,20251116-140537,2025-11-16T14:05:37,NEW,closed|gronggaew (gg) boonjuang|ttr: t150 pwt by exception|ttr,,
jira_issues,SUMMIT,SUMMIT-2321,Closed,Sien Huay Chong,2025-08-29T21:59:56+08:00,TTR: T411 iVBAR for Summit,TTR,jira_issues|summit|summit-2321,20251116-140537,2025-11-16T14:05:37,NEW,closed|sien huay chong|ttr: t411 ivbar for summit|ttr,,
jira_issues,SUMMIT,SUMMIT-2319,Closed,Sien Huay Chong,2025-08-27T10:19:22+08:00,TTR : VBAR_ATI_IVBAR Further reduction,TTR,jira_issues|summit|summit-2319,20251116-140537,2025-11-16T14:05:37,NEW,closed|sien huay chong|ttr : vbar_ati_ivbar further reduction|ttr,,
jira_issues,SUMMIT,SUMMIT-2317,Closed,Sien Huay Chong,2025-08-26T21:14:13+08:00,TTR: VBAR_ZN_IVBAR Further,TTR,jira_issues|summit|summit-2317,20251116-140537,2025-11-16T14:05:37,NEW,closed|sien huay chong|ttr: vbar_zn_ivbar further|ttr,,
jira_issues,SUMMIT,SUMMIT-2315,Closed,Gronggaew (GG) Boonjuang,2025-08-26T15:57:49+08:00,PCO Item - PCO3.7.3A_EFL2C,TTR,jira_issues|summit|summit-2315,20251116-140537,2025-11-16T14:05:37,NEW,closed|gronggaew (gg) boonjuang|pco item - pco3.7.3a_efl2c|ttr,,
jira_issues,MARLIN,MARLINCT-2235,Open,Allen Tseng,2025-11-05T03:03:36+08:00,Remove power cycles ,TTR,jira_issues|marlin|marlinct-2235,20251116-140537,2025-11-16T14:05:37,NEW,open|allen tseng|remove power cycles around spfs and lfa cal|ttr,,
jira_issues,MARLIN,MARLINCT-2232,Open,Oleg Zherdetsky,2025-11-01T04:28:25+08:00,Marlin SCopy TTR,TTR,jira_issues|marlin|marlinct-2232,20251116-140537,2025-11-16T14:05:37,NEW,open|oleg zherdetsky|marlin scopy ttr|ttr,,
jira_issues,MARLIN,MARLINCT-2226,In Progress,Oleg Zherdetsky,2025-10-25T00:46:10+08:00,SF3 reloadRAP eval,TTR,jira_issues|marlin|marlinct-2226,20251116-140537,2025-11-16T14:05:37,NEW,in progress|oleg zherdetsky|sf3 reloadrap eval|ttr,,
jira_issues,MARLIN,MARLINCT-2225,Open,Oleg Zherdetsky,2025-10-25T00:20:28+08:00,OEE: Re-arrange Hot and Cold Operation ,TTR,jira_issues|marlin|marlinct-2225,20251116-140537,2025-11-16T14:05:37,NEW,open|oleg zherdetsky|oee: re-arrange hot and cold operation|ttr,,
jira_issues,MARLIN,MARLINCT-2221,Resolved,Oleg Zherdetsky,2025-10-24T02:08:44+08:00,Release PCO 7.3.03,TTR,jira_issues|marlin|marlinct-2221,20251116-140537,2025-11-16T14:05:37,NEW,resolved|oleg zherdetsky|release pco 7.3.03|ttr,,
jira_issues,MARLIN,MARLINCT-2217,Resolved,Allen Tseng,2025-10-21T05:48:41+08:00,Active Servo Flaw Table (ASFT) build algorithm change,TTR,jira_issues|marlin|marlinct-2217,20251116-140537,2025-11-16T14:05:37,NEW,resolved|allen tseng|active servo flaw table (asft) build algorithm change|ttr,,
jira_issues,MARLIN,MARLINCT-2210,Resolved,Oleg Zherdetsky,2025-10-16T04:07:36+08:00,Removal of offset search and channel training reads,TTR,jira_issues|marlin|marlinct-2210,20251116-140537,2025-11-16T14:05:37,NEW,resolved|oleg zherdetsky|removal of offset search and channel training reads|ttr,,
jira_issues,MARLIN,MARLINCT-2209,Open,Mihir Sathe,2025-10-16T03:58:56+08:00,T55 - ZAP track reduction,TTR,jira_issues|marlin|marlinct-2209,20251116-140537,2025-11-16T14:05:37,NEW,open|mihir sathe|t55 - zap track reduction|ttr,,
jira_issues,MARLIN,MARLINCT-2202,Open,Allen Tseng,2025-10-10T01:08:23+08:00,apply Increase Opti LC_Delay step size from 2 to 4 to all opti calls,TTR,jira_issues|marlin|marlinct-2202,20251116-140537,2025-11-16T14:05:37,NEW,open|allen tseng|apply increase opti lc_delay step size from 2 to 4 to all opti calls|ttr,,
jira_issues,MARLIN,MARLINCT-2201,Open,Allen Tseng,2025-10-10T01:04:06+08:00,Increase Opti LC_Delay step size from 2 to 4,TTR,jira_issues|marlin|marlinct-2201,20251116-140537,2025-11-16T14:05:37,NEW,open|allen tseng|increase opti lc_delay step size from 2 to 4|ttr,,
jira_issues,MARLIN,MARLINCT-2200,Open,Allen Tseng,2025-10-10T01:00:45+08:00,Opti settling bypass BIE,TTR,jira_issues|marlin|marlinct-2200,20251116-140537,2025-11-16T14:05:37,NEW,open|allen tseng|opti settling bypass bie|ttr,,
jira_issues,MARLIN,MARLINCT-2198,Resolved,Oleg Zherdetsky,2025-10-08T09:27:31+08:00,Release PCO 7.2.10D,TTR,jira_issues|marlin|marlinct-2198,20251116-140537,2025-11-16T14:05:37,NEW,resolved|oleg zherdetsky|release pco 7.2.10d|ttr,,
jira_issues,MARLIN,MARLINCT-2193,In Progress,Allen Tseng,2025-10-02T02:21:07+08:00,Trianglewave injection IOP calibration in LASER_INIT ,TTR,jira_issues|marlin|marlinct-2193,20251116-140537,2025-11-16T14:05:37,NEW,in progress|allen tseng|trianglewave injection iop calibration in laser_init|ttr,,
jira_issues,MARLIN,MARLINCT-2192,Resolved,Allen Tseng,2025-10-01T04:00:30+08:00,PC file compression,TTR,jira_issues|marlin|marlinct-2192,20251116-140537,2025-11-16T14:05:37,NEW,resolved|allen tseng|pc file compression|ttr,,
jira_issues,MARLIN BP,MBP-1931,In Progress,Billy Aas,2025-10-29T00:31:06+08:00,MarlinBP 10k RPM eval at SPIN OPER (Soak Time reduction eval),TTR,jira_issues|marlin bp|mbp-1931,20251116-140537,2025-11-16T14:05:37,NEW,in progress|billy aas|marlinbp 10k rpm eval at spin oper (soak time reduction eval)|ttr,,
jira_issues,MARLIN BP,MBP-1926,Resolved,Billy Aas,2025-10-25T02:42:01+08:00,CLONE - Optimize get ta rec for TA access and audit lookup,TTR,jira_issues|marlin bp|mbp-1926,20251116-140537,2025-11-16T14:05:37,NEW,resolved|billy aas|clone - optimize get ta rec for ta access and audit lookup|ttr,,
jira_issues,MARLIN BP,MBP-1924,In Progress,Billy Aas,2025-10-25T00:16:51+08:00,SF3 ReloadRAP Eval,TTR,jira_issues|marlin bp|mbp-1924,20251116-140537,2025-11-16T14:05:37,NEW,in progress|billy aas|sf3 reloadrap eval|ttr,,
jira_issues,MARLIN BP,MBP-1917,In Progress,Chee Meng Low,2025-10-21T23:31:44+08:00,CLONE - Evaluate modification of Active Servo Flaw Table (ASFT) build algorithm.,TTR,jira_issues|marlin bp|mbp-1917,20251116-140537,2025-11-16T14:05:37,NEW,in progress|chee meng low|clone - evaluate modification of active servo flaw table (asft) build algorithm.|ttr,,
jira_issues,MARLIN BP,MBP-1916,In Progress,Billy Aas,2025-10-21T22:30:49+08:00,"WPOPTI: Pickup of SF3 TTR, and PF3 TTR",TTR,jira_issues|marlin bp|mbp-1916,20251116-140537,2025-11-16T14:05:37,NEW,"in progress|billy aas|wpopti: pickup of sf3 ttr, and pf3 ttr|ttr",,
jira_issues,MARLIN BP,MBP-1908,Resolved,Billy Aas,2025-10-18T02:17:00+08:00,TA dwell - MBP drive,TTR,jira_issues|marlin bp|mbp-1908,20251116-140537,2025-11-16T14:05:37,NEW,resolved|billy aas|ta dwell - mbp drive|ttr,,
jira_issues,MARLIN BP,MBP-1907,Resolved,Billy Aas,2025-10-18T02:13:04+08:00,Marlin BP TA dwell,TTR,jira_issues|marlin bp|mbp-1907,20251116-140537,2025-11-16T14:05:37,NEW,resolved|billy aas|marlin bp ta dwell|ttr,,
jira_issues,DORADO,DORADO-1349,In Progress,Allen Tseng,2025-11-06T04:42:19+08:00,TTR - T282 supports on single rate sensitivity scoring and combined BODE,TTR,jira_issues|dorado|dorado-1349,20251116-140537,2025-11-16T14:05:37,NEW,in progress|allen tseng|ttr - t282 supports on single rate sensitivity scoring and combined bode|ttr,,
jira_issues,DORADO,DORADO-1335,SME Verification,Allen Tseng,2025-10-29T21:28:16+08:00,10krpm eval at SPIN oper on Dorado,TTR,jira_issues|dorado|dorado-1335,20251116-140537,2025-11-16T14:05:37,NEW,sme verification|allen tseng|10krpm eval at spin oper on dorado|ttr,,
jira_issues,DORADO,DORADO-1332,Open,Mihir Sathe,2025-10-29T02:13:10+08:00,Add Hd screen specs of T297 checkerboard Tests,TTR,jira_issues|dorado|dorado-1332,20251116-140537,2025-11-16T14:05:37,NEW,open|mihir sathe|add hd screen specs of t297 checkerboard tests|ttr,,
jira_issues,DORADO,DORADO-1327,Open,Brandon Muhlach,2025-10-27T23:26:56+08:00,Managing TPM/MemDump files for ToolsGUI,TTR,jira_issues|dorado|dorado-1327,20251116-140537,2025-11-16T14:05:37,NEW,open|brandon muhlach|managing tpm/memdump files for toolsgui|ttr,,
jira_issues,DORADO,DORADO-1322,Resolved,Erik Hofvander,2025-10-26T10:37:04+08:00,T282 Bode uAct Timeout Fix,TTR,jira_issues|dorado|dorado-1322,20251116-140537,2025-11-16T14:05:37,NEW,resolved|erik hofvander|t282 bode uact timeout fix|ttr,,
jira_issues,DORADO,DORADO-1320,Resolved,Rich Conniff,2025-10-25T02:32:15+08:00,Optimize get ta rec for TA access and audit lookup,TTR,jira_issues|dorado|dorado-1320,20251116-140537,2025-11-16T14:05:37,NEW,resolved|rich conniff|optimize get ta rec for ta access and audit lookup|ttr,,
jira_issues,DORADO,DORADO-1314,Open,Mihir Sathe,2025-10-24T02:27:01+08:00,LZR: VBAR_WpOpti: T220: Save the final pick NLTS and PP result to RAP and smooth the results across the stroke ,TTR,jira_issues|dorado|dorado-1314,20251116-140537,2025-11-16T14:05:37,NEW,open|mihir sathe|lzr: vbar_wpopti: t220: save the final pick nlts and pp result to rap and smooth the results across the stroke|ttr,,
jira_issues,DORADO,DORADO-1313,Open,Mihir Sathe,2025-10-24T00:29:57+08:00,"TTR: T451, T438: Reduce the Opti Reg in the T451 call before T438 in CAL2 FINE_UJOG_INIT",TTR,jira_issues|dorado|dorado-1313,20251116-140537,2025-11-16T14:05:37,NEW,"open|mihir sathe|ttr: t451, t438: reduce the opti reg in the t451 call before t438 in cal2 fine_ujog_init|ttr",,
jira_issues,SUMMIT,SUMMIT-2361,Open,Michael Foster,2025-11-08T05:47:24+08:00,test mmm ok,TTR,jira_issues|summit|summit-2364,20251116-140537,2025-11-16T14:05:37,NEW,open|michael foster|yip8 for summit rseed|ttr,,
jira_issues,SUMMIT,SUMMIT-2361,Open,Michael Foster,2025-11-08T05:47:24+08:00,test mmm ok,TTR,jira_issues|summit|summit-2364,20251116-140537,2025-11-16T14:05:37,NEW,open|michael foster|yip8 for summit rseed|ttr,,
jira_issues,SUMMIT,SUMMIT-2359,Closed,Gronggaew (GG) Boonjuang,2025-10-23T09:34:05+08:00,ok,TTR,jira_issues|summit|summit-2359,20251116-140537,2025-11-16T14:05:37,NEW,closed|gronggaew (gg) boonjuang|evaluate modification of active servo flaw table (asft) build algorithm|ttr,,
jira_issues,SUMMIT,SUMMIT-2355,Open,xxxx,ggg,TTR: TOPAZ ,TTR,jira_issues|summit|summit-2355,20251116-140537,2025-11-16T14:05:37,NEW,open|luh chyuan lau|ttr: topaz w/ proz integration|ttr,,
jira_issues,SUMMIT,SUMMIT-2347,SME Verification,Gronggaew (GG) Boonjuang,2025-09-26T18:03:34+08:00,PCO Item - PCO3.7.4B,TTR,jira_issues|summit|summit-2347,20251116-140537,2025-11-16T14:05:37,NEW,sme verification|gronggaew (gg) boonjuang|pco item - pco3.7.4b|ttr,,
jira_issues,SUMMIT,SUMMIT-2345,Reopened,Kwan Ng Loke,test,"enableDiags, Powercycle",TTR,jira_issues|summit|summit-2345,20251116-140537,2025-11-16T14:05:37,NEW,"reopened|kwan ng loke|ttr: pwt optimization: dnld_code, enablediags, powercycle|ttr",,
jira_issues,SUMMIT,SUMMIT-2334,Closed,Unassigned,2025-09-09T22:34:12+08:00,PCO Item - PCO3.7.3A_EFL2C2,TTR,jira_issues|summit|summit-2334,20251116-140537,2025-11-16T14:05:37,NEW,closed|unassigned|pco item - pco3.7.3a_efl2c2|ttr,,
jira_issues,SUMMIT,SUMMIT-2333,SME Verification,Unassigned,2025-09-09T19:17:29+08:00,PCO Item - PCO3.7.3A_EFL2B4,TTR,jira_issues|summit|summit-2333,20251116-140537,2025-11-16T14:05:37,NEW,sme verification|unassigned|pco item - pco3.7.3a_efl2b4|ttr,,
jira_issues,SUMMIT,SUMMIT-2331,Closed,Unassigned,2025-09-05T08:33:10+08:00,TTR: T461 Test Zone Aligment,TTR,jira_issues|summit|summit-2331,20251116-140537,2025-11-16T14:05:37,NEW,closed|unassigned|ttr: t461 test zone aligment|ttr,,
jira_issues,SUMMIT,SUMMIT-2330,Closed,Unassigned,2025-09-04T18:32:13+08:00,PCO Item - PCO3.7.3GD,TTR,jira_issues|summit|summit-2330,20251116-140537,2025-11-16T14:05:37,NEW,closed|unassigned|pco item - pco3.7.3gd|ttr,,
jira_issues,SUMMIT,SUMMIT-2329,Closed,Unassigned,2025-09-04T18:27:10+08:00,PCO Item - PCO3.7.3GC,TTR,jira_issues|summit|summit-2329,20251116-140537,2025-11-16T14:05:37,NEW,closed|unassigned|pco item - pco3.7.3gc|ttr,,
jira_issues,SUMMIT,SUMMIT-2328,Closed,Unassigned,2025-09-04T18:12:21+08:00,PCO Item - PCO3.7.3GB,TTR,jira_issues|summit|summit-2328,20251116-140537,2025-11-16T14:05:37,NEW,closed|unassigned|pco item - pco3.7.3gb|ttr,,
jira_issues,SUMMIT,SUMMIT-2327,Closed,Unassigned,2025-09-04T11:14:30+08:00,TTR: New Servo Code xx66,TTR,jira_issues|summit|summit-2327,20251116-140537,2025-11-16T14:05:37,NEW,closed|unassigned|ttr: new servo code xx66|ttr,,
jira_issues,SUMMIT,SUMMIT-2326,Closed,Unassigned,2025-09-04T10:15:56+08:00,TTR: items from PCO 3.7.3x to PCO 3.8.1 branch,TTR,jira_issues|summit|summit-2326,20251116-140537,2025-11-16T14:05:37,NEW,closed|unassigned|ttr: items from pco 3.7.3x to pco 3.8.1 branch|ttr,,
jira_issues,SUMMIT,SUMMIT-2324,Closed,Unassigned,2025-09-02T13:16:45+08:00,"TTR: Release Block Point ""E"" Servo Code CEC3 for Summit SMR 30TB VC",TTR,jira_issues|summit|summit-2324,20251116-140537,2025-11-16T14:05:37,NEW,"closed|unassigned|ttr: release block point ""e"" servo code cec3 for summit smr 30tb vc|ttr",,
jira_issues,SUMMIT,SUMMIT-2322,Closed,Unassigned,2025-09-01T11:44:20+08:00,TTR: T150 PWT by Exception ,TTR,jira_issues|summit|summit-2322,20251116-140537,2025-11-16T14:05:37,NEW,closed|unassigned|ttr: t150 pwt by exception|ttr,,
jira_issues,SUMMIT,SUMMIT-2321,Closed,Unassigned,2025-08-29T21:59:56+08:00,TTR: T411 iVBAR for Summit,TTR,jira_issues|summit|summit-2321,20251116-140537,2025-11-16T14:05:37,NEW,closed|unassigned|ttr: t411 ivbar for summit|ttr,,
jira_issues,SUMMIT,SUMMIT-2319,Closed,Unassigned,2025-08-27T10:19:22+08:00,TTR : VBAR_ATI_IVBAR Further reduction,TTR,jira_issues|summit|summit-2319,20251116-140537,2025-11-16T14:05:37,NEW,closed|unassigned|ttr : vbar_ati_ivbar further reduction|ttr,,
jira_issues,SUMMIT,SUMMIT-2317,Closed,Unassigned,2025-08-26T21:14:13+08:00,TTR: VBAR_ZN_IVBAR Further,TTR,jira_issues|summit|summit-2317,20251116-140537,2025-11-16T14:05:37,NEW,closed|unassigned|ttr: vbar_zn_ivbar further|ttr,,
jira_issues,MARLIN,MARLINCT-2246,Resolved,Unassigned,2025-11-14T12:46:03+08:00,CLONE - MBP: FPW & SPFS Power Cycle Removal around LFA,TTR,jira_issues|marlin|marlinct-2246,20251116-140537,2025-11-16T14:05:37,NEW,resolved|unassigned|clone - mbp: fpw & spfs power cycle removal around lfa|ttr,,
jira_issues,MARLIN,MARLINCT-2243,Open,Unassigned,2025-11-13T15:55:33+08:00,Align FINE_JOG_CAL to remove T451 following PCO7.2x to PCO7.3x,TTR,jira_issues|marlin|marlinct-2243,20251116-140537,2025-11-16T14:05:37,NEW,open|unassigned|align fine_jog_cal to remove t451 following pco7.2x to pco7.3x|ttr,,
jira_issues,MARLIN,MARLINCT-2239,In Progress,Unassigned,2025-11-12T02:07:20+08:00,Live TCC eval for t55 TTR,TTR,jira_issues|marlin|marlinct-2239,20251116-140537,2025-11-16T14:05:37,NEW,in progress|unassigned|live tcc eval for t55 ttr|ttr,,
jira_issues,MARLIN,MARLINCT-2235,Open,Allen Tseng,2025-11-05T03:03:36+08:00,Remove power cycles ,TTR,jira_issues|marlin|marlinct-2235,20251116-140537,2025-11-16T14:05:37,NEW,open|allen tseng|remove power cycles around spfs and lfa cal|ttr,,
jira_issues,MARLIN,MARLINCT-2232,SME Verification,Unassigned,2025-11-01T04:28:25+08:00,Marlin SCopy TTR,TTR,jira_issues|marlin|marlinct-2232,20251116-140537,2025-11-16T14:05:37,NEW,sme verification|unassigned|marlin scopy ttr|ttr,,
jira_issues,MARLIN,MARLINCT-2227,Resolved,Unassigned,2025-10-27T10:06:04+08:00,"CLONE - WPOPTI: Pickup of SF3 TTR, and PF3 TTR",TTR,jira_issues|marlin|marlinct-2227,20251116-140537,2025-11-16T14:05:37,NEW,"resolved|unassigned|clone - wpopti: pickup of sf3 ttr, and pf3 ttr|ttr",,
jira_issues,MARLIN,MARLINCT-2226,In Progress,Unassigned,2025-10-25T00:46:10+08:00,SF3 reloadRAP eval,TTR,jira_issues|marlin|marlinct-2226,20251116-140537,2025-11-16T14:05:37,NEW,in progress|unassigned|sf3 reloadrap eval|ttr,,
jira_issues,MARLIN,MARLINCT-2225,Open,Unassigned,2025-10-25T00:20:28+08:00,OEE: Re-arrange Hot and Cold Operation ,TTR,jira_issues|marlin|marlinct-2225,20251116-140537,2025-11-16T14:05:37,NEW,open|unassigned|oee: re-arrange hot and cold operation|ttr,,
jira_issues,MARLIN,MARLINCT-2221,Resolved,Unassigned,2025-10-24T02:08:44+08:00,Release PCO 7.3.03,TTR,jira_issues|marlin|marlinct-2221,20251116-140537,2025-11-16T14:05:37,NEW,resolved|unassigned|release pco 7.3.03|ttr,,
jira_issues,MARLIN,MARLINCT-2217,Resolved,Unassigned,2025-10-21T05:48:41+08:00,Active Servo Flaw Table (ASFT) build algorithm change,TTR,jira_issues|marlin|marlinct-2217,20251116-140537,2025-11-16T14:05:37,NEW,resolved|unassigned|active servo flaw table (asft) build algorithm change|ttr,,
jira_issues,MARLIN,MARLINCT-2210,Resolved,Unassigned,2025-10-16T04:07:36+08:00,Removal of offset search and channel training reads,TTR,jira_issues|marlin|marlinct-2210,20251116-140537,2025-11-16T14:05:37,NEW,resolved|unassigned|removal of offset search and channel training reads|ttr,,
jira_issues,MARLIN,MARLINCT-2209,Open,Unassigned,2025-10-16T03:58:56+08:00,T55 - ZAP track reduction,TTR,jira_issues|marlin|marlinct-2209,20251116-140537,2025-11-16T14:05:37,NEW,open|unassigned|t55 - zap track reduction|ttr,,
jira_issues,MARLIN,MARLINCT-2202,Open,Unassigned,2025-10-10T01:08:23+08:00,apply Increase Opti LC_Delay step size from 2 to 4 to all opti calls,TTR,jira_issues|marlin|marlinct-2202,20251116-140537,2025-11-16T14:05:37,NEW,open|unassigned|apply increase opti lc_delay step size from 2 to 4 to all opti calls|ttr,,
jira_issues,MARLIN,MARLINCT-2201,Open,Unassigned,2025-10-10T01:04:06+08:00,Increase Opti LC_Delay step size from 2 to 4,TTR,jira_issues|marlin|marlinct-2201,20251116-140537,2025-11-16T14:05:37,NEW,open|unassigned|increase opti lc_delay step size from 2 to 4|ttr,,
jira_issues,MARLIN,MARLINCT-2200,Open,Unassigned,2025-10-10T01:00:45+08:00,Opti settling bypass BIE,TTR,jira_issues|marlin|marlinct-2200,20251116-140537,2025-11-16T14:05:37,NEW,open|unassigned|opti settling bypass bie|ttr,,
jira_issues,MARLIN,MARLINCT-2198,Resolved,Unassigned,2025-10-08T09:27:31+08:00,Release PCO 7.2.10D,TTR,jira_issues|marlin|marlinct-2198,20251116-140537,2025-11-16T14:05:37,NEW,resolved|unassigned|release pco 7.2.10d|ttr,,
jira_issues,MARLIN BP,MBP-1958,Open,Unassigned,2025-11-13T05:12:58+08:00,Create new config based 5.0.5L7 +PROZ SFW,TTR,jira_issues|marlin bp|mbp-1958,20251116-140537,2025-11-16T14:05:37,NEW,open|unassigned|create new config based 5.0.5l7 +proz sfw|ttr,,
jira_issues,MARLIN BP,MBP-1957,Resolved,Unassigned,2025-11-13T03:31:53+08:00,CLONE - TOPAZ for PROZ,TTR,jira_issues|marlin bp|mbp-1957,20251116-140537,2025-11-16T14:05:37,NEW,resolved|unassigned|clone - topaz for proz|ttr,,
jira_issues,MARLIN BP,MBP-1955,Open,Unassigned,2025-11-12T09:46:32+08:00,TOPAZ for PROZ,TTR,jira_issues|marlin bp|mbp-1955,20251116-140537,2025-11-16T14:05:37,NEW,open|unassigned|topaz for proz|ttr,,
jira_issues,MARLIN BP,MBP-1954,Open,Unassigned,2025-11-12T09:27:32+08:00,CLONE - MarlinBP Write/Read Transfer Rate Reduction.,TTR,jira_issues|marlin bp|mbp-1954,20251116-140537,2025-11-16T14:05:37,NEW,open|unassigned|clone - marlinbp write/read transfer rate reduction.|ttr,,
jira_issues,MARLIN BP,MBP-1931,SME Verification,Unassigned,2025-10-29T00:31:06+08:00,MarlinBP 10k RPM eval at SPIN OPER (Soak Time reduction eval),TTR,jira_issues|marlin bp|mbp-1931,20251116-140537,2025-11-16T14:05:37,NEW,sme verification|unassigned|marlinbp 10k rpm eval at spin oper (soak time reduction eval)|ttr,,
jira_issues,MARLIN BP,MBP-1926,Resolved,Unassigned,2025-10-25T02:42:01+08:00,CLONE - Optimize get ta rec for TA access and audit lookup,TTR,jira_issues|marlin bp|mbp-1926,20251116-140537,2025-11-16T14:05:37,NEW,resolved|unassigned|clone - optimize get ta rec for ta access and audit lookup|ttr,,
jira_issues,MARLIN BP,MBP-1924,In Progress,Unassigned,2025-10-25T00:16:51+08:00,SF3 ReloadRAP Eval,TTR,jira_issues|marlin bp|mbp-1924,20251116-140537,2025-11-16T14:05:37,NEW,in progress|unassigned|sf3 reloadrap eval|ttr,,
jira_issues,MARLIN BP,MBP-1917,Resolved,Unassigned,2025-10-21T23:31:44+08:00,CLONE - Evaluate modification of Active Servo Flaw Table (ASFT) build algorithm.,TTR,jira_issues|marlin bp|mbp-1917,20251116-140537,2025-11-16T14:05:37,NEW,resolved|unassigned|clone - evaluate modification of active servo flaw table (asft) build algorithm.|ttr,,
jira_issues,MARLIN BP,MBP-1916,In Progress,Unassigned,2025-10-21T22:30:49+08:00,"WPOPTI: Pickup of SF3 TTR, and PF3 TTR",TTR,jira_issues|marlin bp|mbp-1916,20251116-140537,2025-11-16T14:05:37,NEW,"in progress|unassigned|wpopti: pickup of sf3 ttr, and pf3 ttr|ttr",,
jira_issues,DORADO,DORADO-1369,Open,Unassigned,2025-11-14T03:10:26+08:00,Release PCO 4.4.2,TTR,jira_issues|dorado|dorado-1369,20251116-140537,2025-11-16T14:05:37,NEW,open|unassigned|release pco 4.4.2|ttr,,
jira_issues,DORADO,DORADO-1368,Open,Unassigned,2025-11-14T00:32:24+08:00,Dorado 2 C9 Wafer CFR Assessment Plus Soak Reduction ,TTR,jira_issues|dorado|dorado-1368,20251116-140537,2025-11-16T14:05:37,NEW,open|unassigned|dorado 2 c9 wafer cfr assessment plus soak reduction|ttr,,
jira_issues,DORADO,DORADO-1361,Resolved,Unassigned,2025-11-12T05:44:41+08:00,Pull in TSR-6419 for Dorado 2 Heads,TTR,jira_issues|dorado|dorado-1361,20251116-140537,2025-11-16T14:05:37,NEW,resolved|unassigned|pull in tsr-6419 for dorado 2 heads|ttr,,
jira_issues,DORADO,DORADO-1349,In Progress,Unassigned,2025-11-06T04:42:19+08:00,TTR - T282 supports on single rate sensitivity scoring and combined BODE,TTR,jira_issues|dorado|dorado-1349,20251116-140537,2025-11-16T14:05:37,NEW,in progress|unassigned|ttr - t282 supports on single rate sensitivity scoring and combined bode|ttr,,
jira_issues,DORADO,DORADO-1345,Open,Unassigned,2025-11-05T05:43:37+08:00,Dorado Sea-POT (SeaPot),TTR,jira_issues|dorado|dorado-1345,20251116-140537,2025-11-16T14:05:37,NEW,open|unassigned|dorado sea-pot (seapot)|ttr,,
jira_issues,DORADO,DORADO-1335,SME Verification,Unassigned,2025-10-29T21:28:16+08:00,10krpm eval at SPIN oper on Dorado,TTR,jira_issues|dorado|dorado-1335,20251116-140537,2025-11-16T14:05:37,NEW,sme verification|unassigned|10krpm eval at spin oper on dorado|ttr,,
jira_issues,DORADO,DORADO-1332,Resolved,Unassigned,2025-10-29T02:13:10+08:00,Add Hd screen specs of T297 checkerboard Tests,TTR,jira_issues|dorado|dorado-1332,20251116-140537,2025-11-16T14:05:37,NEW,resolved|unassigned|add hd screen specs of t297 checkerboard tests|ttr,,
jira_issues,DORADO,DORADO-1327,Open,Unassigned,2025-10-27T23:26:56+08:00,Managing TPM/MemDump files for ToolsGUI,TTR,jira_issues|dorado|dorado-1327,20251116-140537,2025-11-16T14:05:37,NEW,open|unassigned|managing tpm/memdump files for toolsgui|ttr,,
jira_issues,DORADO,DORADO-1322,Resolved,Unassigned,2025-10-26T10:37:04+08:00,T282 Bode uAct Timeout Fix,TTR,jira_issues|dorado|dorado-1322,20251116-140537,2025-11-16T14:05:37,NEW,resolved|unassigned|t282 bode uact timeout fix|ttr,,
jira_issues,DORADO,DORADO-1320,Resolved,Unassigned,2025-10-25T02:32:15+08:00,Optimize get ta rec for TA access and audit lookup,TTR,jira_issues|dorado|dorado-1320,20251116-140537,2025-11-16T14:05:37,NEW,resolved|unassigned|optimize get ta rec for ta access and audit lookup|ttr,,
jira_issues,SUMMIT,SUMMIT-2361,Open,Michael Foster,2025-11-08T05:47:24+08:00,test mmm ok,TTR,jira_issues|summit|summit-2364,20251116-140537,2025-11-16T14:05:37,NEW,open|michael foster|yip8 for summit rseed|ttr,,
jira_issues,SUMMIT,SUMMIT-2361,Open,Michael Foster,2025-11-08T05:47:24+08:00,test mmm ok,TTR,jira_issues|summit|summit-2364,20251116-140537,2025-11-16T14:05:37,NEW,open|michael foster|yip8 for summit rseed|ttr,,
jira_issues,SUMMIT,SUMMIT-2359,Closed,Gronggaew (GG) Boonjuang,2025-10-23T09:34:05+08:00,ok,TTR,jira_issues|summit|summit-2359,20251116-140537,2025-11-16T14:05:37,NEW,closed|gronggaew (gg) boonjuang|evaluate modification of active servo flaw table (asft) build algorithm|ttr,,
jira_issues,SUMMIT,SUMMIT-2355,Open,xxxx,ggg,TTR: TOPAZ ,TTR,jira_issues|summit|summit-2355,20251116-140537,2025-11-16T14:05:37,NEW,open|luh chyuan lau|ttr: topaz w/ proz integration|ttr,,
jira_issues,SUMMIT,SUMMIT-2347,SME Verification,Gronggaew (GG) Boonjuang,2025-09-26T18:03:34+08:00,PCO Item - PCO3.7.4B,TTR,jira_issues|summit|summit-2347,20251116-140537,2025-11-16T14:05:37,NEW,sme verification|gronggaew (gg) boonjuang|pco item - pco3.7.4b|ttr,,
jira_issues,SUMMIT,SUMMIT-2345,Reopened,Kwan Ng Loke,test,"enableDiags, Powercycle",TTR,jira_issues|summit|summit-2345,20251116-140537,2025-11-16T14:05:37,NEW,"reopened|kwan ng loke|ttr: pwt optimization: dnld_code, enablediags, powercycle|ttr",,
jira_issues,SUMMIT,SUMMIT-2334,Closed,Unassigned,2025-09-09T22:34:12+08:00,PCO Item - PCO3.7.3A_EFL2C2,TTR,jira_issues|summit|summit-2334,20251116-140537,2025-11-16T14:05:37,NEW,closed|unassigned|pco item - pco3.7.3a_efl2c2|ttr,,
jira_issues,SUMMIT,SUMMIT-2333,SME Verification,Unassigned,2025-09-09T19:17:29+08:00,PCO Item - PCO3.7.3A_EFL2B4,TTR,jira_issues|summit|summit-2333,20251116-140537,2025-11-16T14:05:37,NEW,sme verification|unassigned|pco item - pco3.7.3a_efl2b4|ttr,,
jira_issues,SUMMIT,SUMMIT-2331,Closed,Unassigned,2025-09-05T08:33:10+08:00,TTR: T461 Test Zone Aligment,TTR,jira_issues|summit|summit-2331,20251116-140537,2025-11-16T14:05:37,NEW,closed|unassigned|ttr: t461 test zone aligment|ttr,,
jira_issues,SUMMIT,SUMMIT-2330,Closed,Unassigned,2025-09-04T18:32:13+08:00,PCO Item - PCO3.7.3GD,TTR,jira_issues|summit|summit-2330,20251116-140537,2025-11-16T14:05:37,NEW,closed|unassigned|pco item - pco3.7.3gd|ttr,,
jira_issues,SUMMIT,SUMMIT-2329,Closed,Unassigned,2025-09-04T18:27:10+08:00,PCO Item - PCO3.7.3GC,TTR,jira_issues|summit|summit-2329,20251116-140537,2025-11-16T14:05:37,NEW,closed|unassigned|pco item - pco3.7.3gc|ttr,,
jira_issues,SUMMIT,SUMMIT-2328,Closed,Unassigned,2025-09-04T18:12:21+08:00,PCO Item - PCO3.7.3GB,TTR,jira_issues|summit|summit-2328,20251116-140537,2025-11-16T14:05:37,NEW,closed|unassigned|pco item - pco3.7.3gb|ttr,,
jira_issues,SUMMIT,SUMMIT-2327,Closed,Unassigned,2025-09-04T11:14:30+08:00,TTR: New Servo Code xx66,TTR,jira_issues|summit|summit-2327,20251116-140537,2025-11-16T14:05:37,NEW,closed|unassigned|ttr: new servo code xx66|ttr,,
jira_issues,SUMMIT,SUMMIT-2326,Closed,Unassigned,2025-09-04T10:15:56+08:00,TTR: items from PCO 3.7.3x to PCO 3.8.1 branch,TTR,jira_issues|summit|summit-2326,20251116-140537,2025-11-16T14:05:37,NEW,closed|unassigned|ttr: items from pco 3.7.3x to pco 3.8.1 branch|ttr,,
jira_issues,SUMMIT,SUMMIT-2324,Closed,Unassigned,2025-09-02T13:16:45+08:00,"TTR: Release Block Point ""E"" Servo Code CEC3 for Summit SMR 30TB VC",TTR,jira_issues|summit|summit-2324,20251116-140537,2025-11-16T14:05:37,NEW,"closed|unassigned|ttr: release block point ""e"" servo code cec3 for summit smr 30tb vc|ttr",,
jira_issues,SUMMIT,SUMMIT-2322,Closed,Unassigned,2025-09-01T11:44:20+08:00,TTR: T150 PWT by Exception ,TTR,jira_issues|summit|summit-2322,20251116-140537,2025-11-16T14:05:37,NEW,closed|unassigned|ttr: t150 pwt by exception|ttr,,
jira_issues,SUMMIT,SUMMIT-2321,Closed,Unassigned,2025-08-29T21:59:56+08:00,TTR: T411 iVBAR for Summit,TTR,jira_issues|summit|summit-2321,20251116-140537,2025-11-16T14:05:37,NEW,closed|unassigned|ttr: t411 ivbar for summit|ttr,,
jira_issues,SUMMIT,SUMMIT-2319,Closed,Unassigned,2025-08-27T10:19:22+08:00,TTR : VBAR_ATI_IVBAR Further reduction,TTR,jira_issues|summit|summit-2319,20251116-140537,2025-11-16T14:05:37,NEW,closed|unassigned|ttr : vbar_ati_ivbar further reduction|ttr,,
jira_issues,SUMMIT,SUMMIT-2317,Closed,Unassigned,2025-08-26T21:14:13+08:00,TTR: VBAR_ZN_IVBAR Further,TTR,jira_issues|summit|summit-2317,20251116-140537,2025-11-16T14:05:37,NEW,closed|unassigned|ttr: vbar_zn_ivbar further|ttr,,
jira_issues,MARLIN,MARLINCT-2246,Resolved,Unassigned,2025-11-14T12:46:03+08:00,CLONE - MBP: FPW & SPFS Power Cycle Removal around LFA,TTR,jira_issues|marlin|marlinct-2246,20251116-140537,2025-11-16T14:05:37,NEW,resolved|unassigned|clone - mbp: fpw & spfs power cycle removal around lfa|ttr,,
jira_issues,MARLIN,MARLINCT-2243,Open,Unassigned,2025-11-13T15:55:33+08:00,Align FINE_JOG_CAL to remove T451 following PCO7.2x to PCO7.3x,TTR,jira_issues|marlin|marlinct-2243,20251116-140537,2025-11-16T14:05:37,NEW,open|unassigned|align fine_jog_cal to remove t451 following pco7.2x to pco7.3x|ttr,,
jira_issues,MARLIN,MARLINCT-2239,In Progress,Unassigned,2025-11-12T02:07:20+08:00,Live TCC eval for t55 TTR,TTR,jira_issues|marlin|marlinct-2239,20251116-140537,2025-11-16T14:05:37,NEW,in progress|unassigned|live tcc eval for t55 ttr|ttr,,
jira_issues,MARLIN,MARLINCT-2235,Open,Allen Tseng,2025-11-05T03:03:36+08:00,Remove power cycles ,TTR,jira_issues|marlin|marlinct-2235,20251116-140537,2025-11-16T14:05:37,NEW,open|allen tseng|remove power cycles around spfs and lfa cal|ttr,,
jira_issues,MARLIN,MARLINCT-2232,SME Verification,Unassigned,2025-11-01T04:28:25+08:00,Marlin SCopy TTR,TTR,jira_issues|marlin|marlinct-2232,20251116-140537,2025-11-16T14:05:37,NEW,sme verification|unassigned|marlin scopy ttr|ttr,,
jira_issues,MARLIN,MARLINCT-2227,Resolved,Unassigned,2025-10-27T10:06:04+08:00,"CLONE - WPOPTI: Pickup of SF3 TTR, and PF3 TTR",TTR,jira_issues|marlin|marlinct-2227,20251116-140537,2025-11-16T14:05:37,NEW,"resolved|unassigned|clone - wpopti: pickup of sf3 ttr, and pf3 ttr|ttr",,
jira_issues,MARLIN,MARLINCT-2226,In Progress,Unassigned,2025-10-25T00:46:10+08:00,SF3 reloadRAP eval,TTR,jira_issues|marlin|marlinct-2226,20251116-140537,2025-11-16T14:05:37,NEW,in progress|unassigned|sf3 reloadrap eval|ttr,,
jira_issues,MARLIN,MARLINCT-2225,Open,Unassigned,2025-10-25T00:20:28+08:00,OEE: Re-arrange Hot and Cold Operation ,TTR,jira_issues|marlin|marlinct-2225,20251116-140537,2025-11-16T14:05:37,NEW,open|unassigned|oee: re-arrange hot and cold operation|ttr,,
jira_issues,MARLIN,MARLINCT-2221,Resolved,Unassigned,2025-10-24T02:08:44+08:00,Release PCO 7.3.03,TTR,jira_issues|marlin|marlinct-2221,20251116-140537,2025-11-16T14:05:37,NEW,resolved|unassigned|release pco 7.3.03|ttr,,
jira_issues,MARLIN,MARLINCT-2217,Resolved,Unassigned,2025-10-21T05:48:41+08:00,Active Servo Flaw Table (ASFT) build algorithm change,TTR,jira_issues|marlin|marlinct-2217,20251116-140537,2025-11-16T14:05:37,NEW,resolved|unassigned|active servo flaw table (asft) build algorithm change|ttr,,
jira_issues,MARLIN,MARLINCT-2210,Resolved,Unassigned,2025-10-16T04:07:36+08:00,Removal of offset search and channel training reads,TTR,jira_issues|marlin|marlinct-2210,20251116-140537,2025-11-16T14:05:37,NEW,resolved|unassigned|removal of offset search and channel training reads|ttr,,
jira_issues,MARLIN,MARLINCT-2209,Open,Unassigned,2025-10-16T03:58:56+08:00,T55 - ZAP track reduction,TTR,jira_issues|marlin|marlinct-2209,20251116-140537,2025-11-16T14:05:37,NEW,open|unassigned|t55 - zap track reduction|ttr,,
jira_issues,MARLIN,MARLINCT-2202,Open,Unassigned,2025-10-10T01:08:23+08:00,apply Increase Opti LC_Delay step size from 2 to 4 to all opti calls,TTR,jira_issues|marlin|marlinct-2202,20251116-140537,2025-11-16T14:05:37,NEW,open|unassigned|apply increase opti lc_delay step size from 2 to 4 to all opti calls|ttr,,
jira_issues,MARLIN,MARLINCT-2201,Open,Unassigned,2025-10-10T01:04:06+08:00,Increase Opti LC_Delay step size from 2 to 4,TTR,jira_issues|marlin|marlinct-2201,20251116-140537,2025-11-16T14:05:37,NEW,open|unassigned|increase opti lc_delay step size from 2 to 4|ttr,,
jira_issues,MARLIN,MARLINCT-2200,Open,Unassigned,2025-10-10T01:00:45+08:00,Opti settling bypass BIE,TTR,jira_issues|marlin|marlinct-2200,20251116-140537,2025-11-16T14:05:37,NEW,open|unassigned|opti settling bypass bie|ttr,,
jira_issues,MARLIN BP,MBP-1958,Open,Unassigned,2025-11-13T05:12:58+08:00,Create new config based 5.0.5L7 +PROZ SFW,TTR,jira_issues|marlin bp|mbp-1958,20251116-140537,2025-11-16T14:05:37,NEW,open|unassigned|create new config based 5.0.5l7 +proz sfw|ttr,,
jira_issues,MARLIN BP,MBP-1957,Resolved,Unassigned,2025-11-13T03:31:53+08:00,CLONE - TOPAZ for PROZ,TTR,jira_issues|marlin bp|mbp-1957,20251116-140537,2025-11-16T14:05:37,NEW,resolved|unassigned|clone - topaz for proz|ttr,,
jira_issues,MARLIN BP,MBP-1955,Open,Unassigned,2025-11-12T09:46:32+08:00,TOPAZ for PROZ,TTR,jira_issues|marlin bp|mbp-1955,20251116-140537,2025-11-16T14:05:37,NEW,open|unassigned|topaz for proz|ttr,,
jira_issues,MARLIN BP,MBP-1954,Open,Unassigned,2025-11-12T09:27:32+08:00,CLONE - MarlinBP Write/Read Transfer Rate Reduction.,TTR,jira_issues|marlin bp|mbp-1954,20251116-140537,2025-11-16T14:05:37,NEW,open|unassigned|clone - marlinbp write/read transfer rate reduction.|ttr,,
jira_issues,MARLIN BP,MBP-1931,SME Verification,Unassigned,2025-10-29T00:31:06+08:00,MarlinBP 10k RPM eval at SPIN OPER (Soak Time reduction eval),TTR,jira_issues|marlin bp|mbp-1931,20251116-140537,2025-11-16T14:05:37,NEW,sme verification|unassigned|marlinbp 10k rpm eval at spin oper (soak time reduction eval)|ttr,,
jira_issues,MARLIN BP,MBP-1926,Resolved,Unassigned,2025-10-25T02:42:01+08:00,CLONE - Optimize get ta rec for TA access and audit lookup,TTR,jira_issues|marlin bp|mbp-1926,20251116-140537,2025-11-16T14:05:37,NEW,resolved|unassigned|clone - optimize get ta rec for ta access and audit lookup|ttr,,
jira_issues,MARLIN BP,MBP-1924,In Progress,Unassigned,2025-10-25T00:16:51+08:00,SF3 ReloadRAP Eval,TTR,jira_issues|marlin bp|mbp-1924,20251116-140537,2025-11-16T14:05:37,NEW,in progress|unassigned|sf3 reloadrap eval|ttr,,
jira_issues,MARLIN BP,MBP-1917,Resolved,Unassigned,2025-10-21T23:31:44+08:00,CLONE - Evaluate modification of Active Servo Flaw Table (ASFT) build algorithm.,TTR,jira_issues|marlin bp|mbp-1917,20251116-140537,2025-11-16T14:05:37,NEW,resolved|unassigned|clone - evaluate modification of active servo flaw table (asft) build algorithm.|ttr,,
jira_issues,MARLIN BP,MBP-1916,In Progress,Unassigned,2025-10-21T22:30:49+08:00,"WPOPTI: Pickup of SF3 TTR, and PF3 TTR",TTR,jira_issues|marlin bp|mbp-1916,20251116-140537,2025-11-16T14:05:37,NEW,"in progress|unassigned|wpopti: pickup of sf3 ttr, and pf3 ttr|ttr",,
jira_issues,DORADO,DORADO-1369,Open,Unassigned,2025-11-14T03:10:26+08:00,Release PCO 4.4.2,TTR,jira_issues|dorado|dorado-1369,20251116-140537,2025-11-16T14:05:37,NEW,open|unassigned|release pco 4.4.2|ttr,,
jira_issues,DORADO,DORADO-1368,Open,Unassigned,2025-11-14T00:32:24+08:00,Dorado 2 C9 Wafer CFR Assessment Plus Soak Reduction ,TTR,jira_issues|dorado|dorado-1368,20251116-140537,2025-11-16T14:05:37,NEW,open|unassigned|dorado 2 c9 wafer cfr assessment plus soak reduction|ttr,,
jira_issues,DORADO,DORADO-1361,Resolved,Unassigned,2025-11-12T05:44:41+08:00,Pull in TSR-6419 for Dorado 2 Heads,TTR,jira_issues|dorado|dorado-1361,20251116-140537,2025-11-16T14:05:37,NEW,resolved|unassigned|pull in tsr-6419 for dorado 2 heads|ttr,,
jira_issues,DORADO,DORADO-1349,In Progress,Unassigned,2025-11-06T04:42:19+08:00,TTR - T282 supports on single rate sensitivity scoring and combined BODE,TTR,jira_issues|dorado|dorado-1349,20251116-140537,2025-11-16T14:05:37,NEW,in progress|unassigned|ttr - t282 supports on single rate sensitivity scoring and combined bode|ttr,,
jira_issues,DORADO,DORADO-1345,Open,Unassigned,2025-11-05T05:43:37+08:00,Dorado Sea-POT (SeaPot),TTR,jira_issues|dorado|dorado-1345,20251116-140537,2025-11-16T14:05:37,NEW,open|unassigned|dorado sea-pot (seapot)|ttr,,
jira_issues,DORADO,DORADO-1335,SME Verification,Unassigned,2025-10-29T21:28:16+08:00,10krpm eval at SPIN oper on Dorado,TTR,jira_issues|dorado|dorado-1335,20251116-140537,2025-11-16T14:05:37,NEW,sme verification|unassigned|10krpm eval at spin oper on dorado|ttr,,
jira_issues,DORADO,DORADO-1332,Resolved,Unassigned,2025-10-29T02:13:10+08:00,Add Hd screen specs of T297 checkerboard Tests,TTR,jira_issues|dorado|dorado-1332,20251116-140537,2025-11-16T14:05:37,NEW,resolved|unassigned|add hd screen specs of t297 checkerboard tests|ttr,,
jira_issues,DORADO,DORADO-1327,Open,Unassigned,2025-10-27T23:26:56+08:00,Managing TPM/MemDump files for ToolsGUI,TTR,jira_issues|dorado|dorado-1327,20251116-140537,2025-11-16T14:05:37,NEW,open|unassigned|managing tpm/memdump files for toolsgui|ttr,,
DISC,MARLIN,CR0011886,Completed,Kriangkrai Kuskul,2024-01-10T14:34:57,Marlin : T163 TTR,TTR,disc|marlin|cr0011886,20251116-140537,2025-11-16T14:05:37,NEW,completed|kriangkrai kuskul|marlin : t163 ttr|ttr,,
DISC,SUMMIT,CR0011918,Completed,Kriangkrai Kuskul,2024-01-16T14:52:45,"SUMMIT : Integrate CL2410882: Optimize T461 at OPTI_CHECK_T461, OPTI_CHECK_T461_SMR state CAL2 oper",TTR,disc|summit|cr0011918,20251116-140537,2025-11-16T14:05:37,NEW,"completed|kriangkrai kuskul|summit : integrate cl2410882: optimize t461 at opti_check_t461, opti_check_t461_smr state cal2 oper|ttr",,
DISC,SUMMIT,CR0011952,Completed,Kriangkrai Kuskul,2024-01-24T12:12:08,Summit : T163 TTR,TTR,disc|summit|cr0011952,20251116-140537,2025-11-16T14:05:37,NEW,completed|kriangkrai kuskul|summit : t163 ttr|ttr,,
DISC,SUMMIT,CR0011974,Completed,Gronggaew Boonjuang,2024-01-30T14:23:35,OCZ-ZFS Repeatability Study for TTR,TTR,disc|summit|cr0011974,20251116-140537,2025-11-16T14:05:37,NEW,completed|gronggaew boonjuang|ocz-zfs repeatability study for ttr|ttr,,
DISC,MARLIN,CR0011985,Completed,Worawit Kanjanapruthipong,2024-02-01T18:32:39,POML (force PO last zone for system area reclaim),TTR,disc|marlin|cr0011985,20251116-140537,2025-11-16T14:05:37,NEW,completed|worawit kanjanapruthipong|poml (force po last zone for system area reclaim)|ttr,,
DISC,SUMMIT,CR0011991,Completed,Worawit Kanjanapruthipong,2024-02-02T18:59:43,POML (force PO last zone for system area reclaim),TTR,disc|summit|cr0011991,20251116-140537,2025-11-16T14:05:37,NEW,completed|worawit kanjanapruthipong|poml (force po last zone for system area reclaim)|ttr,,
DISC,MARLIN,CR0011992,Completed,Oosana Onjan,2024-02-05T17:39:44,Marlin Rseed Add P_FAILING_HEAD,TTR,disc|marlin|cr0011992,20251116-140537,2025-11-16T14:05:37,NEW,completed|oosana onjan|marlin rseed add p_failing_head|ttr,,
DISC,SUMMIT,CR0011997,Completed,Atchara Tiantawatchakun,2024-02-07T12:59:05,TTR Test240 EAW,TTR,disc|summit|cr0011997,20251116-140537,2025-11-16T14:05:37,NEW,completed|atchara tiantawatchakun|ttr test240 eaw|ttr,,
DISC,SUMMIT,CR0012008,Completed,Suphaphit Saepu,2024-02-09T15:09:39,Summit : TTR T461 reduce NumRd/NumWr from 2 to 1,TTR,disc|summit|cr0012008,20251116-140537,2025-11-16T14:05:37,NEW,completed|suphaphit saepu|summit : ttr t461 reduce numrd/numwr from 2 to 1|ttr,,
DISC,SUMMIT,CR0012027,Completed,Sitthichai Pomthong,2024-02-15T15:50:18,Summit: ATI write optimization in WP version2,TTR,disc|summit|cr0012027,20251116-140537,2025-11-16T14:05:37,NEW,completed|sitthichai pomthong|summit: ati write optimization in wp version2|ttr,,
DISC,SUMMIT,CR0012045,Completed,Gronggaew Boonjuang,2024-02-20T15:34:48,SUMMIT: Enable run T257 via GSM sampling,TTR,disc|summit|cr0012045,20251116-140537,2025-11-16T14:05:37,NEW,completed|gronggaew boonjuang|summit: enable run t257 via gsm sampling|ttr,,
DISC,MARLIN,CR0012059,Completed,Sitthichai Pomthong,2024-02-28T11:17:45,Marlin: ATI write optimization in WP,TTR,disc|marlin|cr0012059,20251116-140537,2025-11-16T14:05:37,NEW,completed|sitthichai pomthong|marlin: ati write optimization in wp|ttr,,
DISC,MARLIN,CR0012093,Completed,Sitthichai Pomthong,2024-03-07T10:10:35,Marlin: T451 zone alignment VBAR_ATI,TTR,disc|marlin|cr0012093,20251116-140537,2025-11-16T14:05:37,NEW,completed|sitthichai pomthong|marlin: t451 zone alignment vbar_ati|ttr,,
DISC,SUMMIT,CR0012094,Completed,Atchara Tiantawatchakun,2024-03-07T12:44:16,Power Cycle Optimization,TTR,disc|summit|cr0012094,20251116-140537,2025-11-16T14:05:37,NEW,completed|atchara tiantawatchakun|power cycle optimization|ttr,,
DISC,SUMMIT,CR0012095,Completed,Atchara Tiantawatchakun,2024-03-07T12:52:16,TTR T240 EAW Experiment,TTR,disc|summit|cr0012095,20251116-140537,2025-11-16T14:05:37,NEW,completed|atchara tiantawatchakun|ttr t240 eaw experiment|ttr,,
DISC,MARLIN,CR0012100,Completed,Warachai Singjungreed,2024-03-08T12:46:18,ZBB Eval for MArlin,TTR,disc|marlin|cr0012100,20251116-140537,2025-11-16T14:05:37,NEW,completed|warachai singjungreed|zbb eval for marlin|ttr,,
DISC,MARLIN,CR0012101,Completed,Worawit Kanjanapruthipong,2024-03-08T15:17:19,T461 reduce NumRd/NumWr from 2 to 1,TTR,disc|marlin|cr0012101,20251116-140537,2025-11-16T14:05:37,NEW,completed|worawit kanjanapruthipong|t461 reduce numrd/numwr from 2 to 1|ttr,,
DISC,MARLIN,CR0012109,Completed,Sitthichai Pomthong,2024-03-11T17:56:40,Marlin: Optimize updating BPI/TPI formats,TTR,disc|marlin|cr0012109,20251116-140537,2025-11-16T14:05:37,NEW,completed|sitthichai pomthong|marlin: optimize updating bpi/tpi formats|ttr,,
DISC,MARLIN,CR0012120,Completed,Warachai Singjungreed,2024-03-13T15:39:54,Limit sector for W/R TRANSFER,TTR,disc|marlin|cr0012120,20251116-140537,2025-11-16T14:05:37,NEW,completed|warachai singjungreed|limit sector for w/r transfer|ttr,,
DISC,SUMMIT,CR0012123,Completed,Natthakritta Rungtalay,2024-03-14T12:05:45,DOE for NumWrt 512 in T299_DS_ATI,TTR,disc|summit|cr0012123,20251116-140537,2025-11-16T14:05:37,NEW,completed|natthakritta rungtalay|doe for numwrt 512 in t299_ds_ati|ttr,,
DISC,SUMMIT,CR0012130,Completed,Gronggaew Boonjuang,2024-03-15T15:53:27,Allow Short FAIL_PROC for brain swap process after flash saving.,TTR,disc|summit|cr0012130,20251116-140537,2025-11-16T14:05:37,NEW,completed|gronggaew boonjuang|allow short fail_proc for brain swap process after flash saving.|ttr,,
DISC,SUMMIT,CR0012132,Completed,Gronggaew Boonjuang,2024-03-15T18:17:56,Allow Short FAIL_PROC for brain swap process after flash saving PCO3.2.7,TTR,disc|summit|cr0012132,20251116-140537,2025-11-16T14:05:37,NEW,completed|gronggaew boonjuang|allow short fail_proc for brain swap process after flash saving pco3.2.7|ttr,,
DISC,SUMMIT,CR0012202,Completed,Gronggaew Boonjuang,2024-03-28T11:44:52,SUMMIT: OCZ-ZFS Repeatability Study for TTR on SMR,TTR,disc|summit|cr0012202,20251116-140537,2025-11-16T14:05:37,NEW,completed|gronggaew boonjuang|summit: ocz-zfs repeatability study for ttr on smr|ttr,,
DISC,MARLIN,CR0012205,Completed,Kittitus Samatthanaras,2024-03-28T14:44:50,DOE Issue TCG_PREP EC11044,TTR,disc|marlin|cr0012205,20251116-140537,2025-11-16T14:05:37,NEW,completed|kittitus samatthanaras|doe issue tcg_prep ec11044|ttr,,
DISC,SUMMIT,CR0012211,Completed,Gronggaew Boonjuang,2024-03-29T15:05:03,Summit CMR ZFS Repeatability,TTR,disc|summit|cr0012211,20251116-140537,2025-11-16T14:05:37,NEW,completed|gronggaew boonjuang|summit cmr zfs repeatability|ttr,,
DISC,MARLIN,CR0012212,Completed,Worawit Kanjanapruthipong,2024-03-29T15:48:11,POML OTF,TTR,disc|marlin|cr0012212,20251116-140537,2025-11-16T14:05:37,NEW,completed|worawit kanjanapruthipong|poml otf|ttr,,
DISC,SUMMIT,CR0012213,Completed,Worawit Kanjanapruthipong,2024-03-29T16:25:18,POML OTF,TTR,disc|summit|cr0012213,20251116-140537,2025-11-16T14:05:37,NEW,completed|worawit kanjanapruthipong|poml otf|ttr,,
DISC,MARLIN,CR0012214,Rejected at Development,Sitthichai Pomthong,2024-04-01T11:02:33,Marlin : Read sector time improvement,TTR,disc|marlin|cr0012214,20251116-140537,2025-11-16T14:05:37,NEW,rejected at development|sitthichai pomthong|marlin : read sector time improvement|ttr,,
DISC,MARLIN,CR0012247,Completed,Warachai Singjungreed,2024-04-10T09:15:50,Limit sector for W/R TRANSFER with Repeat data.,TTR,disc|marlin|cr0012247,20251116-140537,2025-11-16T14:05:37,NEW,completed|warachai singjungreed|limit sector for w/r transfer with repeat data.|ttr,,
DISC,MARLIN BP,CR0012250,Completed,Ronnakorn Yimgratok,2024-04-10T12:15:34,MarlinBP: Get buddy slot information,TTR,disc|marlin bp|cr0012250,20251116-140537,2025-11-16T14:05:37,NEW,completed|ronnakorn yimgratok|marlinbp: get buddy slot information|ttr,,
DISC,SUMMIT,CR0012253,Completed,Gronggaew Boonjuang,2024-04-11T10:53:11,DOE#2: Workaround to fix EC14527,TTR,disc|summit|cr0012253,20251116-140537,2025-11-16T14:05:37,NEW,completed|gronggaew boonjuang|doe#2: workaround to fix ec14527|ttr,,
DISC,SUMMIT,CR0012262,Completed,Gronggaew Boonjuang,2024-04-12T09:22:19,DOE#3: Workaround to fix EC14527,TTR,disc|summit|cr0012262,20251116-140537,2025-11-16T14:05:37,NEW,completed|gronggaew boonjuang|doe#3: workaround to fix ec14527|ttr,,
DISC,SUMMIT,CR0012268,Completed,Natthakritta Rungtalay,2024-04-12T12:33:44,DOE for Reduce NumWrt from 1000 to 512 in T299_DS_ATI,TTR,disc|summit|cr0012268,20251116-140537,2025-11-16T14:05:37,NEW,completed|natthakritta rungtalay|doe for reduce numwrt from 1000 to 512 in t299_ds_ati|ttr,,
DISC,MARLIN,CR0012276,Completed,Worawit Kanjanapruthipong,2024-04-18T16:55:48,POML OTF (updated),TTR,disc|marlin|cr0012276,20251116-140537,2025-11-16T14:05:37,NEW,completed|worawit kanjanapruthipong|poml otf (updated)|ttr,,
DISC,SUMMIT,CR0012285,Completed,Gronggaew Boonjuang,2024-04-19T22:23:44,Leverage TTR VIBE/CALM feature,TTR,disc|summit|cr0012285,20251116-140537,2025-11-16T14:05:37,NEW,completed|gronggaew boonjuang|leverage ttr vibe/calm feature|ttr,,
DISC,SUMMIT,CR0012309,Completed,Sitthichai Pomthong,2024-04-26T12:03:31,Summit : VBAR_INIT Prediction sampling collection data,TTR,disc|summit|cr0012309,20251116-140537,2025-11-16T14:05:37,NEW,completed|sitthichai pomthong|summit : vbar_init prediction sampling collection data|ttr,,
DISC,MARLIN,CR0012316,Completed,Kriangkrai Kuskul,2024-04-26T17:34:18,Marlin : T55 ASTB overhead debug,TTR,disc|marlin|cr0012316,20251116-140537,2025-11-16T14:05:37,NEW,completed|kriangkrai kuskul|marlin : t55 astb overhead debug|ttr,,
DISC,SUMMIT,CR0012320,Completed,Gronggaew Boonjuang,2024-04-29T14:15:30,	SUMMIT: OCZ-ZFS Repeatability Study for TTR on SMR,TTR,disc|summit|cr0012320,20251116-140537,2025-11-16T14:05:37,NEW,completed|gronggaew boonjuang|summit: ocz-zfs repeatability study for ttr on smr|ttr,,
DISC,SUMMIT,CR0012326,Completed,Gronggaew Boonjuang,2024-04-30T23:11:26,SUMMIT: OCZ-ZFS Repeatability Study for TTR on CMR,TTR,disc|summit|cr0012326,20251116-140537,2025-11-16T14:05:37,NEW,completed|gronggaew boonjuang|summit: ocz-zfs repeatability study for ttr on cmr|ttr,,
DISC,SUMMIT,CR0012329,Completed,Atchara Tiantawatchakun,2024-05-02T11:25:06,TTR T240 EAW Experiment with bypass failure,TTR,disc|summit|cr0012329,20251116-140537,2025-11-16T14:05:37,NEW,completed|atchara tiantawatchakun|ttr t240 eaw experiment with bypass failure|ttr,,
DISC,SUMMIT,CR0012349,Completed,Gronggaew Boonjuang,2024-05-06T23:03:39,SUMMIT: OCZ-ZFS Repeatability Study for TTR on CMR [PCO3.4.1E],TTR,disc|summit|cr0012349,20251116-140537,2025-11-16T14:05:37,NEW,completed|gronggaew boonjuang|summit: ocz-zfs repeatability study for ttr on cmr [pco3.4.1e]|ttr,,
DISC,SUMMIT,CR0012367,Completed,Gronggaew Boonjuang,2024-05-10T16:38:12,SUMMIT: OCZ-ZFS Repeatability Study for TTR on SMR [PCO3.3.2],TTR,disc|summit|cr0012367,20251116-140537,2025-11-16T14:05:37,NEW,completed|gronggaew boonjuang|summit: ocz-zfs repeatability study for ttr on smr [pco3.3.2]|ttr,,
DISC,SUMMIT,CR0012373,Completed,Natthakritta Rungtalay,2024-05-13T18:22:45,New T299 RAP saving optimization for CMR and HSMR,TTR,disc|summit|cr0012373,20251116-140537,2025-11-16T14:05:37,NEW,completed|natthakritta rungtalay|new t299 rap saving optimization for cmr and hsmr|ttr,,
DISC,SUMMIT,CR0012388,Completed,Atchara Tiantawatchakun,2024-05-15T10:03:23,Power Cycle Optimization for SCOPY PCO3.4.1F,TTR,disc|summit|cr0012388,20251116-140537,2025-11-16T14:05:37,NEW,completed|atchara tiantawatchakun|power cycle optimization for scopy pco3.4.1f|ttr,,
DISC,SUMMIT,CR0012389,Completed,Atchara Tiantawatchakun,2024-05-15T10:04:50,Power Cycle Optimization for PCO3.4.2,TTR,disc|summit|cr0012389,20251116-140537,2025-11-16T14:05:37,NEW,completed|atchara tiantawatchakun|power cycle optimization for pco3.4.2|ttr,,
DISC,MARLIN,CR0012411,Completed,Worawit Kanjanapruthipong,2024-05-17T16:06:57,POML OTF (reli qual),TTR,disc|marlin|cr0012411,20251116-140537,2025-11-16T14:05:37,NEW,completed|worawit kanjanapruthipong|poml otf (reli qual)|ttr,,
DISC,MARLIN,CR0012451,Completed,Worawit Kanjanapruthipong,2024-05-29T11:58:04,POML WW,TTR,disc|marlin|cr0012451,20251116-140537,2025-11-16T14:05:37,NEW,completed|worawit kanjanapruthipong|poml ww|ttr,,
DISC,SUMMIT,CR0012454,Completed,Gronggaew Boonjuang,2024-05-29T17:46:36,SUMMIT: OCZ-ZFS ,TTR,disc|summit|cr0012454,20251116-140537,2025-11-16T14:05:37,NEW,completed|gronggaew boonjuang|summit: ocz-zfs|ttr,,
DISC,SUMMIT,CR0012462,Completed,Gronggaew Boonjuang,2024-05-31T10:18:07,SUMMIT: Short reconfig flow (Mid Plan),TTR,disc|summit|cr0012462,20251116-140537,2025-11-16T14:05:37,NEW,completed|gronggaew boonjuang|summit: short reconfig flow (mid plan)|ttr,,
DISC,SUMMIT,CR0012475,Completed,Worawit Kanjanapruthipong,2024-06-05T16:42:09,POML WW,TTR,disc|summit|cr0012475,20251116-140537,2025-11-16T14:05:37,NEW,completed|worawit kanjanapruthipong|poml ww|ttr,,
DISC,SUMMIT,CR0012483,Completed,Gronggaew Boonjuang,2024-06-06T17:05:44,SUMMIT: OCZ-ZFS Repeatability Study for TTR on SMR [PCO3.4.2],TTR,disc|summit|cr0012483,20251116-140537,2025-11-16T14:05:37,NEW,completed|gronggaew boonjuang|summit: ocz-zfs repeatability study for ttr on smr [pco3.4.2]|ttr,,
DISC,SUMMIT,CR0012486,Completed,Gronggaew Boonjuang,2024-06-07T10:17:39,SUMMIT: Short reconfig flow (Mid Plan),TTR,disc|summit|cr0012486,20251116-140537,2025-11-16T14:05:37,NEW,completed|gronggaew boonjuang|summit: short reconfig flow (mid plan)|ttr,,
DISC,MARLIN,CR0012487,Awaiting Development,Sitthichai Pomthong,2024-06-07T11:28:35,Marlin: Final loop VBAR_ATI Prediction,TTR,disc|marlin|cr0012487,20251116-140537,2025-11-16T14:05:37,NEW,awaiting development|sitthichai pomthong|marlin: final loop vbar_ati prediction|ttr,,
DISC,MARLIN,CR0012488,Completed,Warachai Singjungreed,2024-06-07T12:46:26,ZBB Eval for Marlin for CMR mode only,TTR,disc|marlin|cr0012488,20251116-140537,2025-11-16T14:05:37,NEW,completed|warachai singjungreed|zbb eval for marlin for cmr mode only|ttr,,
DISC,MARLIN BP,CR0012495,Completed,Ronnakorn Yimgratok,2024-06-10T15:31:17,MarlinBP: IR_TEST_TIME report for iReovery restate,TTR,disc|marlin bp|cr0012495,20251116-140537,2025-11-16T14:05:37,NEW,completed|ronnakorn yimgratok|marlinbp: ir_test_time report for ireovery restate|ttr,,
DISC,MARLIN,CR0012507,Completed,Worawit Kanjanapruthipong,2024-06-13T19:12:46,POML WW (2nd run),TTR,disc|marlin|cr0012507,20251116-140537,2025-11-16T14:05:37,NEW,completed|worawit kanjanapruthipong|poml ww (2nd run)|ttr,,
DISC,SUMMIT,CR0012524,Completed,Atchara Tiantawatchakun,2024-06-19T09:25:17,Power Cycle Optimization Experiment based on PCO3.4.2,TTR,disc|summit|cr0012524,20251116-140537,2025-11-16T14:05:37,NEW,completed|atchara tiantawatchakun|power cycle optimization experiment based on pco3.4.2|ttr,,
DISC,SUMMIT,CR0012535,Completed,Atchara Tiantawatchakun,2024-06-24T12:44:24,Power Cycle Optimization Experiment based on PCO3.4.2 ver2,TTR,disc|summit|cr0012535,20251116-140537,2025-11-16T14:05:37,NEW,completed|atchara tiantawatchakun|power cycle optimization experiment based on pco3.4.2 ver2|ttr,,
DISC,SUMMIT,CR0012541,Completed,Kriangkrai Kuskul,2024-06-25T15:11:19,SUMMIT : Write Opti: Read Averaging Reduction,TTR,disc|summit|cr0012541,20251116-140537,2025-11-16T14:05:37,NEW,completed|kriangkrai kuskul|summit : write opti: read averaging reduction|ttr,,
DISC,MARLIN,CR0012562,Completed,Kriangkrai Kuskul,2024-07-01T11:08:03,Marlin : variable lba W/R xfr evaluaion,TTR,disc|marlin|cr0012562,20251116-140537,2025-11-16T14:05:37,NEW,completed|kriangkrai kuskul|marlin : variable lba w/r xfr evaluaion|ttr,,
DISC,SUMMIT,CR0012582,Completed,Atchara Tiantawatchakun,2024-07-04T11:16:14,Separate out tempSaturationDifferentialReq for HC and HL cell,TTR,disc|summit|cr0012582,20251116-140537,2025-11-16T14:05:37,NEW,completed|atchara tiantawatchakun|separate out tempsaturationdifferentialreq for hc and hl cell|ttr,,
DISC,SUMMIT,CR0012586,Completed,Atchara Tiantawatchakun,2024-07-04T15:34:01,Power Cycle Optimization skip 4 states CRT2,TTR,disc|summit|cr0012586,20251116-140537,2025-11-16T14:05:37,NEW,completed|atchara tiantawatchakun|power cycle optimization skip 4 states crt2|ttr,,
DISC,MARLIN,CR0012617,Completed,Worawit Kanjanapruthipong,2024-07-11T15:54:43,T461 Optimization (revise per Lewis),TTR,disc|marlin|cr0012617,20251116-140537,2025-11-16T14:05:37,NEW,completed|worawit kanjanapruthipong|t461 optimization (revise per lewis)|ttr,,
DISC,SUMMIT,CR0012632,Completed,Gronggaew Boonjuang,2024-07-15T20:01:59,SUMMIT: OCZ-ZFS Version09C,TTR,disc|summit|cr0012632,20251116-140537,2025-11-16T14:05:37,NEW,completed|gronggaew boonjuang|summit: ocz-zfs version09c|ttr,,
DISC,SUMMIT,CR0012645,Completed,Kriangkrai Kuskul,2024-07-17T16:33:13,SUMMIT : ZAP prediction,TTR,disc|summit|cr0012645,20251116-140537,2025-11-16T14:05:37,NEW,completed|kriangkrai kuskul|summit : zap prediction|ttr,,
DISC,MARLIN,CR0012646,Rejected at Distribution,Phanom Nuangchomphoo,2024-07-17T17:19:31,Study merge Backend TP,TTR,disc|marlin|cr0012646,20251116-140537,2025-11-16T14:05:37,NEW,rejected at distribution|phanom nuangchomphoo|study merge backend tp|ttr,,
DISC,MARLIN,CR0012690,Completed,Petcharat Boonprasop,2024-07-25T16:48:18,Enable ZBB full mode (CMR&SMR),TTR,disc|marlin|cr0012690,20251116-140537,2025-11-16T14:05:37,NEW,completed|petcharat boonprasop|enable zbb full mode (cmr&smr)|ttr,,
DISC,SUMMIT,CR0012706,Completed,Gronggaew Boonjuang,2024-07-31T22:03:03,Summit: TTR-ZFS based on PCO3.5.0A,TTR,disc|summit|cr0012706,20251116-140537,2025-11-16T14:05:37,NEW,completed|gronggaew boonjuang|summit: ttr-zfs based on pco3.5.0a|ttr,,
DISC,SUMMIT,CR0012746,Completed,Suphaphit Saepu,2024-08-08T16:56:49,Summit: MRT2 Feature V2 Update,TTR,disc|summit|cr0012746,20251116-140537,2025-11-16T14:05:37,NEW,completed|suphaphit saepu|summit: mrt2 feature v2 update|ttr,,
DISC,SUMMIT,CR0012749,Completed,Gronggaew Boonjuang,2024-08-08T18:20:43,SUMMIT: ZFS feature qualification,TTR,disc|summit|cr0012749,20251116-140537,2025-11-16T14:05:37,NEW,completed|gronggaew boonjuang|summit: zfs feature qualification|ttr,,
DISC,SUMMIT,CR0012785,Completed,Gronggaew Boonjuang,2024-08-16T22:40:18,SUMMIT: T2108 SkInc settings for TTR,TTR,disc|summit|cr0012785,20251116-140537,2025-11-16T14:05:37,NEW,completed|gronggaew boonjuang|summit: t2108 skinc settings for ttr|ttr,,
DISC,SUMMIT,CR0012786,Completed,Gronggaew Boonjuang,2024-08-16T22:43:18,SUMMIT: Reduction of Test 130 DBI (FileID 8) backup calls at SPFS,TTR,disc|summit|cr0012786,20251116-140537,2025-11-16T14:05:37,NEW,completed|gronggaew boonjuang|summit: reduction of test 130 dbi (fileid 8) backup calls at spfs|ttr,,
DISC,SUMMIT,CR0012808,Completed,Gronggaew Boonjuang,2024-08-22T14:47:41,Summit SMR SPFS with SkInc=20,TTR,disc|summit|cr0012808,20251116-140537,2025-11-16T14:05:37,NEW,completed|gronggaew boonjuang|summit smr spfs with skinc=20|ttr,,
DISC,SUMMIT,CR0012810,Completed,Gronggaew Boonjuang,2024-08-22T15:27:50,Enable PROZ feature by condition,TTR,disc|summit|cr0012810,20251116-140537,2025-11-16T14:05:37,NEW,completed|gronggaew boonjuang|enable proz feature by condition|ttr,,
DISC,SUMMIT,CR0012825,Completed,Sitthichai Pomthong,2024-08-27T14:49:29,Summit: Zap Prediction evaluation phase,TTR,disc|summit|cr0012825,20251116-140537,2025-11-16T14:05:37,NEW,completed|sitthichai pomthong|summit: zap prediction evaluation phase|ttr,,
DISC,SUMMIT,CR0012856,Completed,Punnathon Phatai,2024-09-03T19:22:35,SUMMIT: Implement Write Power Set Prediction,TTR,disc|summit|cr0012856,20251116-140537,2025-11-16T14:05:37,NEW,completed|punnathon phatai|summit: implement write power set prediction|ttr,,
DISC,SUMMIT,CR0012871,Rejected at Distribution,Oosana Onjan,2024-09-05T18:24:48,Summit Request add T321 and limit candidate M1 M2,TTR,disc|summit|cr0012871,20251116-140537,2025-11-16T14:05:37,NEW,rejected at distribution|oosana onjan|summit request add t321 and limit candidate m1 m2|ttr,,
DISC,SUMMIT,CR0012883,Completed,Gronggaew Boonjuang,2024-09-10T14:55:29,SUMMIT: ZFS feature qualification (reli),TTR,disc|summit|cr0012883,20251116-140537,2025-11-16T14:05:37,NEW,completed|gronggaew boonjuang|summit: zfs feature qualification (reli)|ttr,,
DISC,SUMMIT,CR0012888,Completed,Suphaphit Saepu,2024-09-11T14:11:09,Summit : TTR experiment initiated Overclock in SF3,TTR,disc|summit|cr0012888,20251116-140537,2025-11-16T14:05:37,NEW,completed|suphaphit saepu|summit : ttr experiment initiated overclock in sf3|ttr,,
DISC,SUMMIT,CR0012904,Completed,Sitthichai Pomthong,2024-09-13T15:19:55,Summit: Final loop VBAR_ATI Prediction and reduce redundant ATI measurement,TTR,disc|summit|cr0012904,20251116-140537,2025-11-16T14:05:37,NEW,completed|sitthichai pomthong|summit: final loop vbar_ati prediction and reduce redundant ati measurement|ttr,,
DISC,SUMMIT,CR0012927,Completed,Sitthichai Pomthong,2024-09-23T09:58:53,Summit: Reduce redundants zones test of VBAR_ATI,TTR,disc|summit|cr0012927,20251116-140537,2025-11-16T14:05:37,NEW,completed|sitthichai pomthong|summit: reduce redundants zones test of vbar_ati|ttr,,
DISC,MARLIN,CR0012928,Completed,Sitthichai Pomthong,2024-09-23T10:37:38,Marlin: Reduce redundants zones test of VBAR_ATI,TTR,disc|marlin|cr0012928,20251116-140537,2025-11-16T14:05:37,NEW,completed|sitthichai pomthong|marlin: reduce redundants zones test of vbar_ati|ttr,,
DISC,MARLIN,CR0012935,Completed,Petcharat Boonprasop,2024-09-24T17:28:01,FNC2 TTR using optimization of T2108 Cert Track Step (SkInc) parameter,TTR,disc|marlin|cr0012935,20251116-140537,2025-11-16T14:05:37,NEW,completed|petcharat boonprasop|fnc2 ttr using optimization of t2108 cert track step (skinc) parameter|ttr,,
DISC,SUMMIT,CR0012954,Completed,Suphaphit Saepu,2024-10-01T12:22:59,Summit : TTR experiment initiated Overclock in SF3 [DOE2],TTR,disc|summit|cr0012954,20251116-140537,2025-11-16T14:05:37,NEW,completed|suphaphit saepu|summit : ttr experiment initiated overclock in sf3 [doe2]|ttr,,
DISC,MARLIN BP,CR0012963,Completed,Sitthichai Pomthong,2024-10-02T14:38:45,	MarlinBP: Optimize updating BPI/TPI formats by using PCfile,TTR,disc|marlin bp|cr0012963,20251116-140537,2025-11-16T14:05:37,NEW,completed|sitthichai pomthong|marlinbp: optimize updating bpi/tpi formats by using pcfile|ttr,,
DISC,SUMMIT,CR0013009,Completed,Sitthichai Pomthong,2024-10-11T09:31:21,Summit: Removal READ_OPTI_OD state,TTR,disc|summit|cr0013009,20251116-140537,2025-11-16T14:05:37,NEW,completed|sitthichai pomthong|summit: removal read_opti_od state|ttr,,
DISC,SUMMIT,CR0013010,Completed,Gronggaew Boonjuang,2024-10-11T11:56:36,Enable TTR X-Bar feature,TTR,disc|summit|cr0013010,20251116-140537,2025-11-16T14:05:37,NEW,completed|gronggaew boonjuang|enable ttr x-bar feature|ttr,,
DISC,MARLIN,CR0013044,Completed,Worawit Kanjanapruthipong,2024-10-22T16:45:20,POML (ZAVG register removal),TTR,disc|marlin|cr0013044,20251116-140537,2025-11-16T14:05:37,NEW,completed|worawit kanjanapruthipong|poml (zavg register removal)|ttr,,
DISC,MARLIN,CR0013046,Completed,Worawit Kanjanapruthipong,2024-10-23T11:32:18,Optimize the updating BPI/TPI formats by using PCfile [for HSMR-S],TTR,disc|marlin|cr0013046,20251116-140537,2025-11-16T14:05:37,NEW,completed|worawit kanjanapruthipong|optimize the updating bpi/tpi formats by using pcfile [for hsmr-s]|ttr,,
DISC,MARLIN,CR0013079,Rejected at Distribution,Warachai Singjungreed,2024-11-04T23:31:13,XFER RATE TTR,TTR,disc|marlin|cr0013079,20251116-140537,2025-11-16T14:05:37,NEW,rejected at distribution|warachai singjungreed|xfer rate ttr|ttr,,
DISC,SUMMIT,CR0013092,Completed,Gronggaew Boonjuang,2024-11-07T14:47:00,Summit HSMR SPFS with SkInc optimization,TTR,disc|summit|cr0013092,20251116-140537,2025-11-16T14:05:37,NEW,completed|gronggaew boonjuang|summit hsmr spfs with skinc optimization|ttr,,
DISC,MARLIN,CR0013095,Rejected at Distribution,Warachai Singjungreed,2024-11-07T19:54:55,Implement APS_22 to PCO,TTR,disc|marlin|cr0013095,20251116-140537,2025-11-16T14:05:37,NEW,rejected at distribution|warachai singjungreed|implement aps_22 to pco|ttr,,
DISC,MARLIN,CR0013096,Completed,Warachai Singjungreed,2024-11-07T20:00:34,Implement APS_10 to PCO,TTR,disc|marlin|cr0013096,20251116-140537,2025-11-16T14:05:37,NEW,completed|warachai singjungreed|implement aps_10 to pco|ttr,,
DISC,MARLIN,CR0013097,Rejected at Distribution,Warachai Singjungreed,2024-11-07T20:04:13,Implement APS_14 to PCO,TTR,disc|marlin|cr0013097,20251116-140537,2025-11-16T14:05:37,NEW,rejected at distribution|warachai singjungreed|implement aps_14 to pco|ttr,,
DISC,MARLIN,CR0013098,Completed,Warachai Singjungreed,2024-11-07T20:08:56,Implement APS_57 to PCO,TTR,disc|marlin|cr0013098,20251116-140537,2025-11-16T14:05:37,NEW,completed|warachai singjungreed|implement aps_57 to pco|ttr,,
DISC,MARLIN,CR0013099,Completed,Warachai Singjungreed,2024-11-07T20:12:42,Implement APS_116 to PCO,TTR,disc|marlin|cr0013099,20251116-140537,2025-11-16T14:05:37,NEW,completed|warachai singjungreed|implement aps_116 to pco|ttr,,
DISC,MARLIN,CR0013100,Completed,Warachai Singjungreed,2024-11-07T20:16:13,Implement APS_8to PCO,TTR,disc|marlin|cr0013100,20251116-140537,2025-11-16T14:05:37,NEW,completed|warachai singjungreed|implement aps_8to pco|ttr,,
DISC,MARLIN,CR0013101,Rejected at Development,Warachai Singjungreed,2024-11-07T20:18:58,Implement APS_30 to PCO,TTR,disc|marlin|cr0013101,20251116-140537,2025-11-16T14:05:37,NEW,rejected at development|warachai singjungreed|implement aps_30 to pco|ttr,,
DISC,MARLIN,CR0013102,Completed,Warachai Singjungreed,2024-11-07T20:21:17,Implement APS_26 to PCO,TTR,disc|marlin|cr0013102,20251116-140537,2025-11-16T14:05:37,NEW,completed|warachai singjungreed|implement aps_26 to pco|ttr,,
DISC,SUMMIT,CR0013106,Completed,Worawit Kanjanapruthipong,2024-11-08T16:28:03,POML for SMR,TTR,disc|summit|cr0013106,20251116-140537,2025-11-16T14:05:37,NEW,completed|worawit kanjanapruthipong|poml for smr|ttr,,
DISC,SUMMIT,CR0013115,Completed,Gronggaew Boonjuang,2024-11-12T10:59:22,Post reli qual enhancement to ZFS,TTR,disc|summit|cr0013115,20251116-140537,2025-11-16T14:05:37,NEW,completed|gronggaew boonjuang|post reli qual enhancement to zfs|ttr,,
DISC,SUMMIT,CR0013120,Completed,Suphaphit Saepu,2024-11-13T12:15:17,Summit : Base CR12888 with non-OverClock,TTR,disc|summit|cr0013120,20251116-140537,2025-11-16T14:05:37,NEW,completed|suphaphit saepu|summit : base cr12888 with non-overclock|ttr,,
DISC,MARLIN,CR0013132,Completed,Petcharat Boonprasop,2024-11-15T15:16:12,Add ProZ enable by ConfigVar.,TTR,disc|marlin|cr0013132,20251116-140537,2025-11-16T14:05:37,NEW,completed|petcharat boonprasop|add proz enable by configvar.|ttr,,
DISC,SUMMIT,CR0013142,Completed,Gronggaew Boonjuang,2024-11-18T20:52:35,Summit CMR SPFS with SkInc optimization,TTR,disc|summit|cr0013142,20251116-140537,2025-11-16T14:05:37,NEW,completed|gronggaew boonjuang|summit cmr spfs with skinc optimization|ttr,,
DISC,SUMMIT,CR0013155,Completed,Worawit Kanjanapruthipong,2024-11-20T17:31:19,Mini Opti at FINE_UJOG_INIT,TTR,disc|summit|cr0013155,20251116-140537,2025-11-16T14:05:37,NEW,completed|worawit kanjanapruthipong|mini opti at fine_ujog_init|ttr,,
DISC,MARLIN,CR0013159,Completed,Sitthichai Pomthong,2024-11-21T17:39:31,Marlin: VBAR Laser Prediction,TTR,disc|marlin|cr0013159,20251116-140537,2025-11-16T14:05:37,NEW,completed|sitthichai pomthong|marlin: vbar laser prediction|ttr,,
DISC,SUMMIT,CR0013169,Completed,Sitthichai Pomthong,2024-11-22T11:31:09,Summit: Optimize updating BPI/TPI formats by using PCfile,TTR,disc|summit|cr0013169,20251116-140537,2025-11-16T14:05:37,NEW,completed|sitthichai pomthong|summit: optimize updating bpi/tpi formats by using pcfile|ttr,,
DISC,MARLIN,CR0013173,Completed,Petcharat Boonprasop,2024-11-25T18:28:53,TTR remove duplicate T461 at CAL2 ,TTR,disc|marlin|cr0013173,20251116-140537,2025-11-16T14:05:37,NEW,completed|petcharat boonprasop|ttr remove duplicate t461 at cal2|ttr,,
DISC,MARLIN,CR0013198,Rejected at Distribution,Kriangkrai Kuskul,2024-12-02T10:21:40,Marlin : T461 zone reduction,TTR,disc|marlin|cr0013198,20251116-140537,2025-11-16T14:05:37,NEW,rejected at distribution|kriangkrai kuskul|marlin : t461 zone reduction|ttr,,
DISC,SUMMIT,CR0013241,Completed,Gronggaew Boonjuang,2024-12-13T15:21:25,Summit enhancement to PROZ,TTR,disc|summit|cr0013241,20251116-140537,2025-11-16T14:05:37,NEW,completed|gronggaew boonjuang|summit enhancement to proz|ttr,,
DISC,SUMMIT,CR0013245,Completed,Gronggaew Boonjuang,2024-12-17T09:07:29,CRT2 and PWT Screen removal for TTR (extra TTR 24 hrs),TTR,disc|summit|cr0013245,20251116-140537,2025-11-16T14:05:37,NEW,completed|gronggaew boonjuang|crt2 and pwt screen removal for ttr (extra ttr 24 hrs)|ttr,,
DISC,SUMMIT,CR0013246,Completed,Gronggaew Boonjuang,2024-12-17T09:14:46,PWT variable spare by condition for TTR (extra TTR 24 hrs),TTR,disc|summit|cr0013246,20251116-140537,2025-11-16T14:05:37,NEW,completed|gronggaew boonjuang|pwt variable spare by condition for ttr (extra ttr 24 hrs)|ttr,,
DISC,SUMMIT,CR0013247,Completed,Gronggaew Boonjuang,2024-12-17T09:19:41,CCV2 DST Long removal for ODT by APS for TTR (extra TTR 24 hrs),TTR,disc|summit|cr0013247,20251116-140537,2025-11-16T14:05:37,NEW,completed|gronggaew boonjuang|ccv2 dst long removal for odt by aps for ttr (extra ttr 24 hrs)|ttr,,
DISC,SUMMIT,CR0013260,Completed,Daranee Thitiprayoonwongse,2024-12-18T15:51:20,Post reli qual enhancement to ZFS V2,TTR,disc|summit|cr0013260,20251116-140537,2025-11-16T14:05:37,NEW,completed|daranee thitiprayoonwongse|post reli qual enhancement to zfs v2|ttr,,
DISC,SUMMIT,CR0013261,Completed,Gronggaew Boonjuang,2024-12-18T16:00:11,T299: Disable Track Center Search for SMR-ABI Measurement,TTR,disc|summit|cr0013261,20251116-140537,2025-11-16T14:05:37,NEW,completed|gronggaew boonjuang|t299: disable track center search for smr-abi measurement|ttr,,
DISC,SUMMIT,CR0013290,Completed,Gronggaew Boonjuang,2024-12-26T15:19:27,Summit READ_OPTI_OD state removal and T299 fix,TTR,disc|summit|cr0013290,20251116-140537,2025-11-16T14:05:37,NEW,completed|gronggaew boonjuang|summit read_opti_od state removal and t299 fix|ttr,,
DISC,SUMMIT,CR0013291,Completed,Gronggaew Boonjuang,2024-12-26T16:16:17,Summit : TTR 24 hr proposal based on PCO3.5.0G,TTR,disc|summit|cr0013291,20251116-140537,2025-11-16T14:05:37,NEW,completed|gronggaew boonjuang|summit : ttr 24 hr proposal based on pco3.5.0g|ttr,,
DISC,SUMMIT,CR0013312,Completed,Gronggaew Boonjuang,2025-01-06T19:32:09,Evaluate reducing the write count in Test 299 states,TTR,disc|summit|cr0013312,20251116-140537,2025-11-16T14:05:37,NEW,completed|gronggaew boonjuang|evaluate reducing the write count in test 299 states|ttr,,
DISC,SUMMIT,CR0013328,Completed,Pantamit  Sombaddee,2025-01-10T11:04:59,ProZ EC10225 fix phase2,TTR,disc|summit|cr0013328,20251116-140537,2025-11-16T14:05:37,NEW,completed|pantamit sombaddee|proz ec10225 fix phase2|ttr,,
DISC,MARLIN,CR0013346,Completed,Petcharat Boonprasop,2025-01-15T14:40:02,CSO TTR add new tab -881 in list.,TTR,disc|marlin|cr0013346,20251116-140537,2025-11-16T14:05:37,NEW,completed|petcharat boonprasop|cso ttr add new tab -881 in list.|ttr,,
DISC,SUMMIT,CR0013355,Completed,Gronggaew Boonjuang,2025-01-18T08:19:19,Enable TTR variable spare,TTR,disc|summit|cr0013355,20251116-140537,2025-11-16T14:05:37,NEW,completed|gronggaew boonjuang|enable ttr variable spare|ttr,,
DISC,MARLIN BP,CR0013356,Completed,Worawit Kanjanapruthipong,2025-01-20T14:33:40,POML,TTR,disc|marlin bp|cr0013356,20251116-140537,2025-11-16T14:05:37,NEW,completed|worawit kanjanapruthipong|poml|ttr,,
DISC,SUMMIT,CR0013401,Completed,Punnathon Phatai,2025-02-04T18:52:42,SUMMIT: Write Power Set Prediction Adjust OVS Search Rage at STEP2,TTR,disc|summit|cr0013401,20251116-140537,2025-11-16T14:05:37,NEW,completed|punnathon phatai|summit: write power set prediction adjust ovs search rage at step2|ttr,,
DISC,MARLIN,CR0013416,Completed,Petcharat Boonprasop,2025-02-07T17:23:20,Support CSG TTR,TTR,disc|marlin|cr0013416,20251116-140537,2025-11-16T14:05:37,NEW,completed|petcharat boonprasop|support csg ttr|ttr,,
DISC,SUMMIT,CR0013419,Completed,Gronggaew Boonjuang,2025-02-09T17:02:50,Enable T451 TTR optimized registers for T438 uJog by condition,TTR,disc|summit|cr0013419,20251116-140537,2025-11-16T14:05:37,NEW,completed|gronggaew boonjuang|enable t451 ttr optimized registers for t438 ujog by condition|ttr,,
DISC,SUMMIT,CR0013426,Completed,Orathai Kajhonkam,2025-02-11T17:34:28,SUMMIT TTR Reduced BER measurement from 2 to 1 Trk in Test220 WPOPTI,TTR,disc|summit|cr0013426,20251116-140537,2025-11-16T14:05:37,NEW,completed|orathai kajhonkam|summit ttr reduced ber measurement from 2 to 1 trk in test220 wpopti|ttr,,
DISC,SUMMIT,CR0013441,Rejected at Distribution,Daranee Thitiprayoonwongse,2025-02-18T14:43:31,Post reli qual enhancement to ZFS V2,TTR,disc|summit|cr0013441,20251116-140537,2025-11-16T14:05:37,NEW,rejected at distribution|daranee thitiprayoonwongse|post reli qual enhancement to zfs v2|ttr,,
DISC,SUMMIT,CR0013442,Completed,Daranee Thitiprayoonwongse,2025-02-18T14:43:44,Post reli qual enhancement to ZFS V3,TTR,disc|summit|cr0013442,20251116-140537,2025-11-16T14:05:37,NEW,completed|daranee thitiprayoonwongse|post reli qual enhancement to zfs v3|ttr,,
DISC,MARLIN,CR0013452,Completed,Petcharat Boonprasop,2025-02-20T14:30:30,ProZ : Update 'BndSz' parameter from 1000 to 4500 for better ZBB efficiency for all media format,TTR,disc|marlin|cr0013452,20251116-140537,2025-11-16T14:05:37,NEW,completed|petcharat boonprasop|proz : update 'bndsz' parameter from 1000 to 4500 for better zbb efficiency for all media format|ttr,,
DISC,SUMMIT,CR0013455,Rejected at Distribution,Sitthichai Pomthong,2025-02-21T09:23:13,Summit : TTR reduce number of compcap during VBAR process,TTR,disc|summit|cr0013455,20251116-140537,2025-11-16T14:05:37,NEW,rejected at distribution|sitthichai pomthong|summit : ttr reduce number of compcap during vbar process|ttr,,
DISC,SUMMIT,CR0013457,Completed,Worawit Kanjanapruthipong,2025-02-21T12:06:36,POML SMR,TTR,disc|summit|cr0013457,20251116-140537,2025-11-16T14:05:37,NEW,completed|worawit kanjanapruthipong|poml smr|ttr,,
DISC,SUMMIT,CR0013461,Completed,Gronggaew Boonjuang,2025-02-22T00:16:31,Enhance TTR X-Bar feature (Fix XBAR Yield Impact on GobyLite),TTR,disc|summit|cr0013461,20251116-140537,2025-11-16T14:05:37,NEW,completed|gronggaew boonjuang|enhance ttr x-bar feature (fix xbar yield impact on gobylite)|ttr,,
DISC,SUMMIT,CR0013464,Completed,Worawit Kanjanapruthipong,2025-02-24T12:54:27,Mini Opti at SQUEEZE_OFFSET_INIT,TTR,disc|summit|cr0013464,20251116-140537,2025-11-16T14:05:37,NEW,completed|worawit kanjanapruthipong|mini opti at squeeze_offset_init|ttr,,
DISC,SUMMIT,CR0013465,Completed,Worawit Kanjanapruthipong,2025-02-24T13:35:40,PC File compression,TTR,disc|summit|cr0013465,20251116-140537,2025-11-16T14:05:37,NEW,completed|worawit kanjanapruthipong|pc file compression|ttr,,
DISC,SUMMIT,CR0013470,Completed,Gronggaew Boonjuang,2025-02-25T10:04:26,Remove T298 in T299_ATI and WRITE_SCRN,TTR,disc|summit|cr0013470,20251116-140537,2025-11-16T14:05:37,NEW,completed|gronggaew boonjuang|remove t298 in t299_ati and write_scrn|ttr,,
DISC,MARLIN,CR0013473,Completed,Petcharat Boonprasop,2025-02-25T18:19:36,Marlin Write/Read Transfer Rate Reduction.,TTR,disc|marlin|cr0013473,20251116-140537,2025-11-16T14:05:37,NEW,completed|petcharat boonprasop|marlin write/read transfer rate reduction.|ttr,,
DISC,MARLIN,CR0013474,Rejected at Distribution,Warachai Singjungreed,2025-02-25T21:53:40,Ramp temp no wait before download code then check temp after download finished.,TTR,disc|marlin|cr0013474,20251116-140537,2025-11-16T14:05:37,NEW,rejected at distribution|warachai singjungreed|ramp temp no wait before download code then check temp after download finished.|ttr,,
DISC,MARLIN,CR0013475,Rejected at Distribution,Warachai Singjungreed,2025-02-25T22:02:31,Optimize Baud Rate for HSMR FILE100 Retrieval,TTR,disc|marlin|cr0013475,20251116-140537,2025-11-16T14:05:37,NEW,rejected at distribution|warachai singjungreed|optimize baud rate for hsmr file100 retrieval|ttr,,
DISC,SUMMIT,CR0013479,Completed,Pantamit  Sombaddee,2025-02-26T17:20:55,TTR: T33 reduce rev from 32 to 16,TTR,disc|summit|cr0013479,20251116-140537,2025-11-16T14:05:37,NEW,completed|pantamit sombaddee|ttr: t33 reduce rev from 32 to 16|ttr,,
DISC,SUMMIT,CR0013483,Completed,Irin Siribannasit,2025-02-27T15:09:18,Summit: Vibe/Calm blocking test removal,TTR,disc|summit|cr0013483,20251116-140537,2025-11-16T14:05:37,NEW,completed|irin siribannasit|summit: vibe/calm blocking test removal|ttr,,
DISC,MARLIN,CR0013485,Completed,Phanom Nuangchomphoo,2025-02-27T21:47:31,CSO TTR CRT2 Oper,TTR,disc|marlin|cr0013485,20251116-140537,2025-11-16T14:05:37,NEW,completed|phanom nuangchomphoo|cso ttr crt2 oper|ttr,,
DISC,MARLIN,CR0013492,Completed,Petcharat Boonprasop,2025-03-03T17:51:28,Marlin ProZ : MIMO seek error skip track handling changes,TTR,disc|marlin|cr0013492,20251116-140537,2025-11-16T14:05:37,NEW,completed|petcharat boonprasop|marlin proz : mimo seek error skip track handling changes|ttr,,
DISC,SUMMIT,CR0013504,Completed,Gronggaew Boonjuang,2025-03-06T23:11:41,TTR: Reduce zone W/R XFER,TTR,disc|summit|cr0013504,20251116-140537,2025-11-16T14:05:37,NEW,completed|gronggaew boonjuang|ttr: reduce zone w/r xfer|ttr,,
DISC,SUMMIT,CR0013513,Completed,Atchara Tiantawatchakun,2025-03-12T09:45:33,Remove SAVE_STATE at SCOPY and PRE2 oper,TTR,disc|summit|cr0013513,20251116-140537,2025-11-16T14:05:37,NEW,completed|atchara tiantawatchakun|remove save_state at scopy and pre2 oper|ttr,,
DISC,SUMMIT,CR0013519,Completed,Suphaphit Saepu,2025-03-12T16:48:44,Summit : TTR T150 measure only Primary Reader,TTR,disc|summit|cr0013519,20251116-140537,2025-11-16T14:05:37,NEW,completed|suphaphit saepu|summit : ttr t150 measure only primary reader|ttr,,
DISC,MARLIN BP,CR0013525,Completed,Naruporn Srikullabut,2025-03-13T15:31:27,T282 eval code,TTR,disc|marlin bp|cr0013525,20251116-140537,2025-11-16T14:05:37,NEW,completed|naruporn srikullabut|t282 eval code|ttr,,
DISC,MARLIN BP,CR0013529,Completed,Wipasinee Changkae,2025-03-14T08:44:16,MarlinBP Dynamic Soak Time,TTR,disc|marlin bp|cr0013529,20251116-140537,2025-11-16T14:05:37,NEW,completed|wipasinee changkae|marlinbp dynamic soak time|ttr,,
DISC,MARLIN,CR0013533,Completed,Petcharat Boonprasop,2025-03-14T11:49:31,CMR SkInc eval for TTR.,TTR,disc|marlin|cr0013533,20251116-140537,2025-11-16T14:05:37,NEW,completed|petcharat boonprasop|cmr skinc eval for ttr.|ttr,,
DISC,SUMMIT,CR0013535,Completed,Punnathon Phatai,2025-03-16T11:40:50,SUMMIT: Implement Write Power Set Prediction (Change PCO),TTR,disc|summit|cr0013535,20251116-140537,2025-11-16T14:05:37,NEW,completed|punnathon phatai|summit: implement write power set prediction (change pco)|ttr,,
DISC,SUMMIT,CR0013536,Completed,Gronggaew Boonjuang,2025-03-17T11:31:33,TTR: PCBA_SCRN_T102 Optimization,TTR,disc|summit|cr0013536,20251116-140537,2025-11-16T14:05:37,NEW,completed|gronggaew boonjuang|ttr: pcba_scrn_t102 optimization|ttr,,
DISC,MARLIN BP,CR0013537,Completed,Jumpasri Nattawat,2025-03-17T11:52:39,MBP add auto sampling in PWT structure bode,TTR,disc|marlin bp|cr0013537,20251116-140537,2025-11-16T14:05:37,NEW,completed|jumpasri nattawat|mbp add auto sampling in pwt structure bode|ttr,,
DISC,SUMMIT,CR0013538,Completed,Gronggaew Boonjuang,2025-03-17T19:04:20,Enable TTR PCO3.6.5C1 (All Items),TTR,disc|summit|cr0013538,20251116-140537,2025-11-16T14:05:37,NEW,completed|gronggaew boonjuang|enable ttr pco3.6.5c1 (all items)|ttr,,
DISC,SUMMIT,CR0013539,Completed,Gronggaew Boonjuang,2025-03-17T20:23:01,POML SMR for Reli qual,TTR,disc|summit|cr0013539,20251116-140537,2025-11-16T14:05:37,NEW,completed|gronggaew boonjuang|poml smr for reli qual|ttr,,
DISC,SUMMIT,CR0013541,Completed,Gronggaew Boonjuang,2025-03-17T21:59:41,TTR: MSMR dual reader test by condition (from single reader),TTR,disc|summit|cr0013541,20251116-140537,2025-11-16T14:05:37,NEW,completed|gronggaew boonjuang|ttr: msmr dual reader test by condition (from single reader)|ttr,,
DISC,SUMMIT,CR0013553,Completed,Gronggaew Boonjuang,2025-03-20T16:07:22,DOE of T451 LC_DELAY_SDW step size 2->4 (SUMMIT-1545),TTR,disc|summit|cr0013553,20251116-140537,2025-11-16T14:05:37,NEW,completed|gronggaew boonjuang|doe of t451 lc_delay_sdw step size 2->4 (summit-1545)|ttr,,
DISC,SUMMIT,CR0013561,Rejected at Development,pimchanok chomtaku,2025-03-21T17:24:33,Summit TTR SUMMIT-1708 Prevent Escape case,TTR,disc|summit|cr0013561,20251116-140537,2025-11-16T14:05:37,NEW,rejected at development|pimchanok chomtaku|summit ttr summit-1708 prevent escape case|ttr,,
DISC,MARLIN,CR0013564,Completed,Worawit Kanjanapruthipong,2025-03-24T12:29:20,T282 TTR : C0 sensitivity scoring single-rate,TTR,disc|marlin|cr0013564,20251116-140537,2025-11-16T14:05:37,NEW,completed|worawit kanjanapruthipong|t282 ttr : c0 sensitivity scoring single-rate|ttr,,
DISC,SUMMIT,CR0013565,Completed,Sitthichai Pomthong,2025-03-24T15:17:31,Summit: ATI write optimization in WP version2 version2,TTR,disc|summit|cr0013565,20251116-140537,2025-11-16T14:05:37,NEW,completed|sitthichai pomthong|summit: ati write optimization in wp version2 version2|ttr,,
DISC,SUMMIT,CR0013570,Completed,Worawit Kanjanapruthipong,2025-03-25T15:08:51,POML SMR model v.2,TTR,disc|summit|cr0013570,20251116-140537,2025-11-16T14:05:37,NEW,completed|worawit kanjanapruthipong|poml smr model v.2|ttr,,
DISC,SUMMIT,CR0013573,Completed,Gronggaew Boonjuang,2025-03-25T22:09:04,TTR: T451 increase step size from 2 to 4 for LC_DELAY_SDW ( register ID 2164) for test time saving for all T451,TTR,disc|summit|cr0013573,20251116-140537,2025-11-16T14:05:37,NEW,completed|gronggaew boonjuang|ttr: t451 increase step size from 2 to 4 for lc_delay_sdw ( register id 2164) for test time saving for all t451|ttr,,
DISC,MARLIN,CR0013579,Completed,Petcharat Boonprasop,2025-03-26T18:24:25,ProZ P90 improvement : Improve TA skip track handling during find min OD track revision 2,TTR,disc|marlin|cr0013579,20251116-140537,2025-11-16T14:05:37,NEW,completed|petcharat boonprasop|proz p90 improvement : improve ta skip track handling during find min od track revision 2|ttr,,
DISC,MARLIN BP,CR0013587,Completed,Worawit Kanjanapruthipong,2025-03-28T17:16:16,T282 TTR : C0 sensitivity scoring single-rate,TTR,disc|marlin bp|cr0013587,20251116-140537,2025-11-16T14:05:37,NEW,completed|worawit kanjanapruthipong|t282 ttr : c0 sensitivity scoring single-rate|ttr,,
DISC,SUMMIT,CR0013591,Completed,Gronggaew Boonjuang,2025-03-28T23:38:09,ProZ : P90/Test time reduction improvement,TTR,disc|summit|cr0013591,20251116-140537,2025-11-16T14:05:37,NEW,completed|gronggaew boonjuang|proz : p90/test time reduction improvement|ttr,,
DISC,SUMMIT,CR0013592,Completed,Gronggaew Boonjuang,2025-03-29T00:03:23, Enable T451 TTR optimized registers for T438 uJog for PK1,TTR,disc|summit|cr0013592,20251116-140537,2025-11-16T14:05:37,NEW,completed|gronggaew boonjuang|enable t451 ttr optimized registers for t438 ujog for pk1|ttr,,
DISC,SUMMIT,CR0013593,Completed,Worawit Kanjanapruthipong,2025-03-30T23:28:28,T282 TTR : C0 sensitivity scoring single-rate,TTR,disc|summit|cr0013593,20251116-140537,2025-11-16T14:05:37,NEW,completed|worawit kanjanapruthipong|t282 ttr : c0 sensitivity scoring single-rate|ttr,,
DISC,SUMMIT,CR0013597,Completed,Kriangkrai Kuskul,2025-03-31T11:34:44,Summit : T285 DRCM optimize iteration,TTR,disc|summit|cr0013597,20251116-140537,2025-11-16T14:05:37,NEW,completed|kriangkrai kuskul|summit : t285 drcm optimize iteration|ttr,,
DISC,MARLIN,CR0013599,Completed,Kriangkrai Kuskul,2025-04-01T10:24:17,Marlin : ProZ reduce overhead in TA skip track scan by Binary search,TTR,disc|marlin|cr0013599,20251116-140537,2025-11-16T14:05:37,NEW,completed|kriangkrai kuskul|marlin : proz reduce overhead in ta skip track scan by binary search|ttr,,
DISC,MARLIN,CR0013601,Completed,phitpasu pinpirom,2025-04-01T11:07:17,Marlin enable SCOPY sniff test 7.2.03,TTR,disc|marlin|cr0013601,20251116-140537,2025-11-16T14:05:37,NEW,completed|phitpasu pinpirom|marlin enable scopy sniff test 7.2.03|ttr,,
DISC,MARLIN BP,CR0013612,Completed,Naruporn Srikullabut,2025-04-02T15:27:16,SkInc eval for TTR,TTR,disc|marlin bp|cr0013612,20251116-140537,2025-11-16T14:05:37,NEW,completed|naruporn srikullabut|skinc eval for ttr|ttr,,
DISC,SUMMIT,CR0013619,Completed,Sitthichai Pomthong,2025-04-04T17:16:04,Summit TTR: T33 reduce rev from 32 to 16 based on current APS spec,TTR,disc|summit|cr0013619,20251116-140537,2025-11-16T14:05:37,NEW,completed|sitthichai pomthong|summit ttr: t33 reduce rev from 32 to 16 based on current aps spec|ttr,,
DISC,MARLIN,CR0013621,Completed,Kriangkrai Kuskul,2025-04-07T12:02:45,Marlin : T285 DRCM optimize iteration,TTR,disc|marlin|cr0013621,20251116-140537,2025-11-16T14:05:37,NEW,completed|kriangkrai kuskul|marlin : t285 drcm optimize iteration|ttr,,
DISC,SUMMIT,CR0013628,Completed,Irin Siribannasit,2025-04-09T13:19:23,Reduce timeout of T33 at CRT2,TTR,disc|summit|cr0013628,20251116-140537,2025-11-16T14:05:37,NEW,completed|irin siribannasit|reduce timeout of t33 at crt2|ttr,,
DISC,MARLIN,CR0013631,Completed,Petcharat Boonprasop,2025-04-09T15:04:58,Add TP.zip for PCO7.1.11B_DPLC to support CSO TTR.,TTR,disc|marlin|cr0013631,20251116-140537,2025-11-16T14:05:37,NEW,completed|petcharat boonprasop|add tp.zip for pco7.1.11b_dplc to support cso ttr.|ttr,,
DISC,MARLIN,CR0013633,Completed,Petcharat Boonprasop,2025-04-10T12:23:40,HSMR SkInc eval for TTR.,TTR,disc|marlin|cr0013633,20251116-140537,2025-11-16T14:05:37,NEW,completed|petcharat boonprasop|hsmr skinc eval for ttr.|ttr,,
DISC,SUMMIT,CR0013643,Completed,Gronggaew Boonjuang,2025-04-18T17:58:16,Summit : XBAR + ProZ evaluation,TTR,disc|summit|cr0013643,20251116-140537,2025-11-16T14:05:37,NEW,completed|gronggaew boonjuang|summit : xbar + proz evaluation|ttr,,
DISC,MARLIN,CR0013649,Awaiting Approval,Kriangkrai Kuskul,2025-04-22T12:33:17,Marlin : T461 TTR,TTR,disc|marlin|cr0013649,20251116-140537,2025-11-16T14:05:37,NEW,awaiting approval|kriangkrai kuskul|marlin : t461 ttr|ttr,,
DISC,SUMMIT,CR0013651,Completed,Sureeporn Sukchoosri,2025-04-22T18:04:19,T240 TEST ZONE by Condition #Phase2,TTR,disc|summit|cr0013651,20251116-140537,2025-11-16T14:05:37,NEW,completed|sureeporn sukchoosri|t240 test zone by condition #phase2|ttr,,
DISC,SUMMIT,CR0013654,Completed,Sitthichai Pomthong,2025-04-23T18:01:42,Summit TTR:Optimize T461 Flow,TTR,disc|summit|cr0013654,20251116-140537,2025-11-16T14:05:37,NEW,completed|sitthichai pomthong|summit ttr:optimize t461 flow|ttr,,
DISC,SUMMIT,CR0013663,Completed,Manuschanok  Srikhrueadong,2025-04-25T15:28:50,Summit: POML integrate CL3153403 and control enable feature by config type,TTR,disc|summit|cr0013663,20251116-140537,2025-11-16T14:05:37,NEW,completed|manuschanok srikhrueadong|summit: poml integrate cl3153403 and control enable feature by config type|ttr,,
DISC,MARLIN,CR0013666,Completed,Petcharat Boonprasop,2025-04-25T17:22:37,ProZ : Fix EC11112 cause P90,TTR,disc|marlin|cr0013666,20251116-140537,2025-11-16T14:05:37,NEW,completed|petcharat boonprasop|proz : fix ec11112 cause p90|ttr,,
DISC,SUMMIT,CR0013670,Completed,Pantamit  Sombaddee,2025-04-28T10:29:35,Add condition T282 C0 sensitivity scoring,TTR,disc|summit|cr0013670,20251116-140537,2025-11-16T14:05:37,NEW,completed|pantamit sombaddee|add condition t282 c0 sensitivity scoring|ttr,,
DISC,SUMMIT,CR0013671,Completed,Punnathon Phatai,2025-04-28T10:45:39,SUMMIT: Write Power Set Handle Flow for Bad OVS,TTR,disc|summit|cr0013671,20251116-140537,2025-11-16T14:05:37,NEW,completed|punnathon phatai|summit: write power set handle flow for bad ovs|ttr,,
DISC,MARLIN,CR0013674,Completed,Worawit Kanjanapruthipong,2025-04-29T17:29:49,Bank Write (replace FULL_PACK_WRT @CAL2),TTR,disc|marlin|cr0013674,20251116-140537,2025-11-16T14:05:37,NEW,completed|worawit kanjanapruthipong|bank write (replace full_pack_wrt @cal2)|ttr,,
DISC,MARLIN BP,CR0013705,Completed,Jumpasri Nattawat,2025-05-08T10:44:09,MBP CSO TTR,TTR,disc|marlin bp|cr0013705,20251116-140537,2025-11-16T14:05:37,NEW,completed|jumpasri nattawat|mbp cso ttr|ttr,,
DISC,SUMMIT,CR0013716,Completed,Suphaphit Saepu,2025-05-09T12:59:30,Summit : TTR T299 more state testing,TTR,disc|summit|cr0013716,20251116-140537,2025-11-16T14:05:37,NEW,completed|suphaphit saepu|summit : ttr t299 more state testing|ttr,,
DISC,SUMMIT,CR0013729,Completed,Warachai Singjungreed,2025-05-15T10:31:17,Remove T240 Zn1 in write screen state.,TTR,disc|summit|cr0013729,20251116-140537,2025-11-16T14:05:37,NEW,completed|warachai singjungreed|remove t240 zn1 in write screen state.|ttr,,
DISC,SUMMIT,CR0013732,Completed,Daranee Thitiprayoonwongse,2025-05-15T17:02:25,SUMMIT TTR PROZ 1 REV,TTR,disc|summit|cr0013732,20251116-140537,2025-11-16T14:05:37,NEW,completed|daranee thitiprayoonwongse|summit ttr proz 1 rev|ttr,,
DISC,SUMMIT,CR0013734,Completed,Pantamit  Sombaddee,2025-05-16T12:25:28,TTR - 150x to 1 Read/Write Channel Speed up,TTR,disc|summit|cr0013734,20251116-140537,2025-11-16T14:05:37,NEW,completed|pantamit sombaddee|ttr - 150x to 1 read/write channel speed up|ttr,,
DISC,SUMMIT,CR0013735,Completed,Manuschanok  Srikhrueadong,2025-05-16T14:21:01,SUMMIT: TTR Disable States for weld before CERT,TTR,disc|summit|cr0013735,20251116-140537,2025-11-16T14:05:37,NEW,completed|manuschanok srikhrueadong|summit: ttr disable states for weld before cert|ttr,,
DISC,SUMMIT,CR0013755,Completed,Gronggaew Boonjuang,2025-05-23T01:06:54,Skip Track Certify: Potential fix available for the Flash LED,TTR,disc|summit|cr0013755,20251116-140537,2025-11-16T14:05:37,NEW,completed|gronggaew boonjuang|skip track certify: potential fix available for the flash led|ttr,,
DISC,MARLIN BP,CR0013770,Completed,Worawit Kanjanapruthipong,2025-05-28T14:46:17,T282 TTR : C0 sensitivity scoring single-rate plus condition,TTR,disc|marlin bp|cr0013770,20251116-140537,2025-11-16T14:05:37,NEW,completed|worawit kanjanapruthipong|t282 ttr : c0 sensitivity scoring single-rate plus condition|ttr,,
DISC,SUMMIT,CR0013773,Completed,Gronggaew Boonjuang,2025-05-29T14:13:04,Summit PROZ w. PRE2 Weld requested changes,TTR,disc|summit|cr0013773,20251116-140537,2025-11-16T14:05:37,NEW,completed|gronggaew boonjuang|summit proz w. pre2 weld requested changes|ttr,,
DISC,MARLIN,CR0013775,Rejected at Distribution,Petcharat Boonprasop,2025-05-29T15:06:39,"ProZ TTR op : Optimize TA skip track searching with binary search (LinearSearch, BinarySearch)",TTR,disc|marlin|cr0013775,20251116-140537,2025-11-16T14:05:37,NEW,"rejected at distribution|petcharat boonprasop|proz ttr op : optimize ta skip track searching with binary search (linearsearch, binarysearch)|ttr",,
DISC,SUMMIT,CR0013777,Completed,Phanom Nuangchomphoo,2025-05-29T16:14:42,Move OD PAD MQM to prior Format,TTR,disc|summit|cr0013777,20251116-140537,2025-11-16T14:05:37,NEW,completed|phanom nuangchomphoo|move od pad mqm to prior format|ttr,,
DISC,MARLIN,CR0013781,Completed,Kriangkrai Kuskul,2025-05-30T10:52:11,Marlin : ProZ optimize servoflaw searching,TTR,disc|marlin|cr0013781,20251116-140537,2025-11-16T14:05:37,NEW,completed|kriangkrai kuskul|marlin : proz optimize servoflaw searching|ttr,,
DISC,MARLIN,CR0013782,Completed,Kriangkrai Kuskul,2025-05-30T10:58:31,Marlin : Disable vibe detection for overhead time removal,TTR,disc|marlin|cr0013782,20251116-140537,2025-11-16T14:05:37,NEW,completed|kriangkrai kuskul|marlin : disable vibe detection for overhead time removal|ttr,,
DISC,MARLIN BP,CR0013783,Completed,Naruporn Srikullabut,2025-05-30T11:14:13,Enable POML for reli lot,TTR,disc|marlin bp|cr0013783,20251116-140537,2025-11-16T14:05:37,NEW,completed|naruporn srikullabut|enable poml for reli lot|ttr,,
DISC,SUMMIT,CR0013790,Rejected at Development,Gronggaew Boonjuang,2025-06-05T11:18:51,IR improvement (PCO3.6.2x based) - 0% effective,TTR,disc|summit|cr0013790,20251116-140537,2025-11-16T14:05:37,NEW,rejected at development|gronggaew boonjuang|ir improvement (pco3.6.2x based) - 0% effective|ttr,,
DISC,SUMMIT,CR0013796,Completed,Gronggaew Boonjuang,2025-06-06T00:30:50,TTR: ZAP Seek Path Optimization ( PROZ/OCZ ),TTR,disc|summit|cr0013796,20251116-140537,2025-11-16T14:05:37,NEW,completed|gronggaew boonjuang|ttr: zap seek path optimization ( proz/ocz )|ttr,,
DISC,MARLIN,CR0013805,Developing,Ampol Meetee,2025-06-10T14:34:05,Marlin: Final loop VBAR_ATI Prediction,TTR,disc|marlin|cr0013805,20251116-140537,2025-11-16T14:05:37,NEW,developing|ampol meetee|marlin: final loop vbar_ati prediction|ttr,,
DISC,SUMMIT,CR0013806,Completed,Sitthichai Pomthong,2025-06-10T14:51:03,Summit: Fast UJOG on CMR and HSMR,TTR,disc|summit|cr0013806,20251116-140537,2025-11-16T14:05:37,NEW,completed|sitthichai pomthong|summit: fast ujog on cmr and hsmr|ttr,,
DISC,SUMMIT,CR0013812,Completed,Kriangkrai Kuskul,2025-06-11T15:33:32,ProZ SMR : Close reli failure evaluation,TTR,disc|summit|cr0013812,20251116-140537,2025-11-16T14:05:37,NEW,completed|kriangkrai kuskul|proz smr : close reli failure evaluation|ttr,,
DISC,SUMMIT,CR0013817,Rejected at Distribution,Kriangkrai Kuskul,2025-06-12T11:52:19,Summit : ProZ mimo end pad track code fix + disable ZAP spike compensation,TTR,disc|summit|cr0013817,20251116-140537,2025-11-16T14:05:37,NEW,rejected at distribution|kriangkrai kuskul|summit : proz mimo end pad track code fix + disable zap spike compensation|ttr,,
DISC,SUMMIT,CR0013819,Completed,Orathai Kajhonkam,2025-06-12T17:42:28,SUMMIT Engineering Eval for Summit LC TTR: PF3 for T282 C0 sensitivity scoring from multi-rate to single-rate by condition,TTR,disc|summit|cr0013819,20251116-140537,2025-11-16T14:05:37,NEW,completed|orathai kajhonkam|summit engineering eval for summit lc ttr: pf3 for t282 c0 sensitivity scoring from multi-rate to single-rate by condition|ttr,,
DISC,MARLIN BP,CR0013828,Completed,Naruporn Srikullabut,2025-06-13T15:52:01,T282 TTR : C0 sensitivity scoring single-rate plus condition for Trident 3.2,TTR,disc|marlin bp|cr0013828,20251116-140537,2025-11-16T14:05:37,NEW,completed|naruporn srikullabut|t282 ttr : c0 sensitivity scoring single-rate plus condition for trident 3.2|ttr,,
DISC,MARLIN BP,CR0013835,Completed,Warat  Jintanamaneerat ,2025-06-16T17:23:06,MarlinBP TTR Recover CAL2 FULL_PACK_WRT PWL by head,TTR,disc|marlin bp|cr0013835,20251116-140537,2025-11-16T14:05:37,NEW,completed|warat jintanamaneerat|marlinbp ttr recover cal2 full_pack_wrt pwl by head|ttr,,
DISC,DORADO,CR0013843,Completed,Kriangkrai Kuskul,2025-06-19T10:52:49,Dorado : Overhead reduction in LASER_TCC CAL,TTR,disc|dorado|cr0013843,20251116-140537,2025-11-16T14:05:37,NEW,completed|kriangkrai kuskul|dorado : overhead reduction in laser_tcc cal|ttr,,
DISC,SUMMIT,CR0013846,Completed,Worawit Kanjanapruthipong,2025-06-19T16:17:13,T282 TTR : Bode Convergence Check,TTR,disc|summit|cr0013846,20251116-140537,2025-11-16T14:05:37,NEW,completed|worawit kanjanapruthipong|t282 ttr : bode convergence check|ttr,,
DISC,SUMMIT,CR0013855,Completed,Jakaphun Karoonkittisarn,2025-06-23T18:07:33,Format cerify improvement,TTR,disc|summit|cr0013855,20251116-140537,2025-11-16T14:05:37,NEW,completed|jakaphun karoonkittisarn|format cerify improvement|ttr,,
DISC,SUMMIT,CR0013887,Completed,Gronggaew Boonjuang,2025-06-30T14:06:08,SMR Certify by Conditional with PROZ and STFL,TTR,disc|summit|cr0013887,20251116-140537,2025-11-16T14:05:37,NEW,completed|gronggaew boonjuang|smr certify by conditional with proz and stfl|ttr,,
DISC,SUMMIT,CR0013894,Completed,Gronggaew Boonjuang,2025-07-02T21:08:41,HSMR FMT Certify Condition,TTR,disc|summit|cr0013894,20251116-140537,2025-11-16T14:05:37,NEW,completed|gronggaew boonjuang|hsmr fmt certify condition|ttr,,
DISC,SUMMIT,CR0013900,Completed,Manuschanok  Srikhrueadong,2025-07-07T09:57:17,Summit: PCO3.5.0JH40A + pull in CLs (Eng eval),TTR,disc|summit|cr0013900,20251116-140537,2025-11-16T14:05:37,NEW,completed|manuschanok srikhrueadong|summit: pco3.5.0jh40a + pull in cls (eng eval)|ttr,,
DISC,SUMMIT,CR0013901,Rejected at Distribution,Gronggaew Boonjuang,2025-07-07T10:39:19,Improvement on HSMR,TTR,disc|summit|cr0013901,20251116-140537,2025-11-16T14:05:37,NEW,rejected at distribution|gronggaew boonjuang|improvement on hsmr|ttr,,
DISC,SUMMIT,CR0013905,Awaiting Acceptation,Irin Siribannasit,2025-07-07T23:14:02,Summit: Reduce timeout of T33 at CRT2,TTR,disc|summit|cr0013905,20251116-140537,2025-11-16T14:05:37,NEW,awaiting acceptation|irin siribannasit|summit: reduce timeout of t33 at crt2|ttr,,
DISC,MARLIN,CR0013906,Completed,Sarunya Nathonghor,2025-07-08T11:43:15,Reduce overhead from IOP Read,TTR,disc|marlin|cr0013906,20251116-140537,2025-11-16T14:05:37,NEW,completed|sarunya nathonghor|reduce overhead from iop read|ttr,,
DISC,MARLIN,CR0013908,Completed,Kriangkrai Kuskul,2025-07-08T16:22:14,T197 : data type optimization,TTR,disc|marlin|cr0013908,20251116-140537,2025-11-16T14:05:37,NEW,completed|kriangkrai kuskul|t197 : data type optimization|ttr,,
DISC,SUMMIT,CR0013922,Completed,Gronggaew Boonjuang,2025-07-11T23:50:34,Summit: PCO Release for RGA (DA004) - PCO3.5.0JH3_FMT,TTR,disc|summit|cr0013922,20251116-140537,2025-11-16T14:05:37,NEW,completed|gronggaew boonjuang|summit: pco release for rga (da004) - pco3.5.0jh3_fmt|ttr,,
DISC,MARLIN,CR0013960,Developing,Ampol Meetee,2025-07-24T09:47:05,TTR: VBAR_LASER prediction at PRE2,TTR,disc|marlin|cr0013960,20251116-140537,2025-11-16T14:05:37,NEW,developing|ampol meetee|ttr: vbar_laser prediction at pre2|ttr,,
DISC,SUMMIT,CR0013965,Completed,Kriangkrai Kuskul,2025-07-25T10:40:11,Summit : HSMR Proz qaul with latest fix,TTR,disc|summit|cr0013965,20251116-140537,2025-11-16T14:05:37,NEW,completed|kriangkrai kuskul|summit : hsmr proz qaul with latest fix|ttr,,
DISC,SUMMIT,CR0013970,Completed,Gronggaew Boonjuang,2025-07-25T14:56:20,TTR: ZAP Seek Path Optimization ( PROZ/OCZ ),TTR,disc|summit|cr0013970,20251116-140537,2025-11-16T14:05:37,NEW,completed|gronggaew boonjuang|ttr: zap seek path optimization ( proz/ocz )|ttr,,
DISC,SUMMIT,CR0013973,Completed,Sitthichai Pomthong,2025-07-29T16:37:00,Summit: TTR Reduce num write of zone 0 at VBAR_ATI,TTR,disc|summit|cr0013973,20251116-140537,2025-11-16T14:05:37,NEW,completed|sitthichai pomthong|summit: ttr reduce num write of zone 0 at vbar_ati|ttr,,
DISC,SUMMIT,CR0013974,Completed,Gronggaew Boonjuang,2025-07-29T16:49:30,TTR malloc on Goby,TTR,disc|summit|cr0013974,20251116-140537,2025-11-16T14:05:37,NEW,completed|gronggaew boonjuang|ttr malloc on goby|ttr,,
DISC,DORADO,CR0013981,Completed,Ronnakorn Yimgratok,2025-07-31T09:57:43,T87 In LaserPowerOpti() while updating clearance.,TTR,disc|dorado|cr0013981,20251116-140537,2025-11-16T14:05:37,NEW,completed|ronnakorn yimgratok|t87 in laserpoweropti() while updating clearance.|ttr,,
DISC,SUMMIT,CR0013982,Developing,Jakaphun Karoonkittisarn,2025-07-31T15:12:17,BeatUp V40 support skip track ceritify,TTR,disc|summit|cr0013982,20251116-140537,2025-11-16T14:05:37,NEW,developing|jakaphun karoonkittisarn|beatup v40 support skip track ceritify|ttr,,
DISC,SUMMIT,CR0013992,Completed,Irin Siribannasit,2025-08-03T23:45:05,Summit: Vibe/Calm blocking test removal (PCO 3.7.4A),TTR,disc|summit|cr0013992,20251116-140537,2025-11-16T14:05:37,NEW,completed|irin siribannasit|summit: vibe/calm blocking test removal (pco 3.7.4a)|ttr,,
DISC,SUMMIT,CR0013994,Completed,Gronggaew Boonjuang,2025-08-04T12:49:38,Enable PROZ for CMR ZAP only,TTR,disc|summit|cr0013994,20251116-140537,2025-11-16T14:05:37,NEW,completed|gronggaew boonjuang|enable proz for cmr zap only|ttr,,
DISC,SUMMIT,CR0013996,Completed,Gronggaew Boonjuang,2025-08-05T13:58:39,Summit: PCO Release for RGA (DA008) - PCO3.5.0JH4_FMT,TTR,disc|summit|cr0013996,20251116-140537,2025-11-16T14:05:37,NEW,completed|gronggaew boonjuang|summit: pco release for rga (da008) - pco3.5.0jh4_fmt|ttr,,
DISC,MARLIN,CR0013998,Rejected at Distribution,Pitiwat  Rahothan,2025-08-06T14:14:21,Marlin Request to remove Full Pack Write State,TTR,disc|marlin|cr0013998,20251116-140537,2025-11-16T14:05:37,NEW,rejected at distribution|pitiwat rahothan|marlin request to remove full pack write state|ttr,,
DISC,SUMMIT,CR0014000,Developing,Jakaphun Karoonkittisarn,2025-08-06T15:34:20,SPFS remove even track write,TTR,disc|summit|cr0014000,20251116-140537,2025-11-16T14:05:37,NEW,developing|jakaphun karoonkittisarn|spfs remove even track write|ttr,,
DISC,SUMMIT,CR0014025,Developing,Sirivan  Changkudwian,2025-08-13T15:44:53,SPFS remove even track write - efesto,TTR,disc|summit|cr0014025,20251116-140537,2025-11-16T14:05:37,NEW,developing|sirivan changkudwian|spfs remove even track write - efesto|ttr,,
DISC,SUMMIT,CR0014035,Completed,Worawit Kanjanapruthipong,2025-08-15T15:30:27,T33 Seek Delay Improvement,TTR,disc|summit|cr0014035,20251116-140537,2025-11-16T14:05:37,NEW,completed|worawit kanjanapruthipong|t33 seek delay improvement|ttr,,
DISC,SUMMIT,CR0014037,Completed,Ampol Meetee,2025-08-15T17:51:01,TTR: Update material control for VBAR_ATI prediction,TTR,disc|summit|cr0014037,20251116-140537,2025-11-16T14:05:37,NEW,completed|ampol meetee|ttr: update material control for vbar_ati prediction|ttr,,
DISC,MARLIN,CR0014040,Awaiting Acceptation,Kriangkrai Kuskul,2025-08-18T15:17:57,Marlin : VBAR_WP stop write ,TTR,disc|marlin|cr0014040,20251116-140537,2025-11-16T14:05:37,NEW,awaiting acceptation|kriangkrai kuskul|marlin : vbar_wp stop write|ttr,,
DISC,SUMMIT,CR0014044,Developing,Oosana Onjan,2025-08-19T11:27:39,Summit Remove T281 and T135 in RSEED_ERASE_M1 state ,TTR,disc|summit|cr0014044,20251116-140537,2025-11-16T14:05:37,NEW,developing|oosana onjan|summit remove t281 and t135 in rseed_erase_m1 state|ttr,,
DISC,SUMMIT,CR0014046,Developing,Oosana Onjan,2025-08-19T12:21:36,Summit SCOPY IR change slot for failure Step 4,TTR,disc|summit|cr0014046,20251116-140537,2025-11-16T14:05:37,NEW,developing|oosana onjan|summit scopy ir change slot for failure step 4|ttr,,
DISC,SUMMIT,CR0014047,Developing,Oosana Onjan,2025-08-19T12:56:30,Summit Optimize Full Erase M2 to be erase only failing head,TTR,disc|summit|cr0014047,20251116-140537,2025-11-16T14:05:37,NEW,developing|oosana onjan|summit optimize full erase m2 to be erase only failing head|ttr,,
DISC,SUMMIT,CR0014065,Completed,Rawinnipa Sutantiwanichkul,2025-08-22T09:35:10,SUMMIT merge SUMMIT-2298,TTR,disc|summit|cr0014065,20251116-140537,2025-11-16T14:05:37,NEW,completed|rawinnipa sutantiwanichkul|summit merge summit-2298|ttr,,
DISC,SUMMIT,CR0014070,Completed,Warachai Singjungreed,2025-08-22T16:57:21,Fail Safe for all PCBA SCREEN,TTR,disc|summit|cr0014070,20251116-140537,2025-11-16T14:05:37,NEW,completed|warachai singjungreed|fail safe for all pcba screen|ttr,,
DISC,SUMMIT,CR0014073,Completed,Oosana Onjan,2025-08-25T10:36:15,Summit Optimize Timeout spec T276 T281,TTR,disc|summit|cr0014073,20251116-140537,2025-11-16T14:05:37,NEW,completed|oosana onjan|summit optimize timeout spec t276 t281|ttr,,
DISC,SUMMIT,CR0014076,Completed,Daranee Thitiprayoonwongse,2025-08-25T14:38:05,Summit: PCO Release (DA011) - PCO3.7.3A_EFL2B3,TTR,disc|summit|cr0014076,20251116-140537,2025-11-16T14:05:37,NEW,completed|daranee thitiprayoonwongse|summit: pco release (da011) - pco3.7.3a_efl2b3|ttr,,
DISC,SUMMIT,CR0014096,Completed,Daranee Thitiprayoonwongse,2025-08-30T00:19:34,Summit: PCO Release (DA013) - PCO3.7.3D1-A_1REV,TTR,disc|summit|cr0014096,20251116-140537,2025-11-16T14:05:37,NEW,completed|daranee thitiprayoonwongse|summit: pco release (da013) - pco3.7.3d1-a_1rev|ttr,,
DISC,MARLIN BP,CR0014104,Rejected at Distribution,Naruporn Srikullabut,2025-09-02T11:18:17,Special flow for SF3 overclock,TTR,disc|marlin bp|cr0014104,20251116-140537,2025-11-16T14:05:37,NEW,rejected at distribution|naruporn srikullabut|special flow for sf3 overclock|ttr,,
DISC,MARLIN BP,CR0014115,Rejected at Development,Naruporn Srikullabut,2025-09-05T10:39:11,Special flow for SF3 overclock V2,TTR,disc|marlin bp|cr0014115,20251116-140537,2025-11-16T14:05:37,NEW,rejected at development|naruporn srikullabut|special flow for sf3 overclock v2|ttr,,
DISC,MARLIN,CR0014127,Awaiting Acceptation,Irin Siribannasit,2025-09-10T11:47:20,Marlin: Adjust timeout of T451 at  DERIVED_OPTI_1 and DERIVED_OPTI_2 state,TTR,disc|marlin|cr0014127,20251116-140537,2025-11-16T14:05:37,NEW,awaiting acceptation|irin siribannasit|marlin: adjust timeout of t451 at derived_opti_1 and derived_opti_2 state|ttr,,
DISC,SUMMIT,CR0014144,Completed,Gronggaew Boonjuang,2025-09-12T10:01:38,SMR Master Format Removal,TTR,disc|summit|cr0014144,20251116-140537,2025-11-16T14:05:37,NEW,completed|gronggaew boonjuang|smr master format removal|ttr,,
DISC,SUMMIT,CR0014152,Completed,Naruemon Wannawong,2025-09-15T18:06:05,Back out TTR in VBAR_METRICS,TTR,disc|summit|cr0014152,20251116-140537,2025-11-16T14:05:37,NEW,completed|naruemon wannawong|back out ttr in vbar_metrics|ttr,,
DISC,MARLIN,CR0014153,Developing,Sarunya Nathonghor,2025-09-15T18:23:39,Marlin - Disable power cycle during SPFS LFA,TTR,disc|marlin|cr0014153,20251116-140537,2025-11-16T14:05:37,NEW,developing|sarunya nathonghor|marlin - disable power cycle during spfs lfa|ttr,,
DISC,DORADO,CR0014155,Developing,Kriangkrai Kuskul,2025-09-16T11:38:59,Dorado : LASER_INIT optimization,TTR,disc|dorado|cr0014155,20251116-140537,2025-11-16T14:05:37,NEW,developing|kriangkrai kuskul|dorado : laser_init optimization|ttr,,
DISC,SUMMIT,CR0014160,Awaiting Acceptation,Warachai Singjungreed,2025-09-17T12:48:52,T150 PWT by Exception,TTR,disc|summit|cr0014160,20251116-140537,2025-11-16T14:05:37,NEW,awaiting acceptation|warachai singjungreed|t150 pwt by exception|ttr,,
DISC,SUMMIT,CR0014161,Awaiting Acceptation,Warachai Singjungreed,2025-09-17T12:54:28,T461 Test Zone Aligment,TTR,disc|summit|cr0014161,20251116-140537,2025-11-16T14:05:37,NEW,awaiting acceptation|warachai singjungreed|t461 test zone aligment|ttr,,
DISC,MARLIN,CR0014175,Completed,Petcharat Boonprasop,2025-09-19T14:38:26,SMR enable STFL and force PWL simluation on T2108.,TTR,disc|marlin|cr0014175,20251116-140537,2025-11-16T14:05:37,NEW,completed|petcharat boonprasop|smr enable stfl and force pwl simluation on t2108.|ttr,,
DISC,DORADO,CR0014176,Developing,Naruporn Srikullabut,2025-09-19T15:50:09,Change Rev for T230 from 3 to 1,TTR,disc|dorado|cr0014176,20251116-140537,2025-11-16T14:05:37,NEW,developing|naruporn srikullabut|change rev for t230 from 3 to 1|ttr,,
DISC,SUMMIT,CR0014179,Completed,Daranee Thitiprayoonwongse,2025-09-22T12:38:12,Summit: Disable TTR for 1-REV evaluation,TTR,disc|summit|cr0014179,20251116-140537,2025-11-16T14:05:37,NEW,completed|daranee thitiprayoonwongse|summit: disable ttr for 1-rev evaluation|ttr,,
DISC,MARLIN BP,CR0014184,Developing,Irin Siribannasit,2025-09-23T11:02:57,MarlinBP: Remove power cycle at T222,TTR,disc|marlin bp|cr0014184,20251116-140537,2025-11-16T14:05:37,NEW,developing|irin siribannasit|marlinbp: remove power cycle at t222|ttr,,
DISC,DORADO,CR0014205,Awaiting Implementation,Kriangkrai Kuskul,2025-09-26T11:16:12,Dorado : IOP_BY_WEDGE process optimization,TTR,disc|dorado|cr0014205,20251116-140537,2025-11-16T14:05:37,NEW,awaiting implementation|kriangkrai kuskul|dorado : iop_by_wedge process optimization|ttr,,
DISC,DORADO,CR0014206,Developing,Kriangkrai Kuskul,2025-09-26T12:12:14,Dorado : Remove power cycle at T222,TTR,disc|dorado|cr0014206,20251116-140537,2025-11-16T14:05:37,NEW,developing|kriangkrai kuskul|dorado : remove power cycle at t222|ttr,,
DISC,SUMMIT,CR0014217,Completed,Gronggaew Boonjuang,2025-10-01T09:34:34,VBAR_METRICS TTR Improvement Actions,TTR,disc|summit|cr0014217,20251116-140537,2025-11-16T14:05:37,NEW,completed|gronggaew boonjuang|vbar_metrics ttr improvement actions|ttr,,
DISC,SUMMIT,CR0014221,Completed,Manuschanok  Srikhrueadong,2025-10-01T20:56:58,Summit:Reduce num write of zone 0 at VBAR_ATI (DOE),TTR,disc|summit|cr0014221,20251116-140537,2025-11-16T14:05:37,NEW,completed|manuschanok srikhrueadong|summit:reduce num write of zone 0 at vbar_ati (doe)|ttr,,
DISC,SUMMIT,CR0014225,Developing,Warachai Singjungreed,2025-10-03T11:10:26,T240 EAW Early-Stop Write Optimization,TTR,disc|summit|cr0014225,20251116-140537,2025-11-16T14:05:37,NEW,developing|warachai singjungreed|t240 eaw early-stop write optimization|ttr,,
DISC,MARLIN BP,CR0014228,Completed,Naruporn Srikullabut,2025-10-03T14:19:19,Overclock code,TTR,disc|marlin bp|cr0014228,20251116-140537,2025-11-16T14:05:37,NEW,completed|naruporn srikullabut|overclock code|ttr,,
DISC,MARLIN BP,CR0014234,Awaiting Acceptation,Kriangkrai Kuskul,2025-10-07T11:17:45,MarlinBP : T55 with independent ZAP track,TTR,disc|marlin bp|cr0014234,20251116-140537,2025-11-16T14:05:37,NEW,awaiting acceptation|kriangkrai kuskul|marlinbp : t55 with independent zap track|ttr,,
DISC,DORADO,CR0014236,Awaiting Implementation,Kriangkrai Kuskul,2025-10-07T15:51:48,Dorado : T55 with independent ZAP track,TTR,disc|dorado|cr0014236,20251116-140537,2025-11-16T14:05:37,NEW,awaiting implementation|kriangkrai kuskul|dorado : t55 with independent zap track|ttr,,
DISC,SUMMIT,CR0014237,Completed,Leepithakwatthana Pisan,2025-10-08T12:24:29,Summit: Format Certify Improvement in eFESTO PCO,TTR,disc|summit|cr0014237,20251116-140537,2025-11-16T14:05:37,NEW,completed|leepithakwatthana pisan|summit: format certify improvement in efesto pco|ttr,,
DISC,MARLIN,CR0014242,Awaiting Approval,Worawit Kanjanapruthipong,2025-10-10T05:20:56,POML SMR,TTR,disc|marlin|cr0014242,20251116-140537,2025-11-16T14:05:37,NEW,awaiting approval|worawit kanjanapruthipong|poml smr|ttr,,
DISC,SUMMIT,CR0014255,Awaiting Implementation,Worawit Kanjanapruthipong,2025-10-15T11:41:03,T282 Integrated Milli/Micro Structure Bode Measurement with One-Shot,TTR,disc|summit|cr0014255,20251116-140537,2025-11-16T14:05:37,NEW,awaiting implementation|worawit kanjanapruthipong|t282 integrated milli/micro structure bode measurement with one-shot|ttr,,
DISC,SUMMIT,CR0014264,Completed,Gronggaew Boonjuang,2025-10-16T16:27:30,TTR for PCBA_SCN in PRE2 (DRAM test),TTR,disc|summit|cr0014264,20251116-140537,2025-11-16T14:05:37,NEW,completed|gronggaew boonjuang|ttr for pcba_scn in pre2 (dram test)|ttr,,
DISC,SUMMIT,CR0014267,Awaiting Acceptation,Warachai Singjungreed,2025-10-16T17:52:35,Summit CERT BER Removal,TTR,disc|summit|cr0014267,20251116-140537,2025-11-16T14:05:37,NEW,awaiting acceptation|warachai singjungreed|summit cert ber removal|ttr,,
DISC,SUMMIT,CR0014268,Awaiting Acceptation,Warachai Singjungreed,2025-10-17T16:20:36,LUL Defect Scan TTR,TTR,disc|summit|cr0014268,20251116-140537,2025-11-16T14:05:37,NEW,awaiting acceptation|warachai singjungreed|lul defect scan ttr|ttr,,
DISC,SUMMIT,CR0014269,Developing,Worawit Kanjanapruthipong,2025-10-17T17:36:56,WP Opti bypass channel training and offset searches,TTR,disc|summit|cr0014269,20251116-140537,2025-11-16T14:05:37,NEW,developing|worawit kanjanapruthipong|wp opti bypass channel training and offset searches|ttr,,
DISC,SUMMIT,CR0014270,Completed,Gronggaew Boonjuang,2025-10-20T14:41:16,TTR: Remove 1>N28 from DNLD_CODE_TCG_SPT,TTR,disc|summit|cr0014270,20251116-140537,2025-11-16T14:05:37,NEW,completed|gronggaew boonjuang|ttr: remove 1>n28 from dnld_code_tcg_spt|ttr,,
DISC,DORADO,CR0014286,Developing,Ronnakorn Yimgratok,2025-10-23T17:22:24,Dorado TTR : T55 Zero Latency Write,TTR,disc|dorado|cr0014286,20251116-140537,2025-11-16T14:05:37,NEW,developing|ronnakorn yimgratok|dorado ttr : t55 zero latency write|ttr,,
DISC,MARLIN BP,CR0014298,Awaiting Approval,Worawit Kanjanapruthipong,2025-10-28T16:45:50,POML SMR,TTR,disc|marlin bp|cr0014298,20251116-140537,2025-11-16T14:05:37,NEW,awaiting approval|worawit kanjanapruthipong|poml smr|ttr,,
DISC,SUMMIT,CR0014299,Developing,Manuschanok  Srikhrueadong,2025-10-28T20:05:56,Summit: Reduce num write of zone 0 at VBAR_ATI (TTR),TTR,disc|summit|cr0014299,20251116-140537,2025-11-16T14:05:37,NEW,developing|manuschanok srikhrueadong|summit: reduce num write of zone 0 at vbar_ati (ttr)|ttr,,
DISC,MARLIN,CR0014317,Awaiting Acceptation,Worawit Kanjanapruthipong,2025-11-03T17:15:18,TTR : Fix the BPI/TPI formats from PC file for pure SMR,TTR,disc|marlin|cr0014317,20251116-140537,2025-11-16T14:05:37,NEW,awaiting acceptation|worawit kanjanapruthipong|ttr : fix the bpi/tpi formats from pc file for pure smr|ttr,,
DISC,SUMMIT,CR0014319,Awaiting Acceptation,Ratchaphon Phonyiam,2025-11-03T19:05:57,Summit TTR T94-threshold fixed,TTR,disc|summit|cr0014319,20251116-140537,2025-11-16T14:05:37,NEW,awaiting acceptation|ratchaphon phonyiam|summit ttr t94-threshold fixed|ttr,,
DISC,SUMMIT,CR0014320,Awaiting Acceptation,Ratchaphon Phonyiam,2025-11-03T19:21:40,Summit TTR T109 LUL Skip-track,TTR,disc|summit|cr0014320,20251116-140537,2025-11-16T14:05:37,NEW,awaiting acceptation|ratchaphon phonyiam|summit ttr t109 lul skip-track|ttr,,
DISC,SUMMIT,CR0014322,Awaiting Acceptation,Amared Saichomphoo,2025-11-04T10:26:54,SUMMIT TTR AFH reducing zone order,TTR,disc|summit|cr0014322,20251116-140537,2025-11-16T14:05:37,NEW,awaiting acceptation|amared saichomphoo|summit ttr afh reducing zone order|ttr,,
DISC,SUMMIT,CR0014323,Awaiting Acceptation,Amared Saichomphoo,2025-11-04T10:33:27,SUMMIT TTR AFH Increase start DAC,TTR,disc|summit|cr0014323,20251116-140537,2025-11-16T14:05:37,NEW,awaiting acceptation|amared saichomphoo|summit ttr afh increase start dac|ttr,,
DISC,SUMMIT,CR0014326,Awaiting Development,Punnathon Phatai,2025-11-04T17:59:06,SUMMIT: Write Power Set New Model,TTR,disc|summit|cr0014326,20251116-140537,2025-11-16T14:05:37,NEW,awaiting development|punnathon phatai|summit: write power set new model|ttr,,
DISC,SUMMIT,CR0014332,Awaiting Acceptation,Chonnakarn Jerddeesakul,2025-11-05T18:08:08,Remove WRITE_POWER_TCC State - FNC2,TTR,disc|summit|cr0014332,20251116-140537,2025-11-16T14:05:37,NEW,awaiting acceptation|chonnakarn jerddeesakul|remove write_power_tcc state - fnc2|ttr,,
DISC,SUMMIT,CR0014334,Awaiting Acceptation,Thiansue  Yanthawin,2025-11-06T08:57:43,REMOVE ZN 2 4 P461_BIE_MEAN_BY_TRACK -- WRITE ABILITY SOLO,TTR,disc|summit|cr0014334,20251116-140537,2025-11-16T14:05:37,NEW,awaiting acceptation|thiansue yanthawin|remove zn 2 4 p461_bie_mean_by_track -- write ability solo|ttr,,
DISC,SUMMIT,CR0014337,Awaiting Acceptation,Nontawat Nakul,2025-11-06T17:20:45,Summit TTR : P285 RampDetect,TTR,disc|summit|cr0014337,20251116-140537,2025-11-16T14:05:37,NEW,awaiting acceptation|nontawat nakul|summit ttr : p285 rampdetect|ttr,,
DISC,SUMMIT,CR0014338,Awaiting Acceptation,Nontawat Nakul,2025-11-06T17:26:00,Summit TTR : P25 PRE_LUL_TEST,TTR,disc|summit|cr0014338,20251116-140537,2025-11-16T14:05:37,NEW,awaiting acceptation|nontawat nakul|summit ttr : p25 pre_lul_test|ttr,,
DISC,SUMMIT,CR0014339,Awaiting Acceptation,Nontawat Nakul,2025-11-06T17:33:53,Summit TTR : Remove Bode State,TTR,disc|summit|cr0014339,20251116-140537,2025-11-16T14:05:37,NEW,awaiting acceptation|nontawat nakul|summit ttr : remove bode state|ttr,,
DISC,SUMMIT,CR0014340,Awaiting Acceptation,Nontawat Nakul,2025-11-06T17:46:01,Summit TTR : P335 Adjustment,TTR,disc|summit|cr0014340,20251116-140537,2025-11-16T14:05:37,NEW,awaiting acceptation|nontawat nakul|summit ttr : p335 adjustment|ttr,,
DISC,SUMMIT,CR0014341,Awaiting Acceptation,Nontawat Nakul,2025-11-06T17:54:01,Summit TTR : P033 FNC2,TTR,disc|summit|cr0014341,20251116-140537,2025-11-16T14:05:37,NEW,awaiting acceptation|nontawat nakul|summit ttr : p033 fnc2|ttr,,
DISC,SUMMIT,CR0014342,Awaiting Acceptation,Nontawat Nakul,2025-11-06T18:03:12,Summit TTR : P30 Reduce seek count,TTR,disc|summit|cr0014342,20251116-140537,2025-11-16T14:05:37,NEW,awaiting acceptation|nontawat nakul|summit ttr : p30 reduce seek count|ttr,,
DISC,DORADO,CR0014345,Developing,Warat  Jintanamaneerat ,2025-11-07T11:06:43,Dorado : fixed PWL recovery restart full PWT,TTR,disc|dorado|cr0014345,20251116-140537,2025-11-16T14:05:37,NEW,developing|warat jintanamaneerat|dorado : fixed pwl recovery restart full pwt|ttr,,
DISC,SUMMIT,CR0014351,Awaiting Acceptation,Nontawat Nakul,2025-11-07T18:16:26,Summit TTR : Add new state for monitor,TTR,disc|summit|cr0014351,20251116-140537,2025-11-16T14:05:37,NEW,awaiting acceptation|nontawat nakul|summit ttr : add new state for monitor|ttr,,
excel_import,MARLIN BP,MBP-1404,,,2025-11-16T00:00:00,FNC2 RRO_SCRN_x removal (pull in),TTR,excel_import|marlin bp|mbp-1404,20251116-140537,2025-11-16T14:05:37,NEW,||fnc2 rro_scrn_x removal (pull in)|ttr,,
excel_import,MARLIN BP,MBP-1445,,,2025-11-16T00:00:00,TTR: Remove PRE2 prm_282_hiResVCMBodeTemp (pull in),TTR,excel_import|marlin bp|mbp-1445,20251116-140537,2025-11-16T14:05:37,NEW,||ttr: remove pre2 prm_282_hiresvcmbodetemp (pull in)|ttr,,
excel_import,MARLIN BP,MBP-1481,,,2025-11-16T00:00:00,T102 PCBA_SCRN TTR (pull in),TTR,excel_import|marlin bp|mbp-1481,20251116-140537,2025-11-16T14:05:37,NEW,||t102 pcba_scrn ttr (pull in)|ttr,,
excel_import,MARLIN BP,,Implemented FW2613 (PCO4.2.13),,2025-11-16T00:00:00,4.10) PCO 4.2.12,TTR,excel_import|marlin bp|,20251116-140537,2025-11-16T14:05:37,NEW,implemented fw2613 (pco4.2.13)||4.10) pco 4.2.12|ttr,,
excel_import,MARLIN BP,MBP-1609,,,2025-11-16T00:00:00,Remove PWT SF3 portion for weld before Cert (pull in),TTR,excel_import|marlin bp|mbp-1609,20251116-140537,2025-11-16T14:05:37,NEW,||remove pwt sf3 portion for weld before cert (pull in)|ttr,,
excel_import,MARLIN BP,MBP-1641,,,2025-11-16T00:00:00,TTR: CERT portion Powercycle,TTR,excel_import|marlin bp|mbp-1641,20251116-140537,2025-11-16T14:05:37,NEW,||ttr: cert portion powercycle|ttr,,
excel_import,MARLIN BP,MBP-1706,,,2025-11-16T00:00:00,"TTR: T282 reduce ""idle time""",TTR,excel_import|marlin bp|mbp-1706,20251116-140537,2025-11-16T14:05:37,NEW,"||ttr: t282 reduce ""idle time""|ttr",,
excel_import,MARLIN BP,MBP-1707,,,2025-11-16T00:00:00,TTR: Further Test Time Reduction In T282 - Bode Convergence Check,TTR,excel_import|marlin bp|mbp-1707,20251116-140537,2025-11-16T14:05:37,NEW,||ttr: further test time reduction in t282 - bode convergence check|ttr,,
excel_import,MARLIN BP,MBP-1708,,,2025-11-16T00:00:00,TTR - Reducing the SkDly in t135 from 20ms to 0ms,TTR,excel_import|marlin bp|mbp-1708,20251116-140537,2025-11-16T14:05:37,NEW,||ttr - reducing the skdly in t135 from 20ms to 0ms|ttr,,
excel_import,MARLIN BP,MBP-1352,,DC / Korat PE,2025-11-16T00:00:00,Enable STFL on SMR,TTR,excel_import|marlin bp|mbp-1352,20251116-140537,2025-11-16T14:05:37,NEW,|dc / korat pe|enable stfl on smr|ttr,,
excel_import,MARLIN BP,,Implemented FW2616 (PCO 4.2.15),,2025-11-16T00:00:00,4.11) PCO 4.2.14,TTR,excel_import|marlin bp|,20251116-140537,2025-11-16T14:05:37,NEW,implemented fw2616 (pco 4.2.15)||4.11) pco 4.2.14|ttr,,
excel_import,MARLIN BP,,,,2025-11-16T00:00:00,Remove T299_DS_ATI at FNC2,TTR,excel_import|marlin bp|,20251116-140537,2025-11-16T14:05:37,NEW,||remove t299_ds_ati at fnc2|ttr,,
excel_import,MARLIN BP,,,,2025-11-16T00:00:00,4.13) PCO 5.0.0 - 5.0.1,TTR,excel_import|marlin bp|,20251116-140537,2025-11-16T14:05:37,NEW,||4.13) pco 5.0.0 - 5.0.1|ttr,,
excel_import,MARLIN BP,MBP-1224,,DC TP/ARS,2025-11-16T00:00:00,T299: Disable Track Center Search,TTR,excel_import|marlin bp|mbp-1224,20251116-140537,2025-11-16T14:05:37,NEW,|dc tp/ars|t299: disable track center search|ttr,,
excel_import,MARLIN BP,MBP-1383,,DC,2025-11-16T00:00:00,Fast uJog in T299,TTR,excel_import|marlin bp|mbp-1383,20251116-140537,2025-11-16T14:05:37,NEW,|dc|fast ujog in t299|ttr,,
excel_import,MARLIN BP,MBP-1353,,DC,2025-11-16T00:00:00,Write Process Restructuring: Fix to VBAR Laser Setup,TTR,excel_import|marlin bp|mbp-1353,20251116-140537,2025-11-16T14:05:37,NEW,|dc|write process restructuring: fix to vbar laser setup|ttr,,
excel_import,MARLIN BP,MBP-1419,,DC,2025-11-16T00:00:00,Test Time: T297 Data Trimming at PRE2,TTR,excel_import|marlin bp|mbp-1419,20251116-140537,2025-11-16T14:05:37,NEW,|dc|test time: t297 data trimming at pre2|ttr,,
excel_import,MARLIN BP,MBP-1419,,DC,2025-11-16T00:00:00,Test Time: T297 Data Trimming at CAL2,TTR,excel_import|marlin bp|mbp-1419,20251116-140537,2025-11-16T14:05:37,NEW,|dc|test time: t297 data trimming at cal2|ttr,,
excel_import,MARLIN BP,,Plan implement WW18,,2025-11-16T00:00:00,4.14) PCO 5.0.3 - 5.0.4,TTR,excel_import|marlin bp|,20251116-140537,2025-11-16T14:05:37,NEW,plan implement ww18||4.14) pco 5.0.3 - 5.0.4|ttr,,
excel_import,MARLIN BP,MBP-972,,DC,2025-11-16T00:00:00,PROZ   (note: PROZ chg is in PCO 5.0.4),TTR,excel_import|marlin bp|mbp-972,20251116-140537,2025-11-16T14:05:37,NEW,|dc|proz (note: proz chg is in pco 5.0.4)|ttr,,
excel_import,MARLIN BP,MBP-1444,,,2025-11-16T00:00:00,T282 C0 sensitivity opti,TTR,excel_import|marlin bp|mbp-1444,20251116-140537,2025-11-16T14:05:37,NEW,||t282 c0 sensitivity opti|ttr,,
excel_import,MARLIN BP,MBP-1525,,,2025-11-16T00:00:00,Erasure Testing - Fast Write Modes (T298/T299),TTR,excel_import|marlin bp|mbp-1525,20251116-140537,2025-11-16T14:05:37,NEW,||erasure testing - fast write modes (t298/t299)|ttr,,
excel_import,MARLIN BP,MBP-1718,,,2025-11-16T00:00:00,TTR: To close TT gap (vs Marlin) - BER measurement,TTR,excel_import|marlin bp|mbp-1718,20251116-140537,2025-11-16T14:05:37,NEW,||ttr: to close tt gap (vs marlin) - ber measurement|ttr,,
excel_import,MARLIN BP,MBP-1739,,,2025-11-16T00:00:00,T282 sensitivity projection optimization - data & test time reduction,TTR,excel_import|marlin bp|mbp-1739,20251116-140537,2025-11-16T14:05:37,NEW,||t282 sensitivity projection optimization - data & test time reduction|ttr,,
excel_import,MARLIN BP,,"Plan release WW17, Checkout 6H WW20,",,2025-11-16T00:00:00,4.15) PCO 5.0.5,TTR,excel_import|marlin bp|,20251116-140537,2025-11-16T14:05:37,NEW,"plan release ww17, checkout 6h ww20,||4.15) pco 5.0.5|ttr",,
excel_import,MARLIN BP,MBP-1671,,,2025-11-16T00:00:00,TTR - Radical malloc eval,TTR,excel_import|marlin bp|mbp-1671,20251116-140537,2025-11-16T14:05:37,NEW,||ttr - radical malloc eval|ttr,,
excel_import,MARLIN BP,MBP-1846,,Korat FW,2025-11-16T00:00:00,LASER_INIT test process optimization,TTR,excel_import|marlin bp|mbp-1846,20251116-140537,2025-11-16T14:05:37,NEW,|korat fw|laser_init test process optimization|ttr,,
excel_import,MARLIN BP,MBP-1625,,,2025-11-16T00:00:00,ZAP Seek Path Optimization,TTR,excel_import|marlin bp|mbp-1625,20251116-140537,2025-11-16T14:05:37,NEW,||zap seek path optimization|ttr,,
excel_import,MARLIN BP,,,,2025-11-16T00:00:00,4.16) PCO 5.0.6,TTR,excel_import|marlin bp|,20251116-140537,2025-11-16T14:05:37,NEW,||4.16) pco 5.0.6|ttr,,
excel_import,MARLIN BP,MBP-1602,,,2025-11-16T00:00:00,SPFS T2108 Read TTR by increasing CertTrkStep (SkInc) to 75 from default 30 (CMR only),TTR,excel_import|marlin bp|mbp-1602,20251116-140537,2025-11-16T14:05:37,NEW,||spfs t2108 read ttr by increasing certtrkstep (skinc) to 75 from default 30 (cmr only)|ttr,,
excel_import,MARLIN BP,MBP-1704,,,2025-11-16T00:00:00,Reduce redundant zones test of VBAR_ATI,TTR,excel_import|marlin bp|mbp-1704,20251116-140537,2025-11-16T14:05:37,NEW,||reduce redundant zones test of vbar_ati|ttr,,
excel_import,MARLIN BP,MBP-1852,,,2025-11-16T00:00:00,Removal of Offset Search & Channel Training Reads,TTR,excel_import|marlin bp|mbp-1852,20251116-140537,2025-11-16T14:05:37,NEW,||removal of offset search & channel training reads|ttr,,
excel_import,MARLIN BP,MBP-1916,,DC,2025-11-16T00:00:00,WP Optimization,TTR,excel_import|marlin bp|mbp-1916,20251116-140537,2025-11-16T14:05:37,NEW,|dc|wp optimization|ttr,,
excel_import,MARLIN BP,MBP-1926,,,2025-11-16T00:00:00,Optimize get ta rec for TA access and audit lookup,TTR,excel_import|marlin bp|mbp-1926,20251116-140537,2025-11-16T14:05:37,NEW,||optimize get ta rec for ta access and audit lookup|ttr,,
excel_import,MARLIN BP,,,,2025-11-16T00:00:00,4.17) PCO 5.1.0 (mat'l 12),TTR,excel_import|marlin bp|,20251116-140537,2025-11-16T14:05:37,NEW,||4.17) pco 5.1.0 (mat'l 12)|ttr,,
excel_import,MARLIN BP,MBP-1774,,,2025-11-16T00:00:00,Add DRAM screen while soaking test,TTR,excel_import|marlin bp|mbp-1774,20251116-140537,2025-11-16T14:05:37,NEW,||add dram screen while soaking test|ttr,,
excel_import,MARLIN BP,,,,2025-11-16T00:00:00,4.18) Pending Activity,TTR,excel_import|marlin bp|,20251116-140537,2025-11-16T14:05:37,NEW,||4.18) pending activity|ttr,,
excel_import,MARLIN BP,MBP-1792,,Servo DC,2025-11-16T00:00:00,MarlinBP remove state (est. 43 hrs) ??,TTR,excel_import|marlin bp|mbp-1792,20251116-140537,2025-11-16T14:05:37,NEW,|servo dc|marlinbp remove state (est. 43 hrs) ??|ttr,,
excel_import,MARLIN BP,MBP-1856,,,2025-11-16T00:00:00,T451 Derived Opti: Update Anchor zone behavior and set anchor zone mask,TTR,excel_import|marlin bp|mbp-1856,20251116-140537,2025-11-16T14:05:37,NEW,||t451 derived opti: update anchor zone behavior and set anchor zone mask|ttr,,
excel_import,MARLIN BP,MBP-1815,,,2025-11-16T00:00:00,FPW & SPFS Power Cycle Removal around LFA,TTR,excel_import|marlin bp|mbp-1815,20251116-140537,2025-11-16T14:05:37,NEW,||fpw & spfs power cycle removal around lfa|ttr,,
excel_import,MARLIN BP,"MBP-1884, MBP-1887",,Korat FW/DC TP/ARS,2025-11-16T00:00:00,FPW removal,TTR,"excel_import|marlin bp|mbp-1884, mbp-1887",20251116-140537,2025-11-16T14:05:37,NEW,|korat fw/dc tp/ars|fpw removal|ttr,,
excel_import,MARLIN BP,Need Jira,,,2025-11-16T00:00:00,POML all mode for SMR,TTR,excel_import|marlin bp|need jira,20251116-140537,2025-11-16T14:05:37,NEW,||poml all mode for smr|ttr,,
excel_import,MARLIN BP,MBP-1731,,,2025-11-16T00:00:00,Scopy TA Scan Feed Forward,TTR,excel_import|marlin bp|mbp-1731,20251116-140537,2025-11-16T14:05:37,NEW,||scopy ta scan feed forward|ttr,,
excel_import,MARLIN BP,,,,2025-11-16T00:00:00,4.19) Study Activity,TTR,excel_import|marlin bp|,20251116-140537,2025-11-16T14:05:37,NEW,||4.19) study activity|ttr,,
excel_import,MARLIN BP,,,Korat FW,2025-11-16T00:00:00,T299 RAP Saving (4),TTR,excel_import|marlin bp|,20251116-140537,2025-11-16T14:05:37,NEW,|korat fw|t299 rap saving (4)|ttr,,
excel_import,MARLIN BP,MBP-1705,,DC,2025-11-16T00:00:00,"Project to remove UACT1 ""milli"" actuator",TTR,excel_import|marlin bp|mbp-1705,20251116-140537,2025-11-16T14:05:37,NEW,"|dc|project to remove uact1 ""milli"" actuator|ttr",,
excel_import,MARLIN BP,Need Jira,,Korat,2025-11-16T00:00:00,T285 DRCM opti  (MarlinCT-1948),TTR,excel_import|marlin bp|need jira,20251116-140537,2025-11-16T14:05:37,NEW,|korat|t285 drcm opti (marlinct-1948)|ttr,,
excel_import,MARLIN BP,Need Jira,,,2025-11-16T00:00:00,WP opti Prediction,TTR,excel_import|marlin bp|need jira,20251116-140537,2025-11-16T14:05:37,NEW,||wp opti prediction|ttr,,
excel_import,MARLIN BP,Need Jira,,Korat FW/Servo DC,2025-11-16T00:00:00,XBAR   (MarlinCT-576),TTR,excel_import|marlin bp|need jira,20251116-140537,2025-11-16T14:05:37,NEW,|korat fw/servo dc|xbar (marlinct-576)|ttr,,
excel_import,MARLIN BP,Need Jira,,Korat FW/ARS DC,2025-11-16T00:00:00,VBAR ATI predict	 ?(Summit-1179)?		,TTR,excel_import|marlin bp|need jira,20251116-140537,2025-11-16T14:05:37,NEW,|korat fw/ars dc|vbar ati predict ?(summit-1179)?|ttr,,
excel_import,MARLIN BP,Need Jira,,,2025-11-16T00:00:00,Remove PWT opti,TTR,excel_import|marlin bp|need jira,20251116-140537,2025-11-16T14:05:37,NEW,||remove pwt opti|ttr,,
excel_import,MARLIN BP,Need Jira,High risk review with ARS,,2025-11-16T00:00:00,VBAR Laser Predition,TTR,excel_import|marlin bp|need jira,20251116-140537,2025-11-16T14:05:37,NEW,high risk review with ars||vbar laser predition|ttr,,
excel_import,MARLIN BP,MBP-,,,2025-11-16T00:00:00,Skip track certify CMR (can we pull in 1 qtr)/ (MarlinCT-1980),TTR,excel_import|marlin bp|mbp-,20251116-140537,2025-11-16T14:05:37,NEW,||skip track certify cmr (can we pull in 1 qtr)/ (marlinct-1980)|ttr,,
excel_import,MARLIN BP,MBP-1730,,,2025-11-16T00:00:00,SMR Format removal (SMR only),TTR,excel_import|marlin bp|mbp-1730,20251116-140537,2025-11-16T14:05:37,NEW,||smr format removal (smr only)|ttr,,
excel_import,MARLIN BP,,,Korat FW,2025-11-16T00:00:00,Write/Read xfer,TTR,excel_import|marlin bp|,20251116-140537,2025-11-16T14:05:37,NEW,|korat fw|write/read xfer|ttr,,
excel_import,MARLIN BP,MBP-1909,,Korat FW/ARS DC,2025-11-16T00:00:00,T55 with independent ZAP track (can we pull in?,TTR,excel_import|marlin bp|mbp-1909,20251116-140537,2025-11-16T14:05:37,NEW,|korat fw/ars dc|t55 with independent zap track (can we pull in?|ttr,,
excel_import,MARLIN BP,need jira,,Servo DC,2025-11-16T00:00:00,Z-path (5hrs?) (can it pull in before Q3? - Mingzhong,TTR,excel_import|marlin bp|need jira,20251116-140537,2025-11-16T14:05:37,NEW,|servo dc|z-path (5hrs?) (can it pull in before q3? - mingzhong|ttr,,
excel_import,MARLIN BP,,,Korat FW,2025-11-16T00:00:00,Chrome step size,TTR,excel_import|marlin bp|,20251116-140537,2025-11-16T14:05:37,NEW,|korat fw|chrome step size|ttr,,
excel_import,MARLIN BP,,,Korat FW,2025-11-16T00:00:00,T438 param update,TTR,excel_import|marlin bp|,20251116-140537,2025-11-16T14:05:37,NEW,|korat fw|t438 param update|ttr,,
excel_import,MARLIN BP,,,SSDC TP,2025-11-16T00:00:00,"PWT TTR & optimization: DNLD_CODE, enableDiags, Powercycle",TTR,excel_import|marlin bp|,20251116-140537,2025-11-16T14:05:37,NEW,"|ssdc tp|pwt ttr & optimization: dnld_code, enablediags, powercycle|ttr",,
excel_import,MARLIN BP,MBP-1931,,,2025-11-16T00:00:00,10k RPM eval at SPIN OPER (Soak Time reduction eval),TTR,excel_import|marlin bp|mbp-1931,20251116-140537,2025-11-16T14:05:37,NEW,||10k rpm eval at spin oper (soak time reduction eval)|ttr,,
excel_import,MARLIN BP,,,,2025-11-16T00:00:00,4.20) Hold item,TTR,excel_import|marlin bp|,20251116-140537,2025-11-16T14:05:37,NEW,||4.20) hold item|ttr,,
excel_import,MARLIN BP,MBP-1488,,,2025-11-16T00:00:00,T451 Random Pattern Generation 5% TTR (when?),TTR,excel_import|marlin bp|mbp-1488,20251116-140537,2025-11-16T14:05:37,NEW,||t451 random pattern generation 5% ttr (when?)|ttr,,
excel_import,MARLIN BP,"MBP-1501, 1759, 1760",,,2025-11-16T00:00:00,3rev to 2rev ZAP 30TBLV Meta (30 hrs but won't intersect in time for Meta),TTR,"excel_import|marlin bp|mbp-1501, 1759, 1760",20251116-140537,2025-11-16T14:05:37,NEW,||3rev to 2rev zap 30tblv meta (30 hrs but won't intersect in time for meta)|ttr,,
excel_import,MARLIN BP,,,,2025-11-16T00:00:00,3rev to 2rev ZAP (SMR) (30 hrs needs customer and ADC for 9H),TTR,excel_import|marlin bp|,20251116-140537,2025-11-16T14:05:37,NEW,||3rev to 2rev zap (smr) (30 hrs needs customer and adc for 9h)|ttr,,
excel_import,MARLIN BP,,,,2025-11-16T00:00:00,1Rev ZAP (90hrs) - Hold,TTR,excel_import|marlin bp|,20251116-140537,2025-11-16T14:05:37,NEW,||1rev zap (90hrs) - hold|ttr,,
excel_import,MARLIN BP,MBP-1405,,,2025-11-16T00:00:00,FNC2 T150 Linearization monitor (1.2) (1hr?),TTR,excel_import|marlin bp|mbp-1405,20251116-140537,2025-11-16T14:05:37,NEW,||fnc2 t150 linearization monitor (1.2) (1hr?)|ttr,,
excel_import,MARLIN BP,Need Jira,,DC,2025-11-16T00:00:00,Optimize FPW by Bank write Phase2 (cosider in Marlin rmv state) - (FPW removal instead),TTR,excel_import|marlin bp|need jira,20251116-140537,2025-11-16T14:05:37,NEW,|dc|optimize fpw by bank write phase2 (cosider in marlin rmv state) - (fpw removal instead)|ttr,,
excel_import,MARLIN BP,,,,2025-11-16T00:00:00,4.12) PCO TTR Q2FY27,TTR,excel_import|marlin bp|,20251116-140537,2025-11-16T14:05:37,NEW,||4.12) pco ttr q2fy27|ttr,,
excel_import,MARLIN BP,MBP-1013,,PCO 4.2.1,2025-11-16T00:00:00,NDS in parallel with soak (anneal) (9H heads only),TTR,excel_import|marlin bp|mbp-1013,20251116-140537,2025-11-16T14:05:37,NEW,|pco 4.2.1|nds in parallel with soak (anneal) (9h heads only)|ttr,,
excel_import,MARLIN BP,,,,2025-11-16T00:00:00,Adjust baseline,TTR,excel_import|marlin bp|,20251116-140537,2025-11-16T14:05:37,NEW,||adjust baseline|ttr,,
excel_import,MARLIN BP,,,,2025-11-16T00:00:00,Total MQM TTR saving,TTR,excel_import|marlin bp|,20251116-140537,2025-11-16T14:05:37,NEW,||total mqm ttr saving|ttr,,
excel_import,MARLIN BP,,,,2025-11-16T00:00:00,Total Soak TTR,TTR,excel_import|marlin bp|,20251116-140537,2025-11-16T14:05:37,NEW,||total soak ttr|ttr,,
excel_import,MARLIN BP,,,,2025-11-16T00:00:00,Total  CERT TTR,TTR,excel_import|marlin bp|,20251116-140537,2025-11-16T14:05:37,NEW,||total cert ttr|ttr,,
excel_import,MARLIN BP,,,,2025-11-16T00:00:00,Gap to FROST (all risks),TTR,excel_import|marlin bp|,20251116-140537,2025-11-16T14:05:37,NEW,||gap to frost (all risks)|ttr,,
excel_import,MARLIN BP,,,,2025-11-16T00:00:00,Gap to POR 3.0 (all risks),TTR,excel_import|marlin bp|,20251116-140537,2025-11-16T14:05:37,NEW,||gap to por 3.0 (all risks)|ttr,,
excel_import,MARLIN BP,,,,2025-11-16T00:00:00,*Note : This is Gemini test time. If load on Nimbus since SCOPY since item 3.2) we can get more TTR 9 hr..,TTR,excel_import|marlin bp|,20251116-140537,2025-11-16T14:05:37,NEW,||*note : this is gemini test time. if load on nimbus since scopy since item 3.2) we can get more ttr 9 hr..|ttr,,
excel_import,MARLIN BP,MBP-1403,,,2025-11-16T00:00:00,PRE2 GMR_RES_2x monitor (0.2),TTR,excel_import|marlin bp|mbp-1403,20251116-140537,2025-11-16T14:05:37,NEW,||pre2 gmr_res_2x monitor (0.2)|ttr,,
excel_import,MARLIN BP,,,Korat FW/ARS DC,2025-11-16T00:00:00,T299 reduce num write,TTR,excel_import|marlin bp|,20251116-140537,2025-11-16T14:05:37,NEW,|korat fw/ars dc|t299 reduce num write|ttr,,
excel_import,MARLIN BP,,,Korat FW,2025-11-16T00:00:00,uJog Goby,TTR,excel_import|marlin bp|,20251116-140537,2025-11-16T14:05:37,NEW,|korat fw|ujog goby|ttr,,
excel_import,MARLIN BP,MBP-1236,,DC,2025-11-16T00:00:00,T461 AC Erase Support,TTR,excel_import|marlin bp|mbp-1236,20251116-140537,2025-11-16T14:05:37,NEW,|dc|t461 ac erase support|ttr,,
excel_import,MARLIN BP,,,,2025-11-16T00:00:00,4.5/4.6) PCO 4.2.8/PCO 4.2.9,TTR,excel_import|marlin bp|,20251116-140537,2025-11-16T14:05:37,NEW,||4.5/4.6) pco 4.2.8/pco 4.2.9|ttr,,
excel_import,MARLIN BP,MBP-1307,1.5,Korat FW / PE,2025-11-16T00:00:00,Reduce drive off time,TTR,excel_import|marlin bp|mbp-1307,20251116-140537,2025-11-16T14:05:37,NEW,1.5|korat fw / pe|reduce drive off time|ttr,,
excel_import,MARLIN BP,MBP-1199,2,Korat FW,2025-11-16T00:00:00,Update BPI/TPI FMT via PC file,TTR,excel_import|marlin bp|mbp-1199,20251116-140537,2025-11-16T14:05:37,NEW,2|korat fw|update bpi/tpi fmt via pc file|ttr,,
excel_import,MARLIN BP,,,,2025-11-16T00:00:00,4.7) PCO 5.0.0,TTR,excel_import|marlin bp|,20251116-140537,2025-11-16T14:05:37,NEW,||4.7) pco 5.0.0|ttr,,
excel_import,MARLIN BP,MBP-1224,1.2,DC TP/ARS,2025-11-16T00:00:00,T299: Disable Track Center Search,TTR,excel_import|marlin bp|mbp-1224,20251116-140537,2025-11-16T14:05:37,NEW,1.2|dc tp/ars|t299: disable track center search|ttr,,
excel_import,MARLIN BP,MBP-1353,,DC,2025-11-16T00:00:00,Write Process Restructuring: Fix to VBAR Laser Setup,TTR,excel_import|marlin bp|mbp-1353,20251116-140537,2025-11-16T14:05:37,NEW,|dc|write process restructuring: fix to vbar laser setup|ttr,,
excel_import,MARLIN BP,https://jira.seagate.com/jira/browse/MARLINCT-1799,1,,2025-11-16T00:00:00,Reduce t461 to odd/even zones and reduce the number of reads per write,TTR,excel_import|marlin bp|https://jira.seagate.com/jira/browse/marlinct-1799,20251116-140537,2025-11-16T14:05:37,NEW,1||reduce t461 to odd/even zones and reduce the number of reads per write|ttr,,
excel_import,MARLIN BP,https://jira.seagate.com/jira/browse/MARLINCT-1800,2.5,,2025-11-16T00:00:00,TTR: Reduce T33 zone test,TTR,excel_import|marlin bp|https://jira.seagate.com/jira/browse/marlinct-1800,20251116-140537,2025-11-16T14:05:37,NEW,2.5||ttr: reduce t33 zone test|ttr,,
excel_import,MARLIN BP,https://jira.seagate.com/jira/browse/MARLINCT-1807,3,,2025-11-16T00:00:00,"TTR: Write/Read Xfer Test Zn reduce (0,2,104)",TTR,excel_import|marlin bp|https://jira.seagate.com/jira/browse/marlinct-1807,20251116-140537,2025-11-16T14:05:37,NEW,"3||ttr: write/read xfer test zn reduce (0,2,104)|ttr",,
excel_import,MARLIN,MARLINCT-1797,"PCO7.1.11F, Implemented",DC HW,2025-11-16T00:00:00,          1) COBRA op 6-11% push (see actual TT look like) (ZAP) - [L] [CAL2],TTR,excel_import|marlin|marlinct-1797,20251116-140537,2025-11-16T14:05:37,NEW,"pco7.1.11f, implemented|dc hw|1) cobra op 6-11% push (see actual tt look like) (zap) - [l] [cal2]|ttr",,
excel_import,MARLIN,MARLINCT-1803,"PCO7.1.11F, Implemented",DC HW,2025-11-16T00:00:00,"          2) DPCO logic flow update under state parameter applyMaxDpcoWriteClr. - [L] [CAL, CAL2]",TTR,excel_import|marlin|marlinct-1803,20251116-140537,2025-11-16T14:05:37,NEW,"pco7.1.11f, implemented|dc hw|2) dpco logic flow update under state parameter applymaxdpcowriteclr. - [l] [cal, cal2]|ttr",,
excel_import,MARLIN,MARLINCT-1797,"PCO7.1.11F, Implemented",DC HW,2025-11-16T00:00:00,          3) VBAR_SME_LSR (COBRA) - [CAL2],TTR,excel_import|marlin|marlinct-1797,20251116-140537,2025-11-16T14:05:37,NEW,"pco7.1.11f, implemented|dc hw|3) vbar_sme_lsr (cobra) - [cal2]|ttr",,
excel_import,MARLIN,,,,2025-11-16T00:00:00,     4.12) PCO7.1.11K/Q - 16.9hrs,TTR,excel_import|marlin|,20251116-140537,2025-11-16T14:05:37,NEW,||4.12) pco7.1.11k/q - 16.9hrs|ttr,,
excel_import,MARLIN,MARLINCT-1800,"PCO7.1.11K, Implemented",DC HW,2025-11-16T00:00:00,          1) Revisit T33 call - reduce qty & Sampling revs - [L] [PRE2-FNC2],TTR,excel_import|marlin|marlinct-1800,20251116-140537,2025-11-16T14:05:37,NEW,"pco7.1.11k, implemented|dc hw|1) revisit t33 call - reduce qty & sampling revs - [l] [pre2-fnc2]|ttr",,
excel_import,MARLIN,MARLINCT-1798,"PCO7.1.11K, Implemented",DC HW,2025-11-16T00:00:00,"          2)TTR: PCBA_SCRN_T102 Optimization - [L] [PRE2, CRT2, PWT]",TTR,excel_import|marlin|marlinct-1798,20251116-140537,2025-11-16T14:05:37,NEW,"pco7.1.11k, implemented|dc hw|2)ttr: pcba_scrn_t102 optimization - [l] [pre2, crt2, pwt]|ttr",,
excel_import,MARLIN,MARLINCT-1742,"PCO7.1.11K, Implemented",Ops Eng,2025-11-16T00:00:00,          3) Update BPI/TPI FMT viz PC file on HSMR - [L] [CAL2],TTR,excel_import|marlin|marlinct-1742,20251116-140537,2025-11-16T14:05:37,NEW,"pco7.1.11k, implemented|ops eng|3) update bpi/tpi fmt viz pc file on hsmr - [l] [cal2]|ttr",,
excel_import,MARLIN,MARLINCT-1807,"PCO7.1.11K, Implemented",Ops Eng,2025-11-16T00:00:00,          4) W/R Xfer Sampling Test - [L][FIN2],TTR,excel_import|marlin|marlinct-1807,20251116-140537,2025-11-16T14:05:37,NEW,"pco7.1.11k, implemented|ops eng|4) w/r xfer sampling test - [l][fin2]|ttr",,
excel_import,MARLIN,MARLINCT-1809,"PCO7.1.11K, Implemented",Ops Eng,2025-11-16T00:00:00,          5) FIN2 HAMR file 100 polling optimization - [L][FIN2],TTR,excel_import|marlin|marlinct-1809,20251116-140537,2025-11-16T14:05:37,NEW,"pco7.1.11k, implemented|ops eng|5) fin2 hamr file 100 polling optimization - [l][fin2]|ttr",,
excel_import,MARLIN,MARLINCT-1815,"PCO7.1.11K, Implemented",Ops Eng,2025-11-16T00:00:00,          6) Download code process optimization or temp lock - [FIN2],TTR,excel_import|marlin|marlinct-1815,20251116-140537,2025-11-16T14:05:37,NEW,"pco7.1.11k, implemented|ops eng|6) download code process optimization or temp lock - [fin2]|ttr",,
excel_import,MARLIN,MARLINCT-1828,"PCO7.1.11K, Implemented",DC HW,2025-11-16T00:00:00,          7) SF3_DPCO_CAL2 removal - [L][CAL2],TTR,excel_import|marlin|marlinct-1828,20251116-140537,2025-11-16T14:05:37,NEW,"pco7.1.11k, implemented|dc hw|7) sf3_dpco_cal2 removal - [l][cal2]|ttr",,
excel_import,MARLIN,MARLINCT-1821,"PCO7.1.11K, Implemented",DC HW,2025-11-16T00:00:00,          8) Write Opti - Read Reduction: 2 reads to 1 - [L][CAL2],TTR,excel_import|marlin|marlinct-1821,20251116-140537,2025-11-16T14:05:37,NEW,"pco7.1.11k, implemented|dc hw|8) write opti - read reduction: 2 reads to 1 - [l][cal2]|ttr",,
excel_import,MARLIN,,,,2025-11-16T00:00:00,     4.13) PCO7.2.04F - 50.6 hrs.,TTR,excel_import|marlin|,20251116-140537,2025-11-16T14:05:37,NEW,||4.13) pco7.2.04f - 50.6 hrs.|ttr,,
excel_import,MARLIN,MARLINCT-1799,"PCO7.2.04F, Implemented",DC HW,2025-11-16T00:00:00,          1) T461reduction / T461 during ZAP (do only even or odd zone) - [L] [PRE2-PWT],TTR,excel_import|marlin|marlinct-1799,20251116-140537,2025-11-16T14:05:37,NEW,"pco7.2.04f, implemented|dc hw|1) t461reduction / t461 during zap (do only even or odd zone) - [l] [pre2-pwt]|ttr",,
excel_import,MARLIN,MARLINCT-1859,"PCO7.2.04F, Implemented",DC HW,2025-11-16T00:00:00,          2) TTR: Remove PRE2 prm_282_hiResVCMBodeTemp. - [L][PRE2],TTR,excel_import|marlin|marlinct-1859,20251116-140537,2025-11-16T14:05:37,NEW,"pco7.2.04f, implemented|dc hw|2) ttr: remove pre2 prm_282_hiresvcmbodetemp. - [l][pre2]|ttr",,
excel_import,MARLIN,MARLINCT-1864,"PCO7.2.04F, Implemented",DC HW,2025-11-16T00:00:00,          3) ASSCI diag removal for TTR - [FIN2],TTR,excel_import|marlin|marlinct-1864,20251116-140537,2025-11-16T14:05:37,NEW,"pco7.2.04f, implemented|dc hw|3) assci diag removal for ttr - [fin2]|ttr",,
excel_import,MARLIN,MARLINCT-1865,"PCO7.2.04F, Implemented",,2025-11-16T00:00:00,"          4) TTR: PCBA_SCRN_T102 Optimization #2 - [PRE2,CRT2,PWT]",TTR,excel_import|marlin|marlinct-1865,20251116-140537,2025-11-16T14:05:37,NEW,"pco7.2.04f, implemented||4) ttr: pcba_scrn_t102 optimization #2 - [pre2,crt2,pwt]|ttr",,
excel_import,MARLIN,MARLINCT-1757,"PCO7.2.04F, Implemented",,2025-11-16T00:00:00,          5) T299: Disable Track Center Search - [PRE2-PWT],TTR,excel_import|marlin|marlinct-1757,20251116-140537,2025-11-16T14:05:37,NEW,"pco7.2.04f, implemented||5) t299: disable track center search - [pre2-pwt]|ttr",,
excel_import,MARLIN,"MARLINCT-365
MARLINCT-1805","PCO7.2.04F, Implemented",DC HW,2025-11-16T00:00:00,          6) HSMR write pass rml (PWT intercept) - [PWT],TTR,excel_import|marlin|marlinct-365 marlinct-1805,20251116-140537,2025-11-16T14:05:37,NEW,"pco7.2.04f, implemented|dc hw|6) hsmr write pass rml (pwt intercept) - [pwt]|ttr",,
excel_import,MARLIN,,,,2025-11-16T00:00:00,     4.14) PCO7.2.06D base - 60 hrs.,TTR,excel_import|marlin|,20251116-140537,2025-11-16T14:05:37,NEW,||4.14) pco7.2.06d base - 60 hrs.|ttr,,
excel_import,MARLIN,"MARLINCT-1784
MARLINCT-1643
MARLINCT-1763","cut-in 100%
 in FW2605 (6-Aug-25)",DC HW/DC TP,2025-11-16T00:00:00,"           1) PROZ phase #1 (H-CMR mode) - [FNC2] - phase in 60%, 100% by month",TTR,excel_import|marlin|marlinct-1784 marlinct-1643 marlinct-1763,20251116-140537,2025-11-16T14:05:37,NEW,"cut-in 100% in fw2605 (6-aug-25)|dc hw/dc tp|1) proz phase #1 (h-cmr mode) - [fnc2] - phase in 60%, 100% by month|ttr",,
excel_import,MARLIN,,,,2025-11-16T00:00:00,            2) PROZ Hd8-11 opti,TTR,excel_import|marlin|,20251116-140537,2025-11-16T14:05:37,NEW,||2) proz hd8-11 opti|ttr,,
excel_import,MARLIN,,Implemented FW2604,,2025-11-16T00:00:00,     4.15) PCO7.2.06D -  14.2 hrs. ,TTR,excel_import|marlin|,20251116-140537,2025-11-16T14:05:37,NEW,implemented fw2604||4.15) pco7.2.06d - 14.2 hrs.|ttr,,
excel_import,MARLIN,MARLINCT-1853,,,2025-11-16T00:00:00,          1) T47 change to accommodate SCOPY TTR change. [SCOPY],TTR,excel_import|marlin|marlinct-1853,20251116-140537,2025-11-16T14:05:37,NEW,||1) t47 change to accommodate scopy ttr change. [scopy]|ttr,,
excel_import,MARLIN,MARLINCT-1861,,DC HW,2025-11-16T00:00:00,"          2) Marlin - T33 calls - Reduce Rev - [L][PRE2,FNC2]",TTR,excel_import|marlin|marlinct-1861,20251116-140537,2025-11-16T14:05:37,NEW,"|dc hw|2) marlin - t33 calls - reduce rev - [l][pre2,fnc2]|ttr",,
excel_import,MARLIN,MARLINCT-1889,,,2025-11-16T00:00:00,          3) TTR opportunity of using DTS commmand - [L][FIN2],TTR,excel_import|marlin|marlinct-1889,20251116-140537,2025-11-16T14:05:37,NEW,||3) ttr opportunity of using dts commmand - [l][fin2]|ttr,,
excel_import,MARLIN,MARLINCT-1911,,,2025-11-16T00:00:00,          4) Small TTR- baud verification - [L][FIN2],TTR,excel_import|marlin|marlinct-1911,20251116-140537,2025-11-16T14:05:37,NEW,||4) small ttr- baud verification - [l][fin2]|ttr,,
excel_import,MARLIN,MARLINCT-1857,,DC HW,2025-11-16T00:00:00,"          5) C0 sensitivity scoring from multi-rate to single-rate: - [PRE2, CAL]",TTR,excel_import|marlin|marlinct-1857,20251116-140537,2025-11-16T14:05:37,NEW,"|dc hw|5) c0 sensitivity scoring from multi-rate to single-rate: - [pre2, cal]|ttr",,
excel_import,MARLIN,MARLINCT-1879,,,2025-11-16T00:00:00,          6) T451 Random Pattern Generation 5% TTR - [CAL2],TTR,excel_import|marlin|marlinct-1879,20251116-140537,2025-11-16T14:05:37,NEW,||6) t451 random pattern generation 5% ttr - [cal2]|ttr,,
excel_import,MARLIN,,"Implemented, WW11",,2025-11-16T00:00:00,     4.16) PCO7.2.09F2/F3 - 19 hrs. - Implemented WW11,TTR,excel_import|marlin|,20251116-140537,2025-11-16T14:05:37,NEW,"implemented, ww11||4.16) pco7.2.09f2/f3 - 19 hrs. - implemented ww11|ttr",,
excel_import,MARLIN,MARLINCT-1958,,,2025-11-16T00:00:00,"       1) TTR: T282 reduce ""idle time"" - [PRE2, CAL]",TTR,excel_import|marlin|marlinct-1958,20251116-140537,2025-11-16T14:05:37,NEW,"||1) ttr: t282 reduce ""idle time"" - [pre2, cal]|ttr",,
excel_import,MARLIN,MARLINCT-1984,,,2025-11-16T00:00:00,"       2) Project to remove UACT1 ""milli"" actuator Bode",TTR,excel_import|marlin|marlinct-1984,20251116-140537,2025-11-16T14:05:37,NEW,"||2) project to remove uact1 ""milli"" actuator bode|ttr",,
excel_import,MARLIN,MARLINCT-2012,,,2025-11-16T00:00:00,       3) T282 – Bode convergence check,TTR,excel_import|marlin|marlinct-2012,20251116-140537,2025-11-16T14:05:37,NEW,||3) t282 – bode convergence check|ttr,,
excel_import,MARLIN,MARLINCT-2018,,,2025-11-16T00:00:00,"       4) Reducing the SkDly in t135 from 20ms to 0ms [PRE2,CAL,PWT]",TTR,excel_import|marlin|marlinct-2018,20251116-140537,2025-11-16T14:05:37,NEW,"||4) reducing the skdly in t135 from 20ms to 0ms [pre2,cal,pwt]|ttr",,
excel_import,MARLIN,MARLINCT-1676,"In PCO7.207, need investigate",,2025-11-16T00:00:00,       5) TCG_PREP EC11087 improvment [FIN2],TTR,excel_import|marlin|marlinct-1676,20251116-140537,2025-11-16T14:05:37,NEW,"in pco7.207, need investigate||5) tcg_prep ec11087 improvment [fin2]|ttr",,
excel_import,MARLIN,,"Implemented, WW16",,2025-11-16T00:00:00,     4.17) PCO7.2.10E (include LBC servo) - 10.2 hrs - Implemented WW16,TTR,excel_import|marlin|,20251116-140537,2025-11-16T14:05:37,NEW,"implemented, ww16||4.17) pco7.2.10e (include lbc servo) - 10.2 hrs - implemented ww16|ttr",,
excel_import,MARLIN,MARLINCT-2008,,,2025-11-16T00:00:00,       1) TTR: ZAP Seek Path Optimization ( PROZ/OCZ ) [EWC T275] - [FNC2],TTR,excel_import|marlin|marlinct-2008,20251116-140537,2025-11-16T14:05:37,NEW,||1) ttr: zap seek path optimization ( proz/ocz ) [ewc t275] - [fnc2]|ttr,,
excel_import,MARLIN,MARLINCT-2100,,,2025-11-16T00:00:00,       2) LASER_INIT process optimize,TTR,excel_import|marlin|marlinct-2100,20251116-140537,2025-11-16T14:05:37,NEW,||2) laser_init process optimize|ttr,,
excel_import,MARLIN,MARLINCT-1916,,,2025-11-16T00:00:00,       3) T2108 Read TTR by increasing CertTrkStep (SkInc) to 75 from default 30 [FNC2],TTR,excel_import|marlin|marlinct-1916,20251116-140537,2025-11-16T14:05:37,NEW,||3) t2108 read ttr by increasing certtrkstep (skinc) to 75 from default 30 [fnc2]|ttr,,
excel_import,MARLIN,MARLINCT-2057,,,2025-11-16T00:00:00,"       4) EWC Radical malloc (15hrs) [CAL, CAL2,FNC2] (New)",TTR,excel_import|marlin|marlinct-2057,20251116-140537,2025-11-16T14:05:37,NEW,"||4) ewc radical malloc (15hrs) [cal, cal2,fnc2] (new)|ttr",,
excel_import,MARLIN,,,,2025-11-16T00:00:00,       5) TTI - TPI push 2% [Plan implement ww15],TTR,excel_import|marlin|,20251116-140537,2025-11-16T14:05:37,NEW,||5) tti - tpi push 2% [plan implement ww15]|ttr,,
excel_import,MARLIN,MARLINCT-2018,,,2025-11-16T00:00:00,       6) Reducing the SkDly in t135 from 20ms to 0ms for AFH1_LOCD,TTR,excel_import|marlin|marlinct-2018,20251116-140537,2025-11-16T14:05:37,NEW,||6) reducing the skdly in t135 from 20ms to 0ms for afh1_locd|ttr,,
excel_import,MARLIN,MARLINCT-1901,,,2025-11-16T00:00:00,       7) PC compression(Save state)- about 7 hrs,TTR,excel_import|marlin|marlinct-1901,20251116-140537,2025-11-16T14:05:37,NEW,||7) pc compression(save state)- about 7 hrs|ttr,,
excel_import,MARLIN,MARLINCT-1754,,,2025-11-16T00:00:00,       8) STFL Enable for SMR only ,TTR,excel_import|marlin|marlinct-1754,20251116-140537,2025-11-16T14:05:37,NEW,||8) stfl enable for smr only|ttr,,
excel_import,MARLIN,,"released ww17, CP WW20",,2025-11-16T00:00:00,"     4.18) PCO7.2.11 / PCO7.3.03 - Must be implement ww20 (LZR oper, L7)",TTR,excel_import|marlin|,20251116-140537,2025-11-16T14:05:37,NEW,"released ww17, cp ww20||4.18) pco7.2.11 / pco7.3.03 - must be implement ww20 (lzr oper, l7)|ttr",,
excel_import,MARLIN,MARLINCT-2131 ,,,2025-11-16T00:00:00,       1) DRAM test during soak test,TTR,excel_import|marlin|marlinct-2131,20251116-140537,2025-11-16T14:05:37,NEW,||1) dram test during soak test|ttr,,
excel_import,MARLIN,MARLINCT-2143,,,2025-11-16T00:00:00,       2) Remove extra t461 BER measurements around ZA,TTR,excel_import|marlin|marlinct-2143,20251116-140537,2025-11-16T14:05:37,NEW,||2) remove extra t461 ber measurements around za|ttr,,
excel_import,MARLIN,MARLINCT-2159,,,2025-11-16T00:00:00,       3) Sample PSV_SCOPY_QUALITY state in PRE2.,TTR,excel_import|marlin|marlinct-2159,20251116-140537,2025-11-16T14:05:37,NEW,||3) sample psv_scopy_quality state in pre2.|ttr,,
excel_import,MARLIN,MARLINCT-1948,In PCO7.3.01 onward,,2025-11-16T00:00:00,"       4) T285 DRCM optimize servo sector step iteration. [PRE2,PWT]",TTR,excel_import|marlin|marlinct-1948,20251116-140537,2025-11-16T14:05:37,NEW,"in pco7.3.01 onward||4) t285 drcm optimize servo sector step iteration. [pre2,pwt]|ttr",,
excel_import,MARLIN,MARLINCT-1868,Apply fix intercept PWT issue,Ops Eng,2025-11-16T00:00:00,       5) Reduce redundance VBAR ATI - [L][CAL2],TTR,excel_import|marlin|marlinct-1868,20251116-140537,2025-11-16T14:05:37,NEW,apply fix intercept pwt issue|ops eng|5) reduce redundance vbar ati - [l][cal2]|ttr,,
excel_import,MARLIN,,,,2025-11-16T00:00:00,       6) L7 test time increse from re-structuring,TTR,excel_import|marlin|,20251116-140537,2025-11-16T14:05:37,NEW,||6) l7 test time increse from re-structuring|ttr,,
excel_import,MARLIN,MARLINCT-2210,Already in PCO7.3.03,,2025-11-16T00:00:00,"        7) WPOPTI: Pickup of SF3 TTR, and PF3 TTR   (2.5+1 hrs)",TTR,excel_import|marlin|marlinct-2210,20251116-140537,2025-11-16T14:05:37,NEW,"already in pco7.3.03||7) wpopti: pickup of sf3 ttr, and pf3 ttr (2.5+1 hrs)|ttr",,
excel_import,MARLIN,,,,2025-11-16T00:00:00,     4.19) PCO7.2.12 / PCO7.3.04 -  55 hrs - ,TTR,excel_import|marlin|,20251116-140537,2025-11-16T14:05:37,NEW,||4.19) pco7.2.12 / pco7.3.04 - 55 hrs -|ttr,,
excel_import,MARLIN,MARLINCT-1704,"Pending RGA, CP WW20",,2025-11-16T00:00:00,       1) FPW CAL2 removal (45hrs) - (Can enable by CMS),TTR,excel_import|marlin|marlinct-1704,20251116-140537,2025-11-16T14:05:37,NEW,"pending rga, cp ww20||1) fpw cal2 removal (45hrs) - (can enable by cms)|ttr",,
excel_import,MARLIN,MARLINCT-1913,US DC develop base Summit,DC HW,2025-11-16T00:00:00,      2) TA scan feed forward - [H][SCOPY],TTR,excel_import|marlin|marlinct-1913,20251116-140537,2025-11-16T14:05:37,NEW,us dc develop base summit|dc hw|2) ta scan feed forward - [h][scopy]|ttr,,
excel_import,MARLIN,MARLINCT-2217,,,2025-11-16T00:00:00,       3) Active Servo Flaw Table (ASFT) build algorithm change,TTR,excel_import|marlin|marlinct-2217,20251116-140537,2025-11-16T14:05:37,NEW,||3) active servo flaw table (asft) build algorithm change|ttr,,
excel_import,MARLIN,,,,2025-11-16T00:00:00,     4.20) PCO TBD3,TTR,excel_import|marlin|,20251116-140537,2025-11-16T14:05:37,NEW,||4.20) pco tbd3|ttr,,
excel_import,MARLIN,MARLINCT-2122,,,2025-11-16T00:00:00,       1) BER collection removal/reduce t25 rev/RRO screen removal,TTR,excel_import|marlin|marlinct-2122,20251116-140537,2025-11-16T14:05:37,NEW,||1) ber collection removal/reduce t25 rev/rro screen removal|ttr,,
excel_import,MARLIN,,,,2025-11-16T00:00:00,     4.21) PCO TBD,TTR,excel_import|marlin|,20251116-140537,2025-11-16T14:05:37,NEW,||4.21) pco tbd|ttr,,
excel_import,MARLIN,Need Jira,"Global / SSDC, reviwoing ",,2025-11-16T00:00:00,       1) Leverage items from Summit,TTR,excel_import|marlin|need jira,20251116-140537,2025-11-16T14:05:37,NEW,"global / ssdc, reviwoing||1) leverage items from summit|ttr",,
excel_import,MARLIN,MARLINCT-2200,,,2025-11-16T00:00:00,       2) Opti settling bypass BIE,TTR,excel_import|marlin|marlinct-2200,20251116-140537,2025-11-16T14:05:37,NEW,||2) opti settling bypass bie|ttr,,
excel_import,MARLIN,MARLINCT-2201,,,2025-11-16T00:00:00,       3) Increase Opti LC_Delay step size from 2 to 4,TTR,excel_import|marlin|marlinct-2201,20251116-140537,2025-11-16T14:05:37,NEW,||3) increase opti lc_delay step size from 2 to 4|ttr,,
excel_import,MARLIN,MARLINCT-2202,,,2025-11-16T00:00:00,       4) apply Increase Opti LC_Delay step size from 2 to 4 to all opti calls,TTR,excel_import|marlin|marlinct-2202,20251116-140537,2025-11-16T14:05:37,NEW,||4) apply increase opti lc_delay step size from 2 to 4 to all opti calls|ttr,,
excel_import,MARLIN,,,,2025-11-16T00:00:00,     4.21) PCO TBD - Plan relase,TTR,excel_import|marlin|,20251116-140537,2025-11-16T14:05:37,NEW,||4.21) pco tbd - plan relase|ttr,,
excel_import,MARLIN,MARLINCT-2122,Pending DC review,,2025-11-16T00:00:00,       1) Marlin TTR remove state (Estimate 39hrs),TTR,excel_import|marlin|marlinct-2122,20251116-140537,2025-11-16T14:05:37,NEW,pending dc review||1) marlin ttr remove state (estimate 39hrs)|ttr,,
excel_import,MARLIN,MARLINCT-1867,Task checkout,Ops Eng,2025-11-16T00:00:00,       2) VBAR ATI prediction ML - [L][CAL2] - ? hr - require TVM separate,TTR,excel_import|marlin|marlinct-1867,20251116-140537,2025-11-16T14:05:37,NEW,task checkout|ops eng|2) vbar ati prediction ml - [l][cal2] - ? hr - require tvm separate|ttr,,
excel_import,MARLIN,MARLINCT-1820,Study by Korat,Ops Eng,2025-11-16T00:00:00,       3) VBAR lacer PRE2 predict ML phase 1 - [H][PRE2] - 1hr,TTR,excel_import|marlin|marlinct-1820,20251116-140537,2025-11-16T14:05:37,NEW,study by korat|ops eng|3) vbar lacer pre2 predict ml phase 1 - [h][pre2] - 1hr|ttr,,
excel_import,MARLIN,,,,2025-11-16T00:00:00,     4.22) PCO TBD,TTR,excel_import|marlin|,20251116-140537,2025-11-16T14:05:37,NEW,||4.22) pco tbd|ttr,,
excel_import,MARLIN,,Include in PCO7.2.10A,DC HW/DC TP,2025-11-16T00:00:00,1) PROZ phase #2 (H-SMR mode) - [FNC2],TTR,excel_import|marlin|,20251116-140537,2025-11-16T14:05:37,NEW,include in pco7.2.10a|dc hw/dc tp|1) proz phase #2 (h-smr mode) - [fnc2]|ttr,,
excel_import,MARLIN,MARLINCT-1846,Include in PCO7.2.10A,Ops Eng,2025-11-16T00:00:00,2) Optimize sorting time  (H-SMR mode) -  [L] [FNC2],TTR,excel_import|marlin|marlinct-1846,20251116-140537,2025-11-16T14:05:37,NEW,include in pco7.2.10a|ops eng|2) optimize sorting time (h-smr mode) - [l] [fnc2]|ttr,,
excel_import,MARLIN,MARLINCT-2117,Pending code release (15Aug),Ops Eng,2025-11-16T00:00:00,"3) ZAP 1-rev [FNC2][H] (maximum 60hr, projected 30 )- not allow",TTR,excel_import|marlin|marlinct-2117,20251116-140537,2025-11-16T14:05:37,NEW,"pending code release (15aug)|ops eng|3) zap 1-rev [fnc2][h] (maximum 60hr, projected 30 )- not allow|ttr",,
excel_import,MARLIN,MARLINCT-2157,develop,,2025-11-16T00:00:00,        4) VBAR_WP OPTI write by conds [CAL2] [M](projected 4),TTR,excel_import|marlin|marlinct-2157,20251116-140537,2025-11-16T14:05:37,NEW,develop||4) vbar_wp opti write by conds [cal2] [m](projected 4)|ttr,,
excel_import,MARLIN,,,,2025-11-16T00:00:00,     4.22) PCO TBD,TTR,excel_import|marlin|,20251116-140537,2025-11-16T14:05:37,NEW,||4.22) pco tbd|ttr,,
excel_import,MARLIN,TSR-6211,"Require TIST 30x, TVM60
Control / TTR",,2025-11-16T00:00:00,        1) SMR POML  (12 hrs),TTR,excel_import|marlin|tsr-6211,20251116-140537,2025-11-16T14:05:37,NEW,"require tist 30x, tvm60 control / ttr||1) smr poml (12 hrs)|ttr",,
excel_import,MARLIN,MARLINCT-2226,,,2025-11-16T00:00:00,        2) SF3 reloadRAP eval,TTR,excel_import|marlin|marlinct-2226,20251116-140537,2025-11-16T14:05:37,NEW,||2) sf3 reloadrap eval|ttr,,
excel_import,MARLIN,,,,2025-11-16T00:00:00,     4.21) PCO TBD,TTR,excel_import|marlin|,20251116-140537,2025-11-16T14:05:37,NEW,||4.21) pco tbd|ttr,,
excel_import,MARLIN,1905,,DC HW,2025-11-16T00:00:00,       1) Soak Removal - [H][SPIN] [plan complere ww32] (120 hr),TTR,excel_import|marlin|1905,20251116-140537,2025-11-16T14:05:37,NEW,|dc hw|1) soak removal - [h][spin] [plan complere ww32] (120 hr)|ttr,,
excel_import,MARLIN,"TSR-4468
MARLINCT-1749",Developing by US & Korat,DC TP/Op Eng,2025-11-16T00:00:00,        2) Bank write Phase1 -  FPW b4VBAR optimize by T463 (Bank Write) - [H][CAL2],TTR,excel_import|marlin|tsr-4468 marlinct-1749,20251116-140537,2025-11-16T14:05:37,NEW,developing by us & korat|dc tp/op eng|2) bank write phase1 - fpw b4vbar optimize by t463 (bank write) - [h][cal2]|ttr,,
excel_import,MARLIN,Need Jira,Develop by DC,,2025-11-16T00:00:00,       3) Bank Write Phase2 (4Hd),TTR,excel_import|marlin|need jira,20251116-140537,2025-11-16T14:05:37,NEW,develop by dc||3) bank write phase2 (4hd)|ttr,,
excel_import,MARLIN,,,,2025-11-16T00:00:00,Parallel analysis,TTR,excel_import|marlin|,20251116-140537,2025-11-16T14:05:37,NEW,||parallel analysis|ttr,,
excel_import,MARLIN,,,,2025-11-16T00:00:00,     4.20) PCO TBD,TTR,excel_import|marlin|,20251116-140537,2025-11-16T14:05:37,NEW,||4.20) pco tbd|ttr,,
excel_import,MARLIN,TBD,Evaluation,Ops Eng/DC HW,2025-11-16T00:00:00,        1) MQM removal 100%,TTR,excel_import|marlin|tbd,20251116-140537,2025-11-16T14:05:37,NEW,evaluation|ops eng/dc hw|1) mqm removal 100%|ttr,,
excel_import,MARLIN,DISC-13649,Task checkout,Ops Eng,2025-11-16T00:00:00,       1) Remove duplicate T461 (CAL_BER) - [L][PRE2-PWT],TTR,excel_import|marlin|disc-13649,20251116-140537,2025-11-16T14:05:37,NEW,task checkout|ops eng|1) remove duplicate t461 (cal_ber) - [l][pre2-pwt]|ttr,,
excel_import,MARLIN,,,,2025-11-16T00:00:00,     4.21) PCO TBD,TTR,excel_import|marlin|,20251116-140537,2025-11-16T14:05:37,NEW,||4.21) pco tbd|ttr,,
excel_import,MARLIN,TBD,Study by Korat,Ops Eng,2025-11-16T00:00:00,       2) ZAP ML - [H][FNC2],TTR,excel_import|marlin|tbd,20251116-140537,2025-11-16T14:05:37,NEW,study by korat|ops eng|2) zap ml - [h][fnc2]|ttr,,
excel_import,MARLIN,MARLINCT-2018,,,2025-11-16T00:00:00,         3) Reducing the SkDly in t135 for 4hr TTR,TTR,excel_import|marlin|marlinct-2018,20251116-140537,2025-11-16T14:05:37,NEW,||3) reducing the skdly in t135 for 4hr ttr|ttr,,
excel_import,MARLIN,"TSR-4851
MARLINCT-1890",SF3 developing,DC HW,2025-11-16T00:00:00,       4) Nimbus Split Temp (No wait Time) - Already in PCO7.2.05,TTR,excel_import|marlin|tsr-4851 marlinct-1890,20251116-140537,2025-11-16T14:05:37,NEW,sf3 developing|dc hw|4) nimbus split temp (no wait time) - already in pco7.2.05|ttr,,
excel_import,MARLIN,,,,2025-11-16T00:00:00,     4.18) PCO TBD1,TTR,excel_import|marlin|,20251116-140537,2025-11-16T14:05:37,NEW,||4.18) pco tbd1|ttr,,
excel_import,MARLIN,,Study by Korat,Ops Eng,2025-11-16T00:00:00,       6) WP opti - ML phase 1 - [H][CAL],TTR,excel_import|marlin|,20251116-140537,2025-11-16T14:05:37,NEW,study by korat|ops eng|6) wp opti - ml phase 1 - [h][cal]|ttr,,
excel_import,MARLIN,,,,2025-11-16T00:00:00,     4.19) PCO TBD2,TTR,excel_import|marlin|,20251116-140537,2025-11-16T14:05:37,NEW,||4.19) pco tbd2|ttr,,
excel_import,MARLIN,,Study by Korat,Ops Eng,2025-11-16T00:00:00,      1) VBAR laser prediction phase 2 - [H][PRE2],TTR,excel_import|marlin|,20251116-140537,2025-11-16T14:05:37,NEW,study by korat|ops eng|1) vbar laser prediction phase 2 - [h][pre2]|ttr,,
excel_import,MARLIN,,Study by Korat,Ops Eng,2025-11-16T00:00:00,      2) Write power prediction phase 2 - [H][CAL2],TTR,excel_import|marlin|,20251116-140537,2025-11-16T14:05:37,NEW,study by korat|ops eng|2) write power prediction phase 2 - [h][cal2]|ttr,,
excel_import,MARLIN,,,,2025-11-16T00:00:00,     4.20) PCO TBD3,TTR,excel_import|marlin|,20251116-140537,2025-11-16T14:05:37,NEW,||4.20) pco tbd3|ttr,,
excel_import,MARLIN,,Study by Korat,Ops Eng,2025-11-16T00:00:00,      1) ZAP 1-Rev Center - [H] [FNC2],TTR,excel_import|marlin|,20251116-140537,2025-11-16T14:05:37,NEW,study by korat|ops eng|1) zap 1-rev center - [h] [fnc2]|ttr,,
excel_import,MARLIN,MARLINCT-1833,Study by Korat,Ops Eng,2025-11-16T00:00:00,      2) Weld After Assembly - [H][PWT],TTR,excel_import|marlin|marlinct-1833,20251116-140537,2025-11-16T14:05:37,NEW,study by korat|ops eng|2) weld after assembly - [h][pwt]|ttr,,
excel_import,MARLIN,MARLINCT-1782,Study by DC,DC HW,2025-11-16T00:00:00,      3) FMT certify by condition - [H][FIN2],TTR,excel_import|marlin|marlinct-1782,20251116-140537,2025-11-16T14:05:37,NEW,study by dc|dc hw|3) fmt certify by condition - [h][fin2]|ttr,,
excel_import,MARLIN,1908,Follow up status by CJ,DC HW,2025-11-16T00:00:00,      5) T418 refractoring - [PRE2],TTR,excel_import|marlin|1908,20251116-140537,2025-11-16T14:05:37,NEW,follow up status by cj|dc hw|5) t418 refractoring - [pre2]|ttr,,
excel_import,MARLIN,,Study by DC,DC HW,2025-11-16T00:00:00,"      6) Review data collection rml or by condition based on threshold ( T461, MDW Screen)",TTR,excel_import|marlin|,20251116-140537,2025-11-16T14:05:37,NEW,"study by dc|dc hw|6) review data collection rml or by condition based on threshold ( t461, mdw screen)|ttr",,
excel_import,MARLIN,,Study by DC,DC HW,2025-11-16T00:00:00,      7) Some more optimizations,TTR,excel_import|marlin|,20251116-140537,2025-11-16T14:05:37,NEW,study by dc|dc hw|7) some more optimizations|ttr,,
excel_import,MARLIN,,CP WW37,DC HW,2025-11-16T00:00:00,      8) Revisit every wedge count to see opportunities,TTR,excel_import|marlin|,20251116-140537,2025-11-16T14:05:37,NEW,cp ww37|dc hw|8) revisit every wedge count to see opportunities|ttr,,
excel_import,MARLIN,1906,Study by DC,DC HW,2025-11-16T00:00:00,      9) DOS threshold reduce quantitis of zone as we see some more margin,TTR,excel_import|marlin|1906,20251116-140537,2025-11-16T14:05:37,NEW,study by dc|dc hw|9) dos threshold reduce quantitis of zone as we see some more margin|ttr,,
excel_import,MARLIN,,TBD,DC HW,2025-11-16T00:00:00,     10) Reduce # of T150 calls that were used for NS50 ,TTR,excel_import|marlin|,20251116-140537,2025-11-16T14:05:37,NEW,tbd|dc hw|10) reduce # of t150 calls that were used for ns50|ttr,,
excel_import,MARLIN,FWSD-6603,,DC-FW,2025-11-16T00:00:00,     11) Merge Master Format and SinglePassFlawScan (SPFS),TTR,excel_import|marlin|fwsd-6603,20251116-140537,2025-11-16T14:05:37,NEW,|dc-fw|11) merge master format and singlepassflawscan (spfs)|ttr,,
excel_import,MARLIN,,,,2025-11-16T00:00:00,Total TTR,TTR,excel_import|marlin|,20251116-140537,2025-11-16T14:05:37,NEW,||total ttr|ttr,,
excel_import,MARLIN,,,,2025-11-16T00:00:00,Gap to FROST (all risks),TTR,excel_import|marlin|,20251116-140537,2025-11-16T14:05:37,NEW,||gap to frost (all risks)|ttr,,
excel_import,MARLIN,,,,2025-11-16T00:00:00,Gap to POR 3.0 (all risks),TTR,excel_import|marlin|,20251116-140537,2025-11-16T14:05:37,NEW,||gap to por 3.0 (all risks)|ttr,,
excel_import,MARLIN,,,,2025-11-16T00:00:00,*Note : This is Gemini test time. If load on Nimbus since SCOPY since item 3.2) we can get more TTR 9 hr..,TTR,excel_import|marlin|,20251116-140537,2025-11-16T14:05:37,NEW,||*note : this is gemini test time. if load on nimbus since scopy since item 3.2) we can get more ttr 9 hr..|ttr,,
excel_import,MARLIN,,,,2025-11-16T00:00:00,"POML SMR - 20H  : TIST SMR (30x), TVM (60x), sORT(250x no gating)",TTR,excel_import|marlin|,20251116-140537,2025-11-16T14:05:37,NEW,"||poml smr - 20h : tist smr (30x), tvm (60x), sort(250x no gating)|ttr",,
excel_import,MARLIN,,,,2025-11-16T00:00:00,Release checkout (4H) - ww16,TTR,excel_import|marlin|,20251116-140537,2025-11-16T14:05:37,NEW,||release checkout (4h) - ww16|ttr,,
excel_import,MARLIN,,,,2025-11-16T00:00:00,Start qaul - ww18,TTR,excel_import|marlin|,20251116-140537,2025-11-16T14:05:37,NEW,||start qaul - ww18|ttr,,
excel_import,SUMMIT,SUMMIT-1187,Done,RW LCO&Korat FW / RTE,2025-11-16T00:00:00,        POML OTF,TTR,excel_import|summit|summit-1187,20251116-140537,2025-11-16T14:05:37,NEW,done|rw lco&korat fw / rte|poml otf|ttr,,
excel_import,SUMMIT,SUMMIT-1200	,Done,RW LCO&Korat FW / PE&RTE,2025-11-16T00:00:00,        POML WW,TTR,excel_import|summit|summit-1200,20251116-140537,2025-11-16T14:05:37,NEW,done|rw lco&korat fw / pe&rte|poml ww|ttr,,
excel_import,SUMMIT,SUMMIT-1376,Done,Korat FW / LCO SF3,2025-11-16T00:00:00,        T102 optimize,TTR,excel_import|summit|summit-1376,20251116-140537,2025-11-16T14:05:37,NEW,done|korat fw / lco sf3|t102 optimize|ttr,,
excel_import,SUMMIT,,Review opportunity,CT / PE,2025-11-16T00:00:00,Enable STFL 85% (pull in),TTR,excel_import|summit|,20251116-140537,2025-11-16T14:05:37,NEW,review opportunity|ct / pe|enable stfl 85% (pull in)|ttr,,
excel_import,SUMMIT,,,,2025-11-16T00:00:00,     4.4) PCO - 3.5.0E (11hrs),TTR,excel_import|summit|,20251116-140537,2025-11-16T14:05:37,NEW,||4.4) pco - 3.5.0e (11hrs)|ttr,,
excel_import,SUMMIT,SUMMIT-1132,Done,Servo SSDC / TCO PF3,2025-11-16T00:00:00,        ZAP Audit optimize (3.5.0C),TTR,excel_import|summit|summit-1132,20251116-140537,2025-11-16T14:05:37,NEW,done|servo ssdc / tco pf3|zap audit optimize (3.5.0c)|ttr,,
excel_import,SUMMIT,SUMMIT-1188,Done,Korat FW / TCO PF3,2025-11-16T00:00:00,       T299 Reduce num wirte (3.5.0C),TTR,excel_import|summit|summit-1188,20251116-140537,2025-11-16T14:05:37,NEW,done|korat fw / tco pf3|t299 reduce num wirte (3.5.0c)|ttr,,
excel_import,SUMMIT,SUMMIT-1189,Done,Korat FW / LCO SF3,2025-11-16T00:00:00,        Power cycle optimize,TTR,excel_import|summit|summit-1189,20251116-140537,2025-11-16T14:05:37,NEW,done|korat fw / lco sf3|power cycle optimize|ttr,,
excel_import,SUMMIT,SUMMIT-1450,Done,Korat FW/ SSDC,2025-11-16T00:00:00,T299 opti RAP saving ,TTR,excel_import|summit|summit-1450,20251116-140537,2025-11-16T14:05:37,NEW,done|korat fw/ ssdc|t299 opti rap saving|ttr,,
excel_import,SUMMIT,,Done,-,2025-11-16T00:00:00,      4.5.1) Enable STFL( 3hrs),TTR,excel_import|summit|,20251116-140537,2025-11-16T14:05:37,NEW,done|-|4.5.1) enable stfl( 3hrs)|ttr,,
excel_import,SUMMIT,,,,2025-11-16T00:00:00,      4.6) PCO 3.6.2A  - 18.5 hrs ,TTR,excel_import|summit|,20251116-140537,2025-11-16T14:05:37,NEW,||4.6) pco 3.6.2a - 18.5 hrs|ttr,,
excel_import,SUMMIT,SUMMIT-1430,Done,SG SW team,2025-11-16T00:00:00,T130 optimize,TTR,excel_import|summit|summit-1430,20251116-140537,2025-11-16T14:05:37,NEW,done|sg sw team|t130 optimize|ttr,,
excel_import,SUMMIT,SUMMIT-1481,Done,SSDC,2025-11-16T00:00:00,T297 optimize,TTR,excel_import|summit|summit-1481,20251116-140537,2025-11-16T14:05:37,NEW,done|ssdc|t297 optimize|ttr,,
excel_import,SUMMIT,SUMMIT-1479,Done,Korat FW,2025-11-16T00:00:00,Opti HME compoment CAL2,TTR,excel_import|summit|summit-1479,20251116-140537,2025-11-16T14:05:37,NEW,done|korat fw|opti hme compoment cal2|ttr,,
excel_import,SUMMIT,SUMMIT-1502,Done,SSDC,2025-11-16T00:00:00,TTR- Disable MT50/10 measurements (Test269),TTR,excel_import|summit|summit-1502,20251116-140537,2025-11-16T14:05:37,NEW,done|ssdc|ttr- disable mt50/10 measurements (test269)|ttr,,
excel_import,SUMMIT,SUMMIT-1526,Done,SSDC,2025-11-16T00:00:00,BER_OPTI remove redundant repeated T461,TTR,excel_import|summit|summit-1526,20251116-140537,2025-11-16T14:05:37,NEW,done|ssdc|ber_opti remove redundant repeated t461|ttr,,
excel_import,SUMMIT,SUMMIT-1374,Done,SSDC,2025-11-16T00:00:00,Update boost opti range for more stable zn to zn CTF,TTR,excel_import|summit|summit-1374,20251116-140537,2025-11-16T14:05:37,NEW,done|ssdc|update boost opti range for more stable zn to zn ctf|ttr,,
excel_import,SUMMIT,SUMMIT-1343,Done,Korat FW,2025-11-16T00:00:00,Reduce num of read  (VBAR WP) (pull in),TTR,excel_import|summit|summit-1343,20251116-140537,2025-11-16T14:05:37,NEW,done|korat fw|reduce num of read (vbar wp) (pull in)|ttr,,
excel_import,SUMMIT,SUMMIT-1345,Done,Korat FW,2025-11-16T00:00:00,TTR BPI - TPI FMT update (Pull in),TTR,excel_import|summit|summit-1345,20251116-140537,2025-11-16T14:05:37,NEW,done|korat fw|ttr bpi - tpi fmt update (pull in)|ttr,,
excel_import,SUMMIT,"SUMMIT-1431,
SUMMIT-1580",Done,SG SW team,2025-11-16T00:00:00,SPFS with SkInc optimization (CMR/ SMR),TTR,"excel_import|summit|summit-1431, summit-1580",20251116-140537,2025-11-16T14:05:37,NEW,done|sg sw team|spfs with skinc optimization (cmr/ smr)|ttr,,
excel_import,SUMMIT,SUMMIT-1314,Done,SSDC,2025-11-16T00:00:00,TTR T297 optimize data collection CAL2 (Pull in),TTR,excel_import|summit|summit-1314,20251116-140537,2025-11-16T14:05:37,NEW,done|ssdc|ttr t297 optimize data collection cal2 (pull in)|ttr,,
excel_import,SUMMIT,SUMMIT-366,Done,CT & US Test process,2025-11-16T00:00:00,"PROZ from preamp allocation as of Feb10,2025 (50% to 100%)",TTR,excel_import|summit|summit-366,20251116-140537,2025-11-16T14:05:37,NEW,"done|ct & us test process|proz from preamp allocation as of feb10,2025 (50% to 100%)|ttr",,
excel_import,SUMMIT,,,,2025-11-16T00:00:00,"STFL for SMR&HSMR (70% Q1, 100% Q2)",TTR,excel_import|summit|,20251116-140537,2025-11-16T14:05:37,NEW,"||stfl for smr&hsmr (70% q1, 100% q2)|ttr",,
excel_import,SUMMIT,,,,2025-11-16T00:00:00,     4.7.1) PCO 3.6.2C- turn on Variable spare 7hrs,TTR,excel_import|summit|,20251116-140537,2025-11-16T14:05:37,NEW,||4.7.1) pco 3.6.2c- turn on variable spare 7hrs|ttr,,
excel_import,SUMMIT,SUMMIT-1863,Done,Ops Eng,2025-11-16T00:00:00,BER_OPTI Variable spare (Pull in),TTR,excel_import|summit|summit-1863,20251116-140537,2025-11-16T14:05:37,NEW,done|ops eng|ber_opti variable spare (pull in)|ttr,,
excel_import,SUMMIT,,,,2025-11-16T00:00:00,     4.7.2) PCO 3.6.3A - 12hrs,TTR,excel_import|summit|,20251116-140537,2025-11-16T14:05:37,NEW,||4.7.2) pco 3.6.3a - 12hrs|ttr,,
excel_import,SUMMIT,SUMMIT-1708,Done,DE/ Korat FW,2025-11-16T00:00:00,"Reduce T299 Numwrt  (CAL2,  PWT), focus Expand",TTR,excel_import|summit|summit-1708,20251116-140537,2025-11-16T14:05:37,NEW,"done|de/ korat fw|reduce t299 numwrt (cal2, pwt), focus expand|ttr",,
excel_import,SUMMIT,SUMMIT-1749,Done,SSDC,2025-11-16T00:00:00,Remove MAVGRO in Summit,TTR,excel_import|summit|summit-1749,20251116-140537,2025-11-16T14:05:37,NEW,done|ssdc|remove mavgro in summit|ttr,,
excel_import,SUMMIT,"SUMMIT-1202/
SUMMIT-1850 ",Done,Korat FW,2025-11-16T00:00:00,"FINE_UJOG_INIT TTR (Goby) by condition (CAL2-CMR/HSMR)
",TTR,excel_import|summit|summit-1202/ summit-1850,20251116-140537,2025-11-16T14:05:37,NEW,done|korat fw|fine_ujog_init ttr (goby) by condition (cal2-cmr/hsmr)|ttr,,
excel_import,SUMMIT,SUMMIT-1757,Done,SSDC,2025-11-16T00:00:00,TTR: Remove SWD_CAL SkipWriteDetect_198 (CAL2/ CRT2),TTR,excel_import|summit|summit-1757,20251116-140537,2025-11-16T14:05:37,NEW,done|ssdc|ttr: remove swd_cal skipwritedetect_198 (cal2/ crt2)|ttr,,
excel_import,SUMMIT,"SUMMIT-1576/
TSR-4093",Done,SSDC,2025-11-16T00:00:00,TTR on Summit CMR PWT VARIABLE_SPARES (TT -1.5),TTR,excel_import|summit|summit-1576/ tsr-4093,20251116-140537,2025-11-16T14:05:37,NEW,done|ssdc|ttr on summit cmr pwt variable_spares (tt -1.5)|ttr,,
excel_import,SUMMIT,SUMMIT-1834,Done,Wuxi FW,2025-11-16T00:00:00,"Remove T298 in T299_ATI and WRITE_SCRN (FNC2, PWT)",TTR,excel_import|summit|summit-1834,20251116-140537,2025-11-16T14:05:37,NEW,"done|wuxi fw|remove t298 in t299_ati and write_scrn (fnc2, pwt)|ttr",,
excel_import,SUMMIT,SUMMIT-1825,Done,Wuxi FW/ Korat FW,2025-11-16T00:00:00,Reduce PES(T33) test revs from 32 to 16 (FNC2),TTR,excel_import|summit|summit-1825,20251116-140537,2025-11-16T14:05:37,NEW,done|wuxi fw/ korat fw|reduce pes(t33) test revs from 32 to 16 (fnc2)|ttr,,
excel_import,SUMMIT,"
SUMMIT-1703",Done,Korat FW,2025-11-16T00:00:00,"Special 24 hrs TTR, Pick only CRT2 T299 (CRT2)",TTR,excel_import|summit|summit-1703,20251116-140537,2025-11-16T14:05:37,NEW,"done|korat fw|special 24 hrs ttr, pick only crt2 t299 (crt2)|ttr",,
excel_import,SUMMIT,,,,2025-11-16T00:00:00,4.7.3) PCO 3.6.4 - 14.5hrs,TTR,excel_import|summit|,20251116-140537,2025-11-16T14:05:37,NEW,||4.7.3) pco 3.6.4 - 14.5hrs|ttr,,
excel_import,SUMMIT,SUMMIT-1509,Done,SSDC,2025-11-16T00:00:00,   TTR- Reduced BER measure WPOPTI (CAL2),TTR,excel_import|summit|summit-1509,20251116-140537,2025-11-16T14:05:37,NEW,done|ssdc|ttr- reduced ber measure wpopti (cal2)|ttr,,
excel_import,SUMMIT,SUMMIT-1545,Done,SSDC,2025-11-16T00:00:00,   TTR: T451 increase step size from 2 to 4 for LC_DELAY_SDW (CAL2),TTR,excel_import|summit|summit-1545,20251116-140537,2025-11-16T14:05:37,NEW,done|ssdc|ttr: t451 increase step size from 2 to 4 for lc_delay_sdw (cal2)|ttr,,
excel_import,SUMMIT,"SUMMIT-1612,
SUMMIT-1772",Done,Korat FW / ARS,2025-11-16T00:00:00,   T299 optimize track center (FNC2),TTR,"excel_import|summit|summit-1612, summit-1772",20251116-140537,2025-11-16T14:05:37,NEW,done|korat fw / ars|t299 optimize track center (fnc2)|ttr,,
excel_import,SUMMIT,SUMMIT-1563,Done,Korat FW ,2025-11-16T00:00:00,   VBAR ATI reduce redundance (CAL2),TTR,excel_import|summit|summit-1563,20251116-140537,2025-11-16T14:05:37,NEW,done|korat fw|vbar ati reduce redundance (cal2)|ttr,,
excel_import,SUMMIT,,,,2025-11-16T00:00:00,4.7.4) PCO 3.6.5 - 11.35hrs,TTR,excel_import|summit|,20251116-140537,2025-11-16T14:05:37,NEW,||4.7.4) pco 3.6.5 - 11.35hrs|ttr,,
excel_import,SUMMIT,SUMMIT-1511,Done,SSDC TP/ ARS,2025-11-16T00:00:00,Archor zn opti in Derived opti to rmv Read Opti OD,TTR,excel_import|summit|summit-1511,20251116-140537,2025-11-16T14:05:37,NEW,done|ssdc tp/ ars|archor zn opti in derived opti to rmv read opti od|ttr,,
excel_import,SUMMIT,SUMMIT-1896,Done,SSDC TP,2025-11-16T00:00:00,Remove prm_461_ReadOffsets in CAL2 BER_OPTI & FNC2 BER_SPFS,TTR,excel_import|summit|summit-1896,20251116-140537,2025-11-16T14:05:37,NEW,done|ssdc tp|remove prm_461_readoffsets in cal2 ber_opti & fnc2 ber_spfs|ttr,,
excel_import,SUMMIT,SUMMIT-1878,Done,SSDC TP/DC HW,2025-11-16T00:00:00,TTR: Remove T315,TTR,excel_import|summit|summit-1878,20251116-140537,2025-11-16T14:05:37,NEW,done|ssdc tp/dc hw|ttr: remove t315|ttr,,
excel_import,SUMMIT,SUMMIT-1501,Done,SSDC,2025-11-16T00:00:00,TTR- OD_PAD_MQM removal,TTR,excel_import|summit|summit-1501,20251116-140537,2025-11-16T14:05:37,NEW,done|ssdc|ttr- od_pad_mqm removal|ttr,,
excel_import,SUMMIT,SUMMIT-1853,Done,SSDC TP/ ARS,2025-11-16T00:00:00,Opti Settling bypass BIE into Summit branch for TTR,TTR,excel_import|summit|summit-1853,20251116-140537,2025-11-16T14:05:37,NEW,done|ssdc tp/ ars|opti settling bypass bie into summit branch for ttr|ttr,,
excel_import,SUMMIT,"SUMMIT-1612,
SUMMIT-1772",Done,Korat FW / ARS,2025-11-16T00:00:00,T299 optimize track center (CAL2/FNC2/CRT2/PWT),TTR,"excel_import|summit|summit-1612, summit-1772",20251116-140537,2025-11-16T14:05:37,NEW,done|korat fw / ars|t299 optimize track center (cal2/fnc2/crt2/pwt)|ttr,,
excel_import,SUMMIT,SUMMIT-1845,Done,SSDC TP/,2025-11-16T00:00:00,Improve VBAR findMargin function speed,TTR,excel_import|summit|summit-1845,20251116-140537,2025-11-16T14:05:37,NEW,done|ssdc tp/|improve vbar findmargin function speed|ttr,,
excel_import,SUMMIT,SUMMIT-1898,Done,Korat FW,2025-11-16T00:00:00,TTR remove SAVE_STATE at SCOPY and PRE2,TTR,excel_import|summit|summit-1898,20251116-140537,2025-11-16T14:05:37,NEW,done|korat fw|ttr remove save_state at scopy and pre2|ttr,,
excel_import,SUMMIT,SUMMIT-1715,Done,Korat FW ,2025-11-16T00:00:00,ProZ : P90/Test time reduction improvement (FNC2),TTR,excel_import|summit|summit-1715,20251116-140537,2025-11-16T14:05:37,NEW,done|korat fw|proz : p90/test time reduction improvement (fnc2)|ttr,,
excel_import,SUMMIT,,,,2025-11-16T00:00:00,4.7.3) PCO 3.6.8 - 20.63 hrs,TTR,excel_import|summit|,20251116-140537,2025-11-16T14:05:37,NEW,||4.7.3) pco 3.6.8 - 20.63 hrs|ttr,,
excel_import,SUMMIT,SUMMIT-1861,Done,Korat FW,2025-11-16T00:00:00,TTR: PCBA_SCRN_T102 Optimization,TTR,excel_import|summit|summit-1861,20251116-140537,2025-11-16T14:05:37,NEW,done|korat fw|ttr: pcba_scrn_t102 optimization|ttr,,
excel_import,SUMMIT,SUMMIT-1765,Done,SoonWah/Ying Jin,2025-11-16T00:00:00,TTR: T193 test time reduction,TTR,excel_import|summit|summit-1765,20251116-140537,2025-11-16T14:05:37,NEW,done|soonwah/ying jin|ttr: t193 test time reduction|ttr,,
excel_import,SUMMIT,"SUMMIT-1031, SUMMIT-1880",Done,Korat FW,2025-11-16T00:00:00,TTR : T150 measure only servo primary reader,TTR,"excel_import|summit|summit-1031, summit-1880",20251116-140537,2025-11-16T14:05:37,NEW,done|korat fw|ttr : t150 measure only servo primary reader|ttr,,
excel_import,SUMMIT,SUMMIT-1824,Done,SSDC TP/ ARS,2025-11-16T00:00:00,TTR: T335 reduce number of test tracks on STM scan and GC scan,TTR,excel_import|summit|summit-1824,20251116-140537,2025-11-16T14:05:37,NEW,done|ssdc tp/ ars|ttr: t335 reduce number of test tracks on stm scan and gc scan|ttr,,
excel_import,SUMMIT,SUMMIT-1929,Done,Zay Yar,2025-11-16T00:00:00,TTR : Remove PES_SCRN_RD_MODE T33 on read offset in FNC2,TTR,excel_import|summit|summit-1929,20251116-140537,2025-11-16T14:05:37,NEW,done|zay yar|ttr : remove pes_scrn_rd_mode t33 on read offset in fnc2|ttr,,
excel_import,SUMMIT,SUMMIT-1916,Done,Yihua/JiYun,2025-11-16T00:00:00,TTR opportunity of using DTS command,TTR,excel_import|summit|summit-1916,20251116-140537,2025-11-16T14:05:37,NEW,done|yihua/jiyun|ttr opportunity of using dts command|ttr,,
excel_import,SUMMIT,SUMMIT-1854,Done,SSDC TP/ ARS,2025-11-16T00:00:00,TTR: T451 increase step size from 2 to 4 for LC_DELAY_SDW (register ID 2164) for test time saving for all T451,TTR,excel_import|summit|summit-1854,20251116-140537,2025-11-16T14:05:37,NEW,done|ssdc tp/ ars|ttr: t451 increase step size from 2 to 4 for lc_delay_sdw (register id 2164) for test time saving for all t451|ttr,,
excel_import,SUMMIT,SUMMIT-1881,Done,Korat FW,2025-11-16T00:00:00,TTR: MSMR dual reader test by condition (from single reader),TTR,excel_import|summit|summit-1881,20251116-140537,2025-11-16T14:05:37,NEW,done|korat fw|ttr: msmr dual reader test by condition (from single reader)|ttr,,
excel_import,SUMMIT,SUMMIT-1033,Done,Sitthichai/Rick M.,2025-11-16T00:00:00,ATI write optimization in WP (Implement Version),TTR,excel_import|summit|summit-1033,20251116-140537,2025-11-16T14:05:37,NEW,done|sitthichai/rick m.|ati write optimization in wp (implement version)|ttr,,
excel_import,SUMMIT,SUMMIT-1913,Done,Prasanna/Dipesh,2025-11-16T00:00:00,TTR: Remove LUL flawscan in fnc2,TTR,excel_import|summit|summit-1913,20251116-140537,2025-11-16T14:05:37,NEW,done|prasanna/dipesh|ttr: remove lul flawscan in fnc2|ttr,,
excel_import,SUMMIT,SUMMIT-1938,Done,Wuxi FW,2025-11-16T00:00:00,Remove T285 in CAL state CAL_SERVO_285,TTR,excel_import|summit|summit-1938,20251116-140537,2025-11-16T14:05:37,NEW,done|wuxi fw|remove t285 in cal state cal_servo_285|ttr,,
excel_import,SUMMIT,SUMMIT-1958,Done,BJ/Servo,2025-11-16T00:00:00,Scopy RSEED - Remove VCAT Calibration at step4,TTR,excel_import|summit|summit-1958,20251116-140537,2025-11-16T14:05:37,NEW,done|bj/servo|scopy rseed - remove vcat calibration at step4|ttr,,
excel_import,SUMMIT,SUMMIT-1872,Done,Korat FW/ Warachai S.,2025-11-16T00:00:00,TTR: Summit EAW (Erase After Write) Test Zone Reduction,TTR,excel_import|summit|summit-1872,20251116-140537,2025-11-16T14:05:37,NEW,done|korat fw/ warachai s.|ttr: summit eaw (erase after write) test zone reduction|ttr,,
excel_import,SUMMIT,SUMMIT-1987,Done,Korat FW,2025-11-16T00:00:00, Enhance TTR Reduce zone W/R XFER (PWT),TTR,excel_import|summit|summit-1987,20251116-140537,2025-11-16T14:05:37,NEW,done|korat fw|enhance ttr reduce zone w/r xfer (pwt)|ttr,,
excel_import,SUMMIT,SUMMIT-1692,Done,SG SW team,2025-11-16T00:00:00,TTR: Summit HSMR SPFS with SkInc optimization,TTR,excel_import|summit|summit-1692,20251116-140537,2025-11-16T14:05:37,NEW,done|sg sw team|ttr: summit hsmr spfs with skinc optimization|ttr,,
excel_import,SUMMIT,SUMMIT-1839,Done,Korat FW/RW LCO,2025-11-16T00:00:00,POML SMR - PCO3.5.0J_VC1C,TTR,excel_import|summit|summit-1839,20251116-140537,2025-11-16T14:05:37,NEW,done|korat fw/rw lco|poml smr - pco3.5.0j_vc1c|ttr,,
excel_import,SUMMIT,SUMMIT-1445,Done,Korat FW,2025-11-16T00:00:00,SQUEEZE_OFFSET_INIT (SMR) ,TTR,excel_import|summit|summit-1445,20251116-140537,2025-11-16T14:05:37,NEW,done|korat fw|squeeze_offset_init (smr)|ttr,,
excel_import,SUMMIT,SUMMIT-1825,Done,Korat FW,2025-11-16T00:00:00,Reduce PES(T33) test revs from 32 to 16 by condition,TTR,excel_import|summit|summit-1825,20251116-140537,2025-11-16T14:05:37,NEW,done|korat fw|reduce pes(t33) test revs from 32 to 16 by condition|ttr,,
excel_import,SUMMIT,,,,2025-11-16T00:00:00,4.7.4) PCO 3.6.8B - 32.1 hrs,TTR,excel_import|summit|,20251116-140537,2025-11-16T14:05:37,NEW,||4.7.4) pco 3.6.8b - 32.1 hrs|ttr,,
excel_import,SUMMIT,SUMMIT-1971/1921,Done,Servo DC / Korat FW,2025-11-16T00:00:00,T282 C0 sensitivity scoring from multi-rate to single-rate,TTR,excel_import|summit|summit-1971/1921,20251116-140537,2025-11-16T14:05:37,NEW,done|servo dc / korat fw|t282 c0 sensitivity scoring from multi-rate to single-rate|ttr,,
excel_import,SUMMIT,SUMMIT-1950,Done,,2025-11-16T00:00:00,TTR: T285 DRCM optimize servo sector step iteration,TTR,excel_import|summit|summit-1950,20251116-140537,2025-11-16T14:05:37,NEW,done||ttr: t285 drcm optimize servo sector step iteration|ttr,,
excel_import,SUMMIT,SUMMIT-1981,Done,,2025-11-16T00:00:00,TTR: CERT portion Powercycle,TTR,excel_import|summit|summit-1981,20251116-140537,2025-11-16T14:05:37,NEW,done||ttr: cert portion powercycle|ttr,,
excel_import,SUMMIT,SUMMIT-2030,Done,,2025-11-16T00:00:00,"TTR: T282 reduce ""idle time""",TTR,excel_import|summit|summit-2030,20251116-140537,2025-11-16T14:05:37,NEW,"done||ttr: t282 reduce ""idle time""|ttr",,
excel_import,SUMMIT,SUMMIT-2068,Done,,2025-11-16T00:00:00,Reduction of Test Loops of PWT: SEEK_TEST_PWT State,TTR,excel_import|summit|summit-2068,20251116-140537,2025-11-16T14:05:37,NEW,done||reduction of test loops of pwt: seek_test_pwt state|ttr,,
excel_import,SUMMIT,,,,2025-11-16T00:00:00,4.7.4A) PCO 3.6.8B - 12 hrs (Temporary),TTR,excel_import|summit|,20251116-140537,2025-11-16T14:05:37,NEW,||4.7.4a) pco 3.6.8b - 12 hrs (temporary)|ttr,,
excel_import,SUMMIT,SUMMIT-2070,Done,,2025-11-16T00:00:00,Temporary Disable New Servo Reader Selection TTR-T163,TTR,excel_import|summit|summit-2070,20251116-140537,2025-11-16T14:05:37,NEW,done||temporary disable new servo reader selection ttr-t163|ttr,,
excel_import,SUMMIT,,Done,,2025-11-16T00:00:00,Special 24 hrs. - State Removal,TTR,excel_import|summit|,20251116-140537,2025-11-16T14:05:37,NEW,done||special 24 hrs. - state removal|ttr,,
excel_import,SUMMIT,SUMMIT-1701,Done,,2025-11-16T00:00:00,Temporary State Removal (CRT2),TTR,excel_import|summit|summit-1701,20251116-140537,2025-11-16T14:05:37,NEW,done||temporary state removal (crt2)|ttr,,
excel_import,SUMMIT,SUMMIT-1701,Done,,2025-11-16T00:00:00,Temporary State Removal (PWT),TTR,excel_import|summit|summit-1701,20251116-140537,2025-11-16T14:05:37,NEW,done||temporary state removal (pwt)|ttr,,
excel_import,SUMMIT,,Done,,2025-11-16T00:00:00,Temporaly State Removal for WW52,TTR,excel_import|summit|,20251116-140537,2025-11-16T14:05:37,NEW,done||temporaly state removal for ww52|ttr,,
excel_import,SUMMIT,SUMMIT-2064,Done,,2025-11-16T00:00:00,Temporary State Removal (CAL2),TTR,excel_import|summit|summit-2064,20251116-140537,2025-11-16T14:05:37,NEW,done||temporary state removal (cal2)|ttr,,
excel_import,SUMMIT,SUMMIT-2064,Done,,2025-11-16T00:00:00,Temporary State Removal (FNC2),TTR,excel_import|summit|summit-2064,20251116-140537,2025-11-16T14:05:37,NEW,done||temporary state removal (fnc2)|ttr,,
excel_import,SUMMIT,SUMMIT-2064,Done,,2025-11-16T00:00:00,Temporary State Removal (SPSC2),TTR,excel_import|summit|summit-2064,20251116-140537,2025-11-16T14:05:37,NEW,done||temporary state removal (spsc2)|ttr,,
excel_import,SUMMIT,SUMMIT-2064,Done,,2025-11-16T00:00:00,Temporary State Removal (CRT2),TTR,excel_import|summit|summit-2064,20251116-140537,2025-11-16T14:05:37,NEW,done||temporary state removal (crt2)|ttr,,
excel_import,SUMMIT,SUMMIT-2064,Done,,2025-11-16T00:00:00,Temporary State Removal (PWT),TTR,excel_import|summit|summit-2064,20251116-140537,2025-11-16T14:05:37,NEW,done||temporary state removal (pwt)|ttr,,
excel_import,SUMMIT,,,,2025-11-16T00:00:00,PCO 3.6.9 - Released 15May2025,TTR,excel_import|summit|,20251116-140537,2025-11-16T14:05:37,NEW,||pco 3.6.9 - released 15may2025|ttr,,
excel_import,SUMMIT,SUMMIT-2077,,,2025-11-16T00:00:00,Remove SF3 Weld before CERT.,TTR,excel_import|summit|summit-2077,20251116-140537,2025-11-16T14:05:37,NEW,||remove sf3 weld before cert.|ttr,,
excel_import,SUMMIT,,,,2025-11-16T00:00:00,SAVE_STATE,TTR,excel_import|summit|,20251116-140537,2025-11-16T14:05:37,NEW,||save_state|ttr,,
excel_import,SUMMIT,,,,2025-11-16T00:00:00,SAVE_STATE,TTR,excel_import|summit|,20251116-140537,2025-11-16T14:05:37,NEW,||save_state|ttr,,
excel_import,SUMMIT,,,,2025-11-16T00:00:00,SAVE_STATE,TTR,excel_import|summit|,20251116-140537,2025-11-16T14:05:37,NEW,||save_state|ttr,,
excel_import,SUMMIT,,,,2025-11-16T00:00:00,SAVE_STATE,TTR,excel_import|summit|,20251116-140537,2025-11-16T14:05:37,NEW,||save_state|ttr,,
excel_import,SUMMIT,,,,2025-11-16T00:00:00,T299_DS_ATI,TTR,excel_import|summit|,20251116-140537,2025-11-16T14:05:37,NEW,||t299_ds_ati|ttr,,
excel_import,SUMMIT,,,,2025-11-16T00:00:00,PES_SCRN_PREZAP,TTR,excel_import|summit|,20251116-140537,2025-11-16T14:05:37,NEW,||pes_scrn_prezap|ttr,,
excel_import,SUMMIT,SUMMIT-2078,,,2025-11-16T00:00:00,Remove T240 Zn1 in write screen state (temp) 300dppm,TTR,excel_import|summit|summit-2078,20251116-140537,2025-11-16T14:05:37,NEW,||remove t240 zn1 in write screen state (temp) 300dppm|ttr,,
excel_import,SUMMIT,,,,2025-11-16T00:00:00,      4.7) PCO3.7.x series,TTR,excel_import|summit|,20251116-140537,2025-11-16T14:05:37,NEW,||4.7) pco3.7.x series|ttr,,
excel_import,SUMMIT,,Qualification,CT & DE,2025-11-16T00:00:00,      4.7.1) TA Scan pre2 (push out PCO3.7.1B),TTR,excel_import|summit|,20251116-140537,2025-11-16T14:05:37,NEW,qualification|ct & de|4.7.1) ta scan pre2 (push out pco3.7.1b)|ttr,,
excel_import,SUMMIT,,,,2025-11-16T00:00:00,     4.7.2) PCO 3.7.3 = 3.6.8,TTR,excel_import|summit|,20251116-140537,2025-11-16T14:05:37,NEW,||4.7.2) pco 3.7.3 = 3.6.8|ttr,,
excel_import,SUMMIT,SUMMIT-1435 / 1398 & 1042,Pending PCO integration / fix by Jira 1829,SSDC,2025-11-16T00:00:00,T451 new derived method + Adding RegID 0x0903 sweeping,TTR,excel_import|summit|summit-1435 / 1398 & 1042,20251116-140537,2025-11-16T14:05:37,NEW,pending pco integration / fix by jira 1829|ssdc|t451 new derived method + adding regid 0x0903 sweeping|ttr,,
excel_import,SUMMIT,SUMMIT-1302,Pending implement,SSDC & RW LCO,2025-11-16T00:00:00,TA scan FF TTR/ TA scan Cell#3 TTR (25 to 12.5) ,TTR,excel_import|summit|summit-1302,20251116-140537,2025-11-16T14:05:37,NEW,pending implement|ssdc & rw lco|ta scan ff ttr/ ta scan cell#3 ttr (25 to 12.5)|ttr,,
excel_import,SUMMIT,SUMMIT-1134,"SPQ-10649
SBR: SMPEXGGZFS",SSDC/ Korat SW-FW,2025-11-16T00:00:00,ZFS (20) - run on BRC5832,TTR,excel_import|summit|summit-1134,20251116-140537,2025-11-16T14:05:37,NEW,spq-10649 sbr: smpexggzfs|ssdc/ korat sw-fw|zfs (20) - run on brc5832|ttr,,
excel_import,SUMMIT,,,,2025-11-16T00:00:00,     4.7.3) PCO 3.7.3B - TBD hrs,TTR,excel_import|summit|,20251116-140537,2025-11-16T14:05:37,NEW,||4.7.3) pco 3.7.3b - tbd hrs|ttr,,
excel_import,SUMMIT,SUMMIT-2078,Cancel,Korat FW,2025-11-16T00:00:00,Remove Zn1 at WRITE_SCRN,TTR,excel_import|summit|summit-2078,20251116-140537,2025-11-16T14:05:37,NEW,cancel|korat fw|remove zn1 at write_scrn|ttr,,
excel_import,SUMMIT,,,,2025-11-16T00:00:00,     4.7.4) PCO 3.7.3D1 - 9.75 hrs  (PCO 3.7.4),TTR,excel_import|summit|,20251116-140537,2025-11-16T14:05:37,NEW,||4.7.4) pco 3.7.3d1 - 9.75 hrs (pco 3.7.4)|ttr,,
excel_import,SUMMIT,SUMMIT-2162,Done,Servo/DC,2025-11-16T00:00:00,Summit T282 TTR Improvement via Single FLASH Update Post SNO Tuning (New Servo xx64),TTR,excel_import|summit|summit-2162,20251116-140537,2025-11-16T14:05:37,NEW,done|servo/dc|summit t282 ttr improvement via single flash update post sno tuning (new servo xx64)|ttr,,
excel_import,SUMMIT,SUMMIT-2155,Done,Servo/DC,2025-11-16T00:00:00,T282 - Bode Convergence,TTR,excel_import|summit|summit-2155,20251116-140537,2025-11-16T14:05:37,NEW,done|servo/dc|t282 - bode convergence|ttr,,
excel_import,SUMMIT,SUMMIT-1996,Done,Korat FW,2025-11-16T00:00:00,TTR: Optimize T461 Flow,TTR,excel_import|summit|summit-1996,20251116-140537,2025-11-16T14:05:37,NEW,done|korat fw|ttr: optimize t461 flow|ttr,,
excel_import,SUMMIT,,,,2025-11-16T00:00:00,     4.7.5) PCO 3.7.3.GA - 10.8 hrs (SMR VC),TTR,excel_import|summit|,20251116-140537,2025-11-16T14:05:37,NEW,||4.7.5) pco 3.7.3.ga - 10.8 hrs (smr vc)|ttr,,
excel_import,SUMMIT,SUMMIT-2086,Done,SSDC TP,2025-11-16T00:00:00,TTR: Investigate further TTR in MSMR_SR_RDR_TST_2 by running through exceptions,TTR,excel_import|summit|summit-2086,20251116-140537,2025-11-16T14:05:37,NEW,done|ssdc tp|ttr: investigate further ttr in msmr_sr_rdr_tst_2 by running through exceptions|ttr,,
excel_import,SUMMIT,SUMMIT-2273,Done,Korat FW,2025-11-16T00:00:00,TTR: T240 TEST ZONE by Condition #Phase2,TTR,excel_import|summit|summit-2273,20251116-140537,2025-11-16T14:05:37,NEW,done|korat fw|ttr: t240 test zone by condition #phase2|ttr,,
excel_import,SUMMIT,SUMMIT-2274,Done,Korat FW,2025-11-16T00:00:00,"TTR: FINE_UJOG_INIT GobyLite (for PK1, unlock condition)",TTR,excel_import|summit|summit-2274,20251116-140537,2025-11-16T14:05:37,NEW,"done|korat fw|ttr: fine_ujog_init gobylite (for pk1, unlock condition)|ttr",,
excel_import,SUMMIT,SUMMIT-1597,"Done
PCO3.7.3C1",SSDC TP/ ARS,2025-11-16T00:00:00,(SMR) Investigate SMR uJOG Optimization for TTR and Robustness,TTR,excel_import|summit|summit-1597,20251116-140537,2025-11-16T14:05:37,NEW,done pco3.7.3c1|ssdc tp/ ars|(smr) investigate smr ujog optimization for ttr and robustness|ttr,,
excel_import,SUMMIT,SUMMIT-1881,Done,Korat FW,2025-11-16T00:00:00,(SMR) TTR: MSMR dual reader test by condition (from single reader),TTR,excel_import|summit|summit-1881,20251116-140537,2025-11-16T14:05:37,NEW,done|korat fw|(smr) ttr: msmr dual reader test by condition (from single reader)|ttr,,
excel_import,SUMMIT,,,,2025-11-16T00:00:00,     4.7.4.1) PCO 3.7.3.EA - 6 hrs (CMR) (Cut-in WW16),TTR,excel_import|summit|,20251116-140537,2025-11-16T14:05:37,NEW,||4.7.4.1) pco 3.7.3.ea - 6 hrs (cmr) (cut-in ww16)|ttr,,
excel_import,SUMMIT,"FWSD-6603/
SUMMIT-1943/","Tighten FNC2 4hrs, Slow runner rerun 2%",Abhay/ Kelly's team,2025-11-16T00:00:00,TTR: CMR Skip Track Format Certify,TTR,excel_import|summit|fwsd-6603/ summit-1943/,20251116-140537,2025-11-16T14:05:37,NEW,"tighten fnc2 4hrs, slow runner rerun 2%|abhay/ kelly's team|ttr: cmr skip track format certify|ttr",,
excel_import,SUMMIT,SUMMIT-2226,"Tighten FNC2 4hrs, Slow runner rerun 2%",DC/ PE,2025-11-16T00:00:00,CMR Skip Track Format Certify NMD improvement,TTR,excel_import|summit|summit-2226,20251116-140537,2025-11-16T14:05:37,NEW,"tighten fnc2 4hrs, slow runner rerun 2%|dc/ pe|cmr skip track format certify nmd improvement|ttr",,
excel_import,SUMMIT,,,,2025-11-16T00:00:00,     4.7.6) PCO 3.7.3.GB1 - 9.1 hrs,TTR,excel_import|summit|,20251116-140537,2025-11-16T14:05:37,NEW,||4.7.6) pco 3.7.3.gb1 - 9.1 hrs|ttr,,
excel_import,SUMMIT,SUMMIT-2230,Pending implement,Servo/DC,2025-11-16T00:00:00,SCOPY YIP#6,TTR,excel_import|summit|summit-2230,20251116-140537,2025-11-16T14:05:37,NEW,pending implement|servo/dc|scopy yip#6|ttr,,
excel_import,SUMMIT,SUMMIT-1779,Pending implement,Korat FW (pull in),2025-11-16T00:00:00,VBAR_ATI Prediction (CAL2),TTR,excel_import|summit|summit-1779,20251116-140537,2025-11-16T14:05:37,NEW,pending implement|korat fw (pull in)|vbar_ati prediction (cal2)|ttr,,
excel_import,SUMMIT,SUMMIT-2086,Need turn off feature for SHST in PWT,SSDC TP,2025-11-16T00:00:00,TTR: Investigate further TTR in MSMR_SR_RDR_TST_2 by running through exceptions,TTR,excel_import|summit|summit-2086,20251116-140537,2025-11-16T14:05:37,NEW,need turn off feature for shst in pwt|ssdc tp|ttr: investigate further ttr in msmr_sr_rdr_tst_2 by running through exceptions|ttr,,
excel_import,SUMMIT,SUMMIT-2092,Pending implement,SSDC TP,2025-11-16T00:00:00,TTR: Investigate potential reduction in VBAR_SME1 iterations,TTR,excel_import|summit|summit-2092,20251116-140537,2025-11-16T14:05:37,NEW,pending implement|ssdc tp|ttr: investigate potential reduction in vbar_sme1 iterations|ttr,,
excel_import,SUMMIT,SUMMIT-2273,Pending implement,Korat FW,2025-11-16T00:00:00,TTR: T240 TEST ZONE by Condition #Phase2,TTR,excel_import|summit|summit-2273,20251116-140537,2025-11-16T14:05:37,NEW,pending implement|korat fw|ttr: t240 test zone by condition #phase2|ttr,,
excel_import,SUMMIT,,,,2025-11-16T00:00:00,     4.7.6) PCO 3.7.3D3/GE - 13.6 hrs,TTR,excel_import|summit|,20251116-140537,2025-11-16T14:05:37,NEW,||4.7.6) pco 3.7.3d3/ge - 13.6 hrs|ttr,,
excel_import,SUMMIT,SUMMIT-2266,Pending implement,US DC,2025-11-16T00:00:00,TTR malloc on Goby - Seagate JIRA,TTR,excel_import|summit|summit-2266,20251116-140537,2025-11-16T14:05:37,NEW,pending implement|us dc|ttr malloc on goby - seagate jira|ttr,,
excel_import,SUMMIT,SUMMIT-2118,Pending implement,Servo/DC,2025-11-16T00:00:00,TTR: ZAP Seek Path Optimization ( PROZ/OCZ ),TTR,excel_import|summit|summit-2118,20251116-140537,2025-11-16T14:05:37,NEW,pending implement|servo/dc|ttr: zap seek path optimization ( proz/ocz )|ttr,,
excel_import,SUMMIT,,,,2025-11-16T00:00:00,     4.7.7) Plan Phase#1A - 3.6 hrs (SU373GE_02),TTR,excel_import|summit|,20251116-140537,2025-11-16T14:05:37,NEW,||4.7.7) plan phase#1a - 3.6 hrs (su373ge_02)|ttr,,
excel_import,SUMMIT,SUMMIT-2300,Pending PCO integration,Kelly's team,2025-11-16T00:00:00,TTR: Remove 1>N28 from DNLD_CODE_TCG_SPT,TTR,excel_import|summit|summit-2300,20251116-140537,2025-11-16T14:05:37,NEW,pending pco integration|kelly's team|ttr: remove 1>n28 from dnld_code_tcg_spt|ttr,,
jira_issues,SUMMIT,SUMMIT-2345,Reopened,Kwan Ng Loke,test,"enableDiags, Powercycle",TTR,jira_issues|summit|summit-2345,20251116-140537,2025-11-16T14:05:37,NEW,"reopened|kwan ng loke|ttr: pwt optimization: dnld_code, enablediags, powercycle|ttr",,
excel_import,SUMMIT,"SUMMIT-2314
DISC-CR0014255",Pending Development,Servo/DC,2025-11-16T00:00:00,TTR: Integrated Milli/Micro Structure Bode Measurement with One-Shot SS1X Bode Measurement,TTR,excel_import|summit|summit-2314 disc-cr0014255,20251116-140537,2025-11-16T14:05:37,NEW,pending development|servo/dc|ttr: integrated milli/micro structure bode measurement with one-shot ss1x bode measurement|ttr,,
excel_import,SUMMIT,"SUMMIT-2096/
SUMMIT-2120
DISC-CR0014268","SBR: SM04X373CAL
Reli result CP. FW2618",SSDC TP,2025-11-16T00:00:00,TTR on LUL_TEST25 (Concern OD_PAD_MQM removal 1.2 hr) 2 hrs (was 2.5 hrs.),TTR,excel_import|summit|summit-2096/ summit-2120 disc-cr0014268,20251116-140537,2025-11-16T14:05:37,NEW,sbr: sm04x373cal reli result cp. fw2618|ssdc tp|ttr on lul_test25 (concern od_pad_mqm removal 1.2 hr) 2 hrs (was 2.5 hrs.)|ttr,,
excel_import,SUMMIT,,,,2025-11-16T00:00:00,     4.7.8) Plan Phase#1B - 13.8 hrs (SU373GE_03),TTR,excel_import|summit|,20251116-140537,2025-11-16T14:05:37,NEW,||4.7.8) plan phase#1b - 13.8 hrs (su373ge_03)|ttr,,
excel_import,SUMMIT,TSR-6784,,SSDC TP,2025-11-16T00:00:00,TTR: VM optimize ,TTR,excel_import|summit|tsr-6784,20251116-140537,2025-11-16T14:05:37,NEW,|ssdc tp|ttr: vm optimize|ttr,,
excel_import,SUMMIT,TSR-6527,,SSDC TP,2025-11-16T00:00:00,Channel Opti TTR in VBAR_ATI,TTR,excel_import|summit|tsr-6527,20251116-140537,2025-11-16T14:05:37,NEW,|ssdc tp|channel opti ttr in vbar_ati|ttr,,
excel_import,SUMMIT,SUMMIT-2091,"TVM: SPQ-10720
1x failed - In Analysis
(ZYDBNJX0)",SSDC TP,2025-11-16T00:00:00,TTR: Investigate potential T299 DistlBndSz optimization in T299_EXPN_STE_SCRN,TTR,excel_import|summit|summit-2091,20251116-140537,2025-11-16T14:05:37,NEW,tvm: spq-10720 1x failed - in analysis (zydbnjx0)|ssdc tp|ttr: investigate potential t299 distlbndsz optimization in t299_expn_ste_scrn|ttr,,
excel_import,SUMMIT,SUMMIT-1879	,"TVM: SPQ-10720
1x failed - In Analysis
(ZYDBNJX0)",SSDC TP,2025-11-16T00:00:00,TTR: Investigate test time savings by reducing Number of writes in T299_ATI and T299_DS_ATI,TTR,excel_import|summit|summit-1879,20251116-140537,2025-11-16T14:05:37,NEW,tvm: spq-10720 1x failed - in analysis (zydbnjx0)|ssdc tp|ttr: investigate test time savings by reducing number of writes in t299_ati and t299_ds_ati|ttr,,
excel_import,SUMMIT,,,,2025-11-16T00:00:00,     4.7.9) Plan Phase#1C - 6 hrs (SU373GE_02A),TTR,excel_import|summit|,20251116-140537,2025-11-16T14:05:37,NEW,||4.7.9) plan phase#1c - 6 hrs (su373ge_02a)|ttr,,
excel_import,SUMMIT,DISC-CR0014332,,Chonnakarn,2025-11-16T00:00:00,Remove WRITE_POWER_TCC State -- WRITE_POWER_TCC,TTR,excel_import|summit|disc-cr0014332,20251116-140537,2025-11-16T14:05:37,NEW,|chonnakarn|remove write_power_tcc state -- write_power_tcc|ttr,,
excel_import,SUMMIT,SUMMIT-2279,,Servo/DC,2025-11-16T00:00:00,TTR: Test 33 Seek Delay Improvement (SF3),TTR,excel_import|summit|summit-2279,20251116-140537,2025-11-16T14:05:37,NEW,|servo/dc|ttr: test 33 seek delay improvement (sf3)|ttr,,
excel_import,SUMMIT,TSR-6529 ,,Royce,2025-11-16T00:00:00,TTR: T102 on PCBA Screen (SF3) + (new PF3),TTR,excel_import|summit|tsr-6529,20251116-140537,2025-11-16T14:05:37,NEW,|royce|ttr: t102 on pcba screen (sf3) + (new pf3)|ttr,,
excel_import,SUMMIT,DISC-CR0014330,,Thiansue,2025-11-16T00:00:00,Remove 10 zone at P461_READ_OFFSET_SFR -- Write ability solo,TTR,excel_import|summit|disc-cr0014330,20251116-140537,2025-11-16T14:05:37,NEW,|thiansue|remove 10 zone at p461_read_offset_sfr -- write ability solo|ttr,,
excel_import,SUMMIT,DISC-CR0014334,,Thiansue,2025-11-16T00:00:00,"Remove Zn2, 4, P461_BIE_MEAN_BY_TRACK  -- Write ability solo",TTR,excel_import|summit|disc-cr0014334,20251116-140537,2025-11-16T14:05:37,NEW,"|thiansue|remove zn2, 4, p461_bie_mean_by_track -- write ability solo|ttr",,
excel_import,SUMMIT,DISC-CR0014319,,Rawinnipa,2025-11-16T00:00:00,Fix T94 on non-PRE2 TA scan,TTR,excel_import|summit|disc-cr0014319,20251116-140537,2025-11-16T14:05:37,NEW,|rawinnipa|fix t94 on non-pre2 ta scan|ttr,,
excel_import,SUMMIT,,,,2025-11-16T00:00:00,     4.7.10) Plan Phase#1D - 13.7 hrs (SU373GE_04),TTR,excel_import|summit|,20251116-140537,2025-11-16T14:05:37,NEW,||4.7.10) plan phase#1d - 13.7 hrs (su373ge_04)|ttr,,
excel_import,SUMMIT,DISC-CR0014269,,Korat FW/US DC,2025-11-16T00:00:00,T220 WP Opti bypass channel training and offset searches,TTR,excel_import|summit|disc-cr0014269,20251116-140537,2025-11-16T14:05:37,NEW,|korat fw/us dc|t220 wp opti bypass channel training and offset searches|ttr,,
excel_import,SUMMIT,DISC-CR0014225,,Korat FW,2025-11-16T00:00:00,TTR- T240 Predict Final Write,TTR,excel_import|summit|disc-cr0014225,20251116-140537,2025-11-16T14:05:37,NEW,|korat fw|ttr- t240 predict final write|ttr,,
jira_issues,SUMMIT,SUMMIT-2355,Open,xxxx,ggg,TTR: TOPAZ ,TTR,jira_issues|summit|summit-2355,20251116-140537,2025-11-16T14:05:37,NEW,open|luh chyuan lau|ttr: topaz w/ proz integration|ttr,,
excel_import,SUMMIT,SUMMIT-2272,,Korat FW,2025-11-16T00:00:00,TTR: Reduce num write of zone 0 at VBAR_ATI,TTR,excel_import|summit|summit-2272,20251116-140537,2025-11-16T14:05:37,NEW,|korat fw|ttr: reduce num write of zone 0 at vbar_ati|ttr,,
excel_import,SUMMIT,DISC-CR0014322,,Pisit/AMared,2025-11-16T00:00:00,AFH optimize test zone to 8 from 11,TTR,excel_import|summit|disc-cr0014322,20251116-140537,2025-11-16T14:05:37,NEW,|pisit/amared|afh optimize test zone to 8 from 11|ttr,,
excel_import,SUMMIT,DISC-CR0014323,,Pisit/Amared,2025-11-16T00:00:00,Increase start DAC,TTR,excel_import|summit|disc-cr0014323,20251116-140537,2025-11-16T14:05:37,NEW,|pisit/amared|increase start dac|ttr,,
excel_import,SUMMIT,,,,2025-11-16T00:00:00,      4.7.9) Plan Phase#C - 5 hrs ,TTR,excel_import|summit|,20251116-140537,2025-11-16T14:05:37,NEW,||4.7.9) plan phase#c - 5 hrs|ttr,,
jira_issues,SUMMIT,SUMMIT-2355,Open,xxxx,ggg,TTR: TOPAZ ,TTR,jira_issues|summit|summit-2355,20251116-140537,2025-11-16T14:05:37,NEW,open|luh chyuan lau|ttr: topaz w/ proz integration|ttr,,
excel_import,SUMMIT,,,,2025-11-16T00:00:00,      4.7.10) Plan Phase#D - xx hrs ,TTR,excel_import|summit|,20251116-140537,2025-11-16T14:05:37,NEW,||4.7.10) plan phase#d - xx hrs|ttr,,
excel_import,SUMMIT,TSR-6529 ,Under checkout,Royce,2025-11-16T00:00:00,TTR: T102 on PCBA Screen,TTR,excel_import|summit|tsr-6529,20251116-140537,2025-11-16T14:05:37,NEW,under checkout|royce|ttr: t102 on pcba screen|ttr,,
excel_import,SUMMIT,SUMMIT-2302,Under checkout,Korat FW,2025-11-16T00:00:00,TTR: PCBA_SCRN extreme optimization. [T102 reduce loop],TTR,excel_import|summit|summit-2302,20251116-140537,2025-11-16T14:05:37,NEW,under checkout|korat fw|ttr: pcba_scrn extreme optimization. [t102 reduce loop]|ttr,,
excel_import,SUMMIT,SUMMIT-2279,Pending PCO integration,Servo/DC,2025-11-16T00:00:00,TTR: Test 33 Seek Delay Improvement,TTR,excel_import|summit|summit-2279,20251116-140537,2025-11-16T14:05:37,NEW,pending pco integration|servo/dc|ttr: test 33 seek delay improvement|ttr,,
excel_import,SUMMIT,SUMMIT-2272,Under checkout,Korat FW,2025-11-16T00:00:00,TTR: Reduce num write of zone 0 at VBAR_ATI,TTR,excel_import|summit|summit-2272,20251116-140537,2025-11-16T14:05:37,NEW,under checkout|korat fw|ttr: reduce num write of zone 0 at vbar_ati|ttr,,
excel_import,SUMMIT,DISC-CR0014225,Under checkout,Korat FW,2025-11-16T00:00:00,TTR- T240,TTR,excel_import|summit|disc-cr0014225,20251116-140537,2025-11-16T14:05:37,NEW,under checkout|korat fw|ttr- t240|ttr,,
excel_import,SUMMIT,DISC-CR0014269,,Korat FW/US DC,2025-11-16T00:00:00,T220 WP Opti bypass channel training and offset searches,TTR,excel_import|summit|disc-cr0014269,20251116-140537,2025-11-16T14:05:37,NEW,|korat fw/us dc|t220 wp opti bypass channel training and offset searches|ttr,,
excel_import,SUMMIT,,,,2025-11-16T00:00:00,     4.8) PCO TBD - xxhrs (PCO3.7.3x/PCO3.7.4x),TTR,excel_import|summit|,20251116-140537,2025-11-16T14:05:37,NEW,||4.8) pco tbd - xxhrs (pco3.7.3x/pco3.7.4x)|ttr,,
excel_import,SUMMIT,SUMMIT-1432,,DC/ PE,2025-11-16T00:00:00,CMR Skip Track Format Certify NMD improvement,TTR,excel_import|summit|summit-1432,20251116-140537,2025-11-16T14:05:37,NEW,|dc/ pe|cmr skip track format certify nmd improvement|ttr,,
excel_import,SUMMIT,,,,2025-11-16T00:00:00,CMR Skip Track Format Certify NMD improvement (Beatup),TTR,excel_import|summit|,20251116-140537,2025-11-16T14:05:37,NEW,||cmr skip track format certify nmd improvement (beatup)|ttr,,
excel_import,SUMMIT,"
SUMMIT-1818","SPQ-10644
SBR:  SMPEX13887
1x failed - In Analysis
(ZYDAQ0KR)",Abhay/Kelly's team,2025-11-16T00:00:00,"         (SMR) FMT certify by condition (25hrs) 
**Concern EC14184** Escape ~ 2.5%",TTR,excel_import|summit|summit-1818,20251116-140537,2025-11-16T14:05:37,NEW,spq-10644 sbr: smpex13887 1x failed - in analysis (zydaq0kr)|abhay/kelly's team|(smr) fmt certify by condition (25hrs) **concern ec14184** escape ~ 2.5%|ttr,,
excel_import,SUMMIT,SUMMIT-1914,Pending implement,SSDC TP,2025-11-16T00:00:00,TTR: T094 (Only Pre TA Scan),TTR,excel_import|summit|summit-1914,20251116-140537,2025-11-16T14:05:37,NEW,pending implement|ssdc tp|ttr: t094 (only pre ta scan)|ttr,,
excel_import,SUMMIT,DISC-CR0014267,,LeiWei,2025-11-16T00:00:00,Optimize T461 reduce zone in some state,TTR,excel_import|summit|disc-cr0014267,20251116-140537,2025-11-16T14:05:37,NEW,|leiwei|optimize t461 reduce zone in some state|ttr,,
excel_import,SUMMIT,SUMMIT-1900,,DC,2025-11-16T00:00:00,Single Sector RMM + Zero Latency Writes,TTR,excel_import|summit|summit-1900,20251116-140537,2025-11-16T14:05:37,NEW,|dc|single sector rmm + zero latency writes|ttr,,
excel_import,SUMMIT,,3% FMT failure escape to customer. Need review how to handle that 3%(EC14184/EC10219),DC,2025-11-16T00:00:00,"	
(SMR) FMT removal",TTR,excel_import|summit|,20251116-140537,2025-11-16T14:05:37,NEW,3% fmt failure escape to customer. need review how to handle that 3%(ec14184/ec10219)|dc|(smr) fmt removal|ttr,,
excel_import,SUMMIT,,**CP Reli result WW51 #SPQ-10532**,Korat FW,2025-11-16T00:00:00,WP prediction,TTR,excel_import|summit|,20251116-140537,2025-11-16T14:05:37,NEW,**cp reli result ww51 #spq-10532**|korat fw|wp prediction|ttr,,
excel_import,SUMMIT,SUMMIT-2327,Pending PCO integration,Servo/DC,2025-11-16T00:00:00,TTR: New Servo Code xx66,TTR,excel_import|summit|summit-2327,20251116-140537,2025-11-16T14:05:37,NEW,pending pco integration|servo/dc|ttr: new servo code xx66|ttr,,
excel_import,SUMMIT,,,,2025-11-16T00:00:00,     4.8) PCO TBD - xxhrs,TTR,excel_import|summit|,20251116-140537,2025-11-16T14:05:37,NEW,||4.8) pco tbd - xxhrs|ttr,,
excel_import,SUMMIT,SUMMIT-1733,Pending drive eval,Sun Wah/Vitor Chew,2025-11-16T00:00:00,TTR: T297 SUMMIT TTR Plan (Phase 3),TTR,excel_import|summit|summit-1733,20251116-140537,2025-11-16T14:05:37,NEW,pending drive eval|sun wah/vitor chew|ttr: t297 summit ttr plan (phase 3)|ttr,,
excel_import,SUMMIT,SUMMIT-1401,Push out from 3.6,SSDC,2025-11-16T00:00:00,        Improve opti settle T451,TTR,excel_import|summit|summit-1401,20251116-140537,2025-11-16T14:05:37,NEW,push out from 3.6|ssdc|improve opti settle t451|ttr,,
excel_import,SUMMIT,Pending,TBD,Korat PE/Korat FW,2025-11-16T00:00:00,Remove PWT SF3 portion​ for weld before CERT portion.,TTR,excel_import|summit|pending,20251116-140537,2025-11-16T14:05:37,NEW,tbd|korat pe/korat fw|remove pwt sf3 portion​ for weld before cert portion.|ttr,,
excel_import,SUMMIT,Pending,TBD,Sitthichai/Kriangkrai/Worawit,2025-11-16T00:00:00,ZAP machine learning (PROZ?) - revist vs TOPAZ,TTR,excel_import|summit|pending,20251116-140537,2025-11-16T14:05:37,NEW,tbd|sitthichai/kriangkrai/worawit|zap machine learning (proz?) - revist vs topaz|ttr,,
excel_import,SUMMIT,SUMMIT-1851,Cancel HDIG concern meas,SoonWah/Dick Martin,2025-11-16T00:00:00,Optimizing AFH Test 135 'start_dac' for Wrt/Rdr Htr,TTR,excel_import|summit|summit-1851,20251116-140537,2025-11-16T14:05:37,NEW,cancel hdig concern meas|soonwah/dick martin|optimizing afh test 135 'start_dac' for wrt/rdr htr|ttr,,
excel_import,SUMMIT,SUMMIT-1846,Evaluating,Korat FW,2025-11-16T00:00:00,"PC file compression (T231, T130)",TTR,excel_import|summit|summit-1846,20251116-140537,2025-11-16T14:05:37,NEW,"evaluating|korat fw|pc file compression (t231, t130)|ttr",,
excel_import,SUMMIT,TBD,,US DC,2025-11-16T00:00:00,T451 opti overhead,TTR,excel_import|summit|tbd,20251116-140537,2025-11-16T14:05:37,NEW,|us dc|t451 opti overhead|ttr,,
excel_import,SUMMIT,,,,2025-11-16T00:00:00,     4.9) Risk TTR item PCO - TBD,TTR,excel_import|summit|,20251116-140537,2025-11-16T14:05:37,NEW,||4.9) risk ttr item pco - tbd|ttr,,
excel_import,SUMMIT,?,Developing,Korat FW,2025-11-16T00:00:00,     4.10) PROZ enhance for TTR (SMR mode Sorting),TTR,excel_import|summit|?,20251116-140537,2025-11-16T14:05:37,NEW,developing|korat fw|4.10) proz enhance for ttr (smr mode sorting)|ttr,,
excel_import,SUMMIT,SUMMIT-1134,Developing by SG team,SSDC/ Korat SW-FW,2025-11-16T00:00:00,     4.11)  ZFS (20) - run on BRC5832 (PCO3.7.2),TTR,excel_import|summit|summit-1134,20251116-140537,2025-11-16T14:05:37,NEW,developing by sg team|ssdc/ korat sw-fw|4.11) zfs (20) - run on brc5832 (pco3.7.2)|ttr,,
excel_import,SUMMIT,,,,2025-11-16T00:00:00,     4.12) Canceled,TTR,excel_import|summit|,20251116-140537,2025-11-16T14:05:37,NEW,||4.12) canceled|ttr,,
excel_import,SUMMIT,SUMMIT-1201,Evaluating,Servo DC/Korat FW,2025-11-16T00:00:00,Enable XBAR (Memory optimize in ZAP),TTR,excel_import|summit|summit-1201,20251116-140537,2025-11-16T14:05:37,NEW,evaluating|servo dc/korat fw|enable xbar (memory optimize in zap)|ttr,,
excel_import,SUMMIT,SUMMIT-1756,TBD,Korat FW,2025-11-16T00:00:00,Variable spare Enhance,TTR,excel_import|summit|summit-1756,20251116-140537,2025-11-16T14:05:37,NEW,tbd|korat fw|variable spare enhance|ttr,,
excel_import,SUMMIT,SUMMIT-2083,TBD,DC,2025-11-16T00:00:00,150x Channel speed up,TTR,excel_import|summit|summit-2083,20251116-140537,2025-11-16T14:05:37,NEW,tbd|dc|150x channel speed up|ttr,,
excel_import,SUMMIT,TBD,TBD,Korat FW,2025-11-16T00:00:00,ATI expantion Zn0 removal (0.01% failure),TTR,excel_import|summit|tbd,20251116-140537,2025-11-16T14:05:37,NEW,tbd|korat fw|ati expantion zn0 removal (0.01% failure)|ttr,,
excel_import,SUMMIT,"SUMMIT-1595,
SUMMIT-1868",Backout, SSDC,2025-11-16T00:00:00,VM optimize (SSDC),TTR,"excel_import|summit|summit-1595, summit-1868",20251116-140537,2025-11-16T14:05:37,NEW,backout|ssdc|vm optimize (ssdc)|ttr,,
excel_import,SUMMIT,SUMMIT-2276,Backout,SSDC TP,2025-11-16T00:00:00,TTR: Further improvements on TTR in VBAR_METRICS,TTR,excel_import|summit|summit-2276,20251116-140537,2025-11-16T14:05:37,NEW,backout|ssdc tp|ttr: further improvements on ttr in vbar_metrics|ttr,,
excel_import,SUMMIT,"TSR-5008, SUMMIT-2280",Backout,SSDC TP,2025-11-16T00:00:00,Add Fast MSMR Combined Reader Calculation mode to either T238 or T438,TTR,"excel_import|summit|tsr-5008, summit-2280",20251116-140537,2025-11-16T14:05:37,NEW,backout|ssdc tp|add fast msmr combined reader calculation mode to either t238 or t438|ttr,,
excel_import,SUMMIT,SUMMIT-2278,Cancel,Korat FW,2025-11-16T00:00:00,TTR: Sampling T240 Zn1 in write screen state.,TTR,excel_import|summit|summit-2278,20251116-140537,2025-11-16T14:05:37,NEW,cancel|korat fw|ttr: sampling t240 zn1 in write screen state.|ttr,,
excel_import,SUMMIT,,,,2025-11-16T00:00:00,Total TTR,TTR,excel_import|summit|,20251116-140537,2025-11-16T14:05:37,NEW,||total ttr|ttr,,
excel_import,SUMMIT,,,,2025-11-16T00:00:00,Gap to FROST (all risks),TTR,excel_import|summit|,20251116-140537,2025-11-16T14:05:37,NEW,||gap to frost (all risks)|ttr,,
excel_import,SUMMIT,,,,2025-11-16T00:00:00,Gap to POR 3.0 (all risks),TTR,excel_import|summit|,20251116-140537,2025-11-16T14:05:37,NEW,||gap to por 3.0 (all risks)|ttr,,
excel_import,SUMMIT,SUMMIT-1197,Study by Korat,Korat FW,2025-11-16T00:00:00,T299 TTR-ML Zn prediction,TTR,excel_import|summit|summit-1197,20251116-140537,2025-11-16T14:05:37,NEW,study by korat|korat fw|t299 ttr-ml zn prediction|ttr,,
excel_import,SUMMIT,Risk ,Status,Owner,2025-11-16T00:00:00,Risk High TTR ,TTR,excel_import|summit|risk,20251116-140537,2025-11-16T14:05:37,NEW,status|owner|risk high ttr|ttr,,
excel_import,SUMMIT,,,,2025-11-16T00:00:00,iVBAR,TTR,excel_import|summit|,20251116-140537,2025-11-16T14:05:37,NEW,||ivbar|ttr,,
excel_import,SUMMIT,H,Developing ,Korat FW / LCO Test process,2025-11-16T00:00:00, T102 opti,TTR,excel_import|summit|h,20251116-140537,2025-11-16T14:05:37,NEW,developing|korat fw / lco test process|t102 opti|ttr,,
excel_import,SUMMIT,SUMMIT-954,Developing ,Korat FW / ARS,2025-11-16T00:00:00,T240 EAW,TTR,excel_import|summit|summit-954,20251116-140537,2025-11-16T14:05:37,NEW,developing|korat fw / ars|t240 eaw|ttr,,
excel_import,SUMMIT,H,Developing ,Korat FW,2025-11-16T00:00:00,VBAR init predict,TTR,excel_import|summit|h,20251116-140537,2025-11-16T14:05:37,NEW,developing|korat fw|vbar init predict|ttr,,
excel_import,SUMMIT,H,Study,Korat FW / LCO ARS,2025-11-16T00:00:00,T299 ATI optimize test zone,TTR,excel_import|summit|h,20251116-140537,2025-11-16T14:05:37,NEW,study|korat fw / lco ars|t299 ati optimize test zone|ttr,,
excel_import,SUMMIT,SUMMIT-1749,Study,SSDC Servo ,2025-11-16T00:00:00,T33 optimize,TTR,excel_import|summit|summit-1749,20251116-140537,2025-11-16T14:05:37,NEW,study|ssdc servo|t33 optimize|ttr,,
excel_import,SUMMIT,SUMMIT-1031,Study,Korat FW / LCO Servo,2025-11-16T00:00:00,Lin screen opti,TTR,excel_import|summit|summit-1031,20251116-140537,2025-11-16T14:05:37,NEW,study|korat fw / lco servo|lin screen opti|ttr,,
excel_import,SUMMIT,H,Developing ,US DC,2025-11-16T00:00:00,CMR FMT certify by condition,TTR,excel_import|summit|h,20251116-140537,2025-11-16T14:05:37,NEW,developing|us dc|cmr fmt certify by condition|ttr,,
excel_import,DORADO,Dorado-906,,,2025-11-16T00:00:00,4.4.1) Soak 9 days (refer to row xx,TTR,excel_import|dorado|dorado-906,20251116-140537,2025-11-16T14:05:37,NEW,||4.4.1) soak 9 days (refer to row xx|ttr,,
excel_import,DORADO,Need Jira,,,2025-11-16T00:00:00,"PCO 4.4.x)Dynamic  Soak 9 days -> 7 day avg
    HSMR Needs Mango approval and Exec discussion before cutting into PCO
    SMR is cut in on these dates assuming FW32 DOE has good results",TTR,excel_import|dorado|need jira,20251116-140537,2025-11-16T14:05:37,NEW,||pco 4.4.x)dynamic soak 9 days -> 7 day avg hsmr needs mango approval and exec discussion before cutting into pco smr is cut in on these dates assuming fw32 doe has good results|ttr,,
excel_import,DORADO,,,,2025-11-16T00:00:00,4.3.3) Soak 0 day (not in any underpinned planned) -,TTR,excel_import|dorado|,20251116-140537,2025-11-16T14:05:37,NEW,||4.3.3) soak 0 day (not in any underpinned planned) -|ttr,,
excel_import,DORADO,,"WW16 eval release 
WW20 6hd mfg only ckpt 
WW20- mp release
WW32 Packout",,2025-11-16T00:00:00,PCO TTR for  Q3FY26 (PCO 4.3.4 ) (MAT6),TTR,excel_import|dorado|,20251116-140537,2025-11-16T14:05:37,NEW,ww16 eval release ww20 6hd mfg only ckpt ww20- mp release ww32 packout||pco ttr for q3fy26 (pco 4.3.4 ) (mat6)|ttr,,
excel_import,DORADO,,,,2025-11-16T00:00:00,TTR low risk item moved earlier from 4.4.1 and 4.4.2,TTR,excel_import|dorado|,20251116-140537,2025-11-16T14:05:37,NEW,||ttr low risk item moved earlier from 4.4.1 and 4.4.2|ttr,,
excel_import,DORADO,Dorado-950,,,2025-11-16T00:00:00,Reduct T87 overhead loop in laser cal function  ,TTR,excel_import|dorado|dorado-950,20251116-140537,2025-11-16T14:05:37,NEW,||reduct t87 overhead loop in laser cal function|ttr,,
excel_import,DORADO,Dorado-619,,,2025-11-16T00:00:00,T461 in FLC_DELTA remove 9% sqz delta 0.05hrs,TTR,excel_import|dorado|dorado-619,20251116-140537,2025-11-16T14:05:37,NEW,||t461 in flc_delta remove 9% sqz delta 0.05hrs|ttr,,
excel_import,DORADO,Dorado-737,,,2025-11-16T00:00:00,PRISM removal (was temporaily added in early Dorado bringup),TTR,excel_import|dorado|dorado-737,20251116-140537,2025-11-16T14:05:37,NEW,||prism removal (was temporaily added in early dorado bringup)|ttr,,
excel_import,DORADO,Dorado-898,,,2025-11-16T00:00:00,Remove butterfly write seek (need TTR amount),TTR,excel_import|dorado|dorado-898,20251116-140537,2025-11-16T14:05:37,NEW,||remove butterfly write seek (need ttr amount)|ttr,,
excel_import,DORADO,Dorado-607,2 hd showing higher TTR than 46 need verification on 20hd,,2025-11-16T00:00:00,T461:Adjust T461 measurements that track BER changes rough the tes process for TTR,TTR,excel_import|dorado|dorado-607,20251116-140537,2025-11-16T14:05:37,NEW,2 hd showing higher ttr than 46 need verification on 20hd||t461:adjust t461 measurements that track ber changes rough the tes process for ttr|ttr,,
excel_import,DORADO,Dorado-812,,,2025-11-16T00:00:00,       VBAR_TPISME1 reduce max number of backoff steps ,TTR,excel_import|dorado|dorado-812,20251116-140537,2025-11-16T14:05:37,NEW,||vbar_tpisme1 reduce max number of backoff steps|ttr,,
excel_import,DORADO,Dorado-1036,,,2025-11-16T00:00:00,"EWC changes ported from Marlin (Radical malloc, Smooth linear Bode, Reduce skdly in T135, T282 Idle Time red, ZAP seek path optimization
MarlinCT-1958,2008, 2012, 2018, 2057
Dorado 1156, 1157, 1159, 1177, 1179",TTR,excel_import|dorado|dorado-1036,20251116-140537,2025-11-16T14:05:37,NEW,"||ewc changes ported from marlin (radical malloc, smooth linear bode, reduce skdly in t135, t282 idle time red, zap seek path optimization marlinct-1958,2008, 2012, 2018, 2057 dorado 1156, 1157, 1159, 1177, 1179|ttr",,
excel_import,DORADO,Dorado-1179,,ref Dorado-1036,2025-11-16T00:00:00,"TTR - Radical malloc eval  (6 hrs) (MarlinCT-1958, MarlinCT-2057)",TTR,excel_import|dorado|dorado-1179,20251116-140537,2025-11-16T14:05:37,NEW,"|ref dorado-1036|ttr - radical malloc eval (6 hrs) (marlinct-1958, marlinct-2057)|ttr",,
excel_import,DORADO,Dorado-1159,,ref Dorado-1036,2025-11-16T00:00:00,"TTR: T282 reduce ""idle time""  (9 hrs) (MarlinCT-2018)",TTR,excel_import|dorado|dorado-1159,20251116-140537,2025-11-16T14:05:37,NEW,"|ref dorado-1036|ttr: t282 reduce ""idle time"" (9 hrs) (marlinct-2018)|ttr",,
excel_import,DORADO,Dorado-1156,,,2025-11-16T00:00:00,TTR: Further Test Time Reduction In T282 - Bode Convergence Check (8 hrs),TTR,excel_import|dorado|dorado-1156,20251116-140537,2025-11-16T14:05:37,NEW,||ttr: further test time reduction in t282 - bode convergence check (8 hrs)|ttr,,
excel_import,DORADO,Dorado-1158,,,2025-11-16T00:00:00,ZAP Seek Path Optimization (8 hours),TTR,excel_import|dorado|dorado-1158,20251116-140537,2025-11-16T14:05:37,NEW,||zap seek path optimization (8 hours)|ttr,,
excel_import,DORADO,Dorado-1157,Need to x-check for Dorado,,2025-11-16T00:00:00,TTR - Reducing the SkDly in t135 from 20ms to 0ms (5 hrs),TTR,excel_import|dorado|dorado-1157,20251116-140537,2025-11-16T14:05:37,NEW,need to x-check for dorado||ttr - reducing the skdly in t135 from 20ms to 0ms (5 hrs)|ttr,,
excel_import,DORADO,Dorado-1223,,,2025-11-16T00:00:00,Remove FNC2 state T299_DS_ATI for TTR,TTR,excel_import|dorado|dorado-1223,20251116-140537,2025-11-16T14:05:37,NEW,||remove fnc2 state t299_ds_ati for ttr|ttr,,
excel_import,DORADO,Dorado-1224,,,2025-11-16T00:00:00,Remove CRT2 state T299_ATI for TTR,TTR,excel_import|dorado|dorado-1224,20251116-140537,2025-11-16T14:05:37,NEW,||remove crt2 state t299_ati for ttr|ttr,,
excel_import,DORADO,Dorado-621,,,2025-11-16T00:00:00,FNC2: T461 BER tracking measurements:  reduce zone make to every 8th zone,TTR,excel_import|dorado|dorado-621,20251116-140537,2025-11-16T14:05:37,NEW,||fnc2: t461 ber tracking measurements: reduce zone make to every 8th zone|ttr,,
excel_import,DORADO,,"WW13 eval release
WW21 6hd reli -500hr ckpt
WW21 mp release
WW32 Packout
Scopy cut-in after CERT WW17
",,2025-11-16T00:00:00,4.3) PCO TTR Q3FY26 (PCO 4.4.1),TTR,excel_import|dorado|,20251116-140537,2025-11-16T14:05:37,NEW,ww13 eval release ww21 6hd reli -500hr ckpt ww21 mp release ww32 packout scopy cut-in after cert ww17||4.3) pco ttr q3fy26 (pco 4.4.1)|ttr,,
excel_import,DORADO,Dorado-583,C/P TT saving by Sep16,,2025-11-16T00:00:00,LPV Iop Adjust by Head,TTR,excel_import|dorado|dorado-583,20251116-140537,2025-11-16T14:05:37,NEW,c/p tt saving by sep16||lpv iop adjust by head|ttr,,
excel_import,DORADO,Dorado-959,C/P TT saving by Sep16,,2025-11-16T00:00:00,"SMR : LZR"" VBAR_LAsER: in T211 use Tpiode=2 (DS only)",TTR,excel_import|dorado|dorado-959,20251116-140537,2025-11-16T14:05:37,NEW,"c/p tt saving by sep16||smr : lzr"" vbar_laser: in t211 use tpiode=2 (ds only)|ttr",,
excel_import,DORADO,Dorado-1037,C/P TT saving by Sep16,,2025-11-16T00:00:00,"SMR Dorado1 ractional VISA byZone, By preamp",TTR,excel_import|dorado|dorado-1037,20251116-140537,2025-11-16T14:05:37,NEW,"c/p tt saving by sep16||smr dorado1 ractional visa byzone, by preamp|ttr",,
excel_import,DORADO,Dorado-906,,,2025-11-16T00:00:00,Soak optimization (14days to 9days FW32 DOE results) refer to soak optimization section for time,TTR,excel_import|dorado|dorado-906,20251116-140537,2025-11-16T14:05:37,NEW,||soak optimization (14days to 9days fw32 doe results) refer to soak optimization section for time|ttr,,
excel_import,DORADO,Dorado-902,,,2025-11-16T00:00:00,"MQM 2 loop move to iMQM (Q426 30% iMQM, Q127 10%, Q227 1%",TTR,excel_import|dorado|dorado-902,20251116-140537,2025-11-16T14:05:37,NEW,"||mqm 2 loop move to imqm (q426 30% imqm, q127 10%, q227 1%|ttr",,
excel_import,DORADO,,,,2025-11-16T00:00:00,"No clean up after MQM (Q426, 30% clean up), Q127 10%, Q2SY 1%",TTR,excel_import|dorado|,20251116-140537,2025-11-16T14:05:37,NEW,"||no clean up after mqm (q426, 30% clean up), q127 10%, q2sy 1%|ttr",,
excel_import,DORADO,,"WW18 eval release
WW25 6hd reli -500hr ckpt
WW25 mp release
WW37 Packout
Scopy cut-in after CERT WW20
",,2025-11-16T00:00:00,4.4) PCO TTR Q4FY26 (PCO 4.4.2),TTR,excel_import|dorado|,20251116-140537,2025-11-16T14:05:37,NEW,ww18 eval release ww25 6hd reli -500hr ckpt ww25 mp release ww37 packout scopy cut-in after cert ww20||4.4) pco ttr q4fy26 (pco 4.4.2)|ttr,,
excel_import,DORADO,Dorado-1011,,,2025-11-16T00:00:00,Scopy TA-FF,TTR,excel_import|dorado|dorado-1011,20251116-140537,2025-11-16T14:05:37,NEW,||scopy ta-ff|ttr,,
excel_import,DORADO,Dorado-952,Mihir wil check on SBR run,,2025-11-16T00:00:00,HSMR:T451 Reduce the Reg list in State Derived_OpTI_2,TTR,excel_import|dorado|dorado-952,20251116-140537,2025-11-16T14:05:37,NEW,mihir wil check on sbr run||hsmr:t451 reduce the reg list in state derived_opti_2|ttr,,
excel_import,DORADO,need Jira,,,2025-11-16T00:00:00,T102 PCBA_SCRN TTR ,TTR,excel_import|dorado|need jira,20251116-140537,2025-11-16T14:05:37,NEW,||t102 pcba_scrn ttr|ttr,,
excel_import,DORADO,Dorado-1080,,,2025-11-16T00:00:00,T102 PCBA_SCRN during soak,TTR,excel_import|dorado|dorado-1080,20251116-140537,2025-11-16T14:05:37,NEW,||t102 pcba_scrn during soak|ttr,,
excel_import,DORADO,Dorado-1015,,,2025-11-16T00:00:00,Skip track certify in format (TTR) (SMR only),TTR,excel_import|dorado|dorado-1015,20251116-140537,2025-11-16T14:05:37,NEW,||skip track certify in format (ttr) (smr only)|ttr,,
excel_import,DORADO,Dorado-1198,,,2025-11-16T00:00:00,Remove PWT SF3 portion for weld before Cert,TTR,excel_import|dorado|dorado-1198,20251116-140537,2025-11-16T14:05:37,NEW,||remove pwt sf3 portion for weld before cert|ttr,,
excel_import,DORADO,Dorado-1116,,,2025-11-16T00:00:00,    PC file compression (15 hrs ? - ,TTR,excel_import|dorado|dorado-1116,20251116-140537,2025-11-16T14:05:37,NEW,||pc file compression (15 hrs ? -|ttr,,
excel_import,DORADO,need Jira,Warachai to document Jira,,2025-11-16T00:00:00, State removal items (PWT/RW Xfer) TTR  TBD),TTR,excel_import|dorado|need jira,20251116-140537,2025-11-16T14:05:37,NEW,warachai to document jira||state removal items (pwt/rw xfer) ttr tbd)|ttr,,
excel_import,DORADO,Dorado-1247,Mihir wil check on SBR run,,2025-11-16T00:00:00,Reduce drive power off from 20s to 5s,TTR,excel_import|dorado|dorado-1247,20251116-140537,2025-11-16T14:05:37,NEW,mihir wil check on sbr run||reduce drive power off from 20s to 5s|ttr,,
excel_import,DORADO,Dorado-1248,Mihir wil check on SBR run,,2025-11-16T00:00:00,Pause time reduce from 20s to 3s,TTR,excel_import|dorado|dorado-1248,20251116-140537,2025-11-16T14:05:37,NEW,mihir wil check on sbr run||pause time reduce from 20s to 3s|ttr,,
excel_import,DORADO,Droadao-1249,Mihir wil check on SBR run,,2025-11-16T00:00:00,Baud rate optimziation,TTR,excel_import|dorado|droadao-1249,20251116-140537,2025-11-16T14:05:37,NEW,mihir wil check on sbr run||baud rate optimziation|ttr,,
excel_import,DORADO,Dorado-1092,Check with Ben,,2025-11-16T00:00:00,"Remove uACT1 ""milli"" actuator Bode",TTR,excel_import|dorado|dorado-1092,20251116-140537,2025-11-16T14:05:37,NEW,"check with ben||remove uact1 ""milli"" actuator bode|ttr",,
excel_import,DORADO,Droado-461,Let check more populatio in current mass,,2025-11-16T00:00:00,HSMR Conditional Certify HSMR 6C ,TTR,excel_import|dorado|droado-461,20251116-140537,2025-11-16T14:05:37,NEW,let check more populatio in current mass||hsmr conditional certify hsmr 6c|ttr,,
excel_import,DORADO,Dorado-622,Peerayoot will check with Rick,,2025-11-16T00:00:00,CRT2: T461: reduce zone mask to every 8th zone,TTR,excel_import|dorado|dorado-622,20251116-140537,2025-11-16T14:05:37,NEW,peerayoot will check with rick||crt2: t461: reduce zone mask to every 8th zone|ttr,,
excel_import,DORADO,Dorado-651,,,2025-11-16T00:00:00,Disable BPIC_SWEEP for TTR (35 min),TTR,excel_import|dorado|dorado-651,20251116-140537,2025-11-16T14:05:37,NEW,||disable bpic_sweep for ttr (35 min)|ttr,,
excel_import,DORADO,Dorado-979,Need Mihir help,,2025-11-16T00:00:00,Dorado1 IBW with NoAdjTracks (fro weak write),TTR,excel_import|dorado|dorado-979,20251116-140537,2025-11-16T14:05:37,NEW,need mihir help||dorado1 ibw with noadjtracks (fro weak write)|ttr,,
excel_import,DORADO,Dorado-1228,,Mihir S,2025-11-16T00:00:00,Evaluate modification of Active Servo Flaw Table (ASFT) build algorithm,TTR,excel_import|dorado|dorado-1228,20251116-140537,2025-11-16T14:05:37,NEW,|mihir s|evaluate modification of active servo flaw table (asft) build algorithm|ttr,,
excel_import,DORADO,,"Plan rel PCO end WW18
6hd reli 500hr ckpt WW??
Packout WW??",,2025-11-16T00:00:00,4.4) PCO TTR Q4FY26 (PCO 5.x.x),TTR,excel_import|dorado|,20251116-140537,2025-11-16T14:05:37,NEW,plan rel pco end ww18 6hd reli 500hr ckpt ww?? packout ww??||4.4) pco ttr q4fy26 (pco 5.x.x)|ttr,,
excel_import,DORADO,Dorado-1029,update eval plan timing with new preamps  for when it can cut in,,2025-11-16T00:00:00,NDS to run in parallel with Soak (8 days savnigs),TTR,excel_import|dorado|dorado-1029,20251116-140537,2025-11-16T14:05:37,NEW,update eval plan timing with new preamps for when it can cut in||nds to run in parallel with soak (8 days savnigs)|ttr,,
excel_import,DORADO,,,,2025-11-16T00:00:00,4.4) PCO TTR Q4FY26 (PCO 5.x.y),TTR,excel_import|dorado|,20251116-140537,2025-11-16T14:05:37,NEW,||4.4) pco ttr q4fy26 (pco 5.x.y)|ttr,,
excel_import,DORADO,Dorado-1022,,,2025-11-16T00:00:00,TPI for iVBAR,TTR,excel_import|dorado|dorado-1022,20251116-140537,2025-11-16T14:05:37,NEW,||tpi for ivbar|ttr,,
excel_import,DORADO,Need Jira,Aaron  S to create,,2025-11-16T00:00:00,   Flex SAP update (intelligent - only when needed),TTR,excel_import|dorado|need jira,20251116-140537,2025-11-16T14:05:37,NEW,aaron s to create||flex sap update (intelligent - only when needed)|ttr,,
excel_import,DORADO,Need Jira,Warachi ,,2025-11-16T00:00:00,Scopy higher time than Summit (HAMR - lower RPM RSEED + Laser cal +..),TTR,excel_import|dorado|need jira,20251116-140537,2025-11-16T14:05:37,NEW,warachi||scopy higher time than summit (hamr - lower rpm rseed + laser cal +..)|ttr,,
excel_import,DORADO,"WW24 eval rel WW44?? 20hd reli 500 hr ckpt
WW45 mp rel
",Est WW05 packout,put together plan for PROZ / Mango notification - Brian,2025-11-16T00:00:00,4.4) PCO TTR Q1FY27 (PCO 5.x.z),TTR,excel_import|dorado|ww24 eval rel ww44?? 20hd reli 500 hr ckpt ww45 mp rel,20251116-140537,2025-11-16T14:05:37,NEW,est ww05 packout|put together plan for proz / mango notification - brian|4.4) pco ttr q1fy27 (pco 5.x.z)|ttr,,
excel_import,DORADO,Dorado-1136,,,2025-11-16T00:00:00,NDS to utilize 2 or 4 head bank write,TTR,excel_import|dorado|dorado-1136,20251116-140537,2025-11-16T14:05:37,NEW,||nds to utilize 2 or 4 head bank write|ttr,,
excel_import,DORADO,Dorado-439,,,2025-11-16T00:00:00,SMR: Shingled SMR adj writes for LBA,TTR,excel_import|dorado|dorado-439,20251116-140537,2025-11-16T14:05:37,NEW,||smr: shingled smr adj writes for lba|ttr,,
excel_import,DORADO,Dorado-516,,,2025-11-16T00:00:00,FPW DOE for 25 nm NFT (Dorado 2) ,TTR,excel_import|dorado|dorado-516,20251116-140537,2025-11-16T14:05:37,NEW,||fpw doe for 25 nm nft (dorado 2)|ttr,,
excel_import,DORADO,Dorado-617,,,2025-11-16T00:00:00,SPIO MQM develoment - merge from PF3 trunk to Dorado branch,TTR,excel_import|dorado|dorado-617,20251116-140537,2025-11-16T14:05:37,NEW,||spio mqm develoment - merge from pf3 trunk to dorado branch|ttr,,
excel_import,DORADO,Dorado-624,,,2025-11-16T00:00:00,ZAP Iteration 3 ->2  TTR (with PROZ) (business trade-off - not approved),TTR,excel_import|dorado|dorado-624,20251116-140537,2025-11-16T14:05:37,NEW,||zap iteration 3 ->2 ttr (with proz) (business trade-off - not approved)|ttr,,
excel_import,DORADO,Dorado-813,,,2025-11-16T00:00:00,Dorado Goby 7 2.0 Sector skew in SPF,TTR,excel_import|dorado|dorado-813,20251116-140537,2025-11-16T14:05:37,NEW,||dorado goby 7 2.0 sector skew in spf|ttr,,
excel_import,DORADO,Dorado-519,,,2025-11-16T00:00:00,PROZ HSMR  (H-CMR& H-SMR customer approval needed),TTR,excel_import|dorado|dorado-519,20251116-140537,2025-11-16T14:05:37,NEW,||proz hsmr (h-cmr& h-smr customer approval needed)|ttr,,
excel_import,DORADO,Dorado-903,,,2025-11-16T00:00:00,2 head Bank Write on FPW before VBAR,TTR,excel_import|dorado|dorado-903,20251116-140537,2025-11-16T14:05:37,NEW,||2 head bank write on fpw before vbar|ttr,,
excel_import,DORADO,Dorado-1280,,,2025-11-16T00:00:00,FPW Removal (follow MarlinBP plan) + RGA on Dorado (FW35 reli ckpt),TTR,excel_import|dorado|dorado-1280,20251116-140537,2025-11-16T14:05:37,NEW,||fpw removal (follow marlinbp plan) + rga on dorado (fw35 reli ckpt)|ttr,,
excel_import,DORADO,Dorado-461,,,2025-11-16T00:00:00,   HSMR Phase C (45 hrs for conditional read CMR),TTR,excel_import|dorado|dorado-461,20251116-140537,2025-11-16T14:05:37,NEW,||hsmr phase c (45 hrs for conditional read cmr)|ttr,,
excel_import,DORADO,need Jira,Chris S creating Jira,,2025-11-16T00:00:00,Scopy Spiral Bank write,TTR,excel_import|dorado|need jira,20251116-140537,2025-11-16T14:05:37,NEW,chris s creating jira||scopy spiral bank write|ttr,,
excel_import,DORADO,DORADO-905 ,,Korat FW,2025-11-16T00:00:00,POML All mode,TTR,excel_import|dorado|dorado-905,20251116-140537,2025-11-16T14:05:37,NEW,|korat fw|poml all mode|ttr,,
excel_import,DORADO,,"Plan rel PCO end WW24?
6hd reli 500hr ckpt WW??
Packout WW??",,2025-11-16T00:00:00,4.5) PCO TTR Q1FY27 (PCO 4.x.z),TTR,excel_import|dorado|,20251116-140537,2025-11-16T14:05:37,NEW,plan rel pco end ww24? 6hd reli 500hr ckpt ww?? packout ww??||4.5) pco ttr q1fy27 (pco 4.x.z)|ttr,,
excel_import,DORADO,Dorado-548,,,2025-11-16T00:00:00,Implement TOPAZ with PROZ (Z-PATH),TTR,excel_import|dorado|dorado-548,20251116-140537,2025-11-16T14:05:37,NEW,||implement topaz with proz (z-path)|ttr,,
excel_import,DORADO,need jira,,,2025-11-16T00:00:00,4 head Bank write on FPW before VBAR (not neeed if FPW removal intersects 1st),TTR,excel_import|dorado|need jira,20251116-140537,2025-11-16T14:05:37,NEW,||4 head bank write on fpw before vbar (not neeed if fpw removal intersects 1st)|ttr,,
excel_import,DORADO,Dorado-907,,,2025-11-16T00:00:00,Dynamic Soak on Dorado,TTR,excel_import|dorado|dorado-907,20251116-140537,2025-11-16T14:05:37,NEW,||dynamic soak on dorado|ttr,,
excel_import,DORADO,,,DC / Korat PE,2025-11-16T00:00:00,Enable STFL on SMR,TTR,excel_import|dorado|,20251116-140537,2025-11-16T14:05:37,NEW,|dc / korat pe|enable stfl on smr|ttr,,
excel_import,DORADO,need jira,,,2025-11-16T00:00:00,SMR Format removal (ref MBP-1730) (~25hrs)  (10% of drive write/Rd) hr TTR),TTR,excel_import|dorado|need jira,20251116-140537,2025-11-16T14:05:37,NEW,||smr format removal (ref mbp-1730) (~25hrs) (10% of drive write/rd) hr ttr)|ttr,,
excel_import,DORADO,Dorado-909,,,2025-11-16T00:00:00,Merge Master Format and SPFS (CMR only) (Goby 7),TTR,excel_import|dorado|dorado-909,20251116-140537,2025-11-16T14:05:37,NEW,||merge master format and spfs (cmr only) (goby 7)|ttr,,
excel_import,DORADO,need jira,,DC,2025-11-16T00:00:00,Fast uJog in T299,TTR,excel_import|dorado|need jira,20251116-140537,2025-11-16T14:05:37,NEW,|dc|fast ujog in t299|ttr,,
excel_import,DORADO,need jira,,,2025-11-16T00:00:00,T282 C0 sensitivity opti,TTR,excel_import|dorado|need jira,20251116-140537,2025-11-16T14:05:37,NEW,||t282 c0 sensitivity opti|ttr,,
excel_import,DORADO,,"Plan rel PCO end WW27
6hd reli 500hr ckpt WW??
Packout WW??",,2025-11-16T00:00:00,4.6) Parallel analysis,TTR,excel_import|dorado|,20251116-140537,2025-11-16T14:05:37,NEW,plan rel pco end ww27 6hd reli 500hr ckpt ww?? packout ww??||4.6) parallel analysis|ttr,,
excel_import,DORADO,need jira,,,2025-11-16T00:00:00,T451 Random Pattern Generation 5% TTR,TTR,excel_import|dorado|need jira,20251116-140537,2025-11-16T14:05:37,NEW,||t451 random pattern generation 5% ttr|ttr,,
excel_import,DORADO,need jira,,Korat FW/ARS DC,2025-11-16T00:00:00,T299 reduce num write,TTR,excel_import|dorado|need jira,20251116-140537,2025-11-16T14:05:37,NEW,|korat fw/ars dc|t299 reduce num write|ttr,,
excel_import,DORADO,need jira,,,2025-11-16T00:00:00,Reduce redundant zones test of VBAR_ATI,TTR,excel_import|dorado|need jira,20251116-140537,2025-11-16T14:05:37,NEW,||reduce redundant zones test of vbar_ati|ttr,,
excel_import,DORADO,?,,DC,2025-11-16T00:00:00,"Project to remove UACT1 ""milli"" actuator",TTR,excel_import|dorado|?,20251116-140537,2025-11-16T14:05:37,NEW,"|dc|project to remove uact1 ""milli"" actuator|ttr",,
excel_import,DORADO,?,,Korat,2025-11-16T00:00:00,T285 DRCM opti,TTR,excel_import|dorado|?,20251116-140537,2025-11-16T14:05:37,NEW,|korat|t285 drcm opti|ttr,,
excel_import,DORADO,?,,Korat FW,2025-11-16T00:00:00,T299 RAP Saving (4),TTR,excel_import|dorado|?,20251116-140537,2025-11-16T14:05:37,NEW,|korat fw|t299 rap saving (4)|ttr,,
excel_import,DORADO,,,,2025-11-16T00:00:00,ACQPHZEST_SWEEP removal (CAL2),TTR,excel_import|dorado|,20251116-140537,2025-11-16T14:05:37,NEW,||acqphzest_sweep removal (cal2)|ttr,,
excel_import,DORADO,,,,2025-11-16T00:00:00,ACQPHZEST_SWEEP removal (CRT2),TTR,excel_import|dorado|,20251116-140537,2025-11-16T14:05:37,NEW,||acqphzest_sweep removal (crt2)|ttr,,
excel_import,DORADO,,,Korat FW,2025-11-16T00:00:00,Reduce drive off time,TTR,excel_import|dorado|,20251116-140537,2025-11-16T14:05:37,NEW,|korat fw|reduce drive off time|ttr,,
excel_import,DORADO,need jira,,Korat FW,2025-11-16T00:00:00,Update BPI/TPI FMT via PC file,TTR,excel_import|dorado|need jira,20251116-140537,2025-11-16T14:05:37,NEW,|korat fw|update bpi/tpi fmt via pc file|ttr,,
excel_import,DORADO,need jira,,,2025-11-16T00:00:00,CRT2 Tripple Track BER monitor,TTR,excel_import|dorado|need jira,20251116-140537,2025-11-16T14:05:37,NEW,||crt2 tripple track ber monitor|ttr,,
excel_import,DORADO,need Jira,,DC,2025-11-16T00:00:00,Remove CAL2 SF3_DPCO data collection state,TTR,excel_import|dorado|need jira,20251116-140537,2025-11-16T14:05:37,NEW,|dc|remove cal2 sf3_dpco data collection state|ttr,,
excel_import,DORADO,need Jira,,Xiao/Brian,2025-11-16T00:00:00,T33 calls/,TTR,excel_import|dorado|need jira,20251116-140537,2025-11-16T14:05:37,NEW,|xiao/brian|t33 calls/|ttr,,
excel_import,DORADO,need jira,,DC,2025-11-16T00:00:00,Write Opti - Read Reduction: 2 reads to 1 at CAL2,TTR,excel_import|dorado|need jira,20251116-140537,2025-11-16T14:05:37,NEW,|dc|write opti - read reduction: 2 reads to 1 at cal2|ttr,,
excel_import,DORADO,need jira,,Xiao/Brian,2025-11-16T00:00:00,FNC2 RRO_SCRN_x removal,TTR,excel_import|dorado|need jira,20251116-140537,2025-11-16T14:05:37,NEW,|xiao/brian|fnc2 rro_scrn_x removal|ttr,,
excel_import,DORADO,need jira,,,2025-11-16T00:00:00,TTR: Remove PRE2 prm_282_hiResVCMBodeTemp,TTR,excel_import|dorado|need jira,20251116-140537,2025-11-16T14:05:37,NEW,||ttr: remove pre2 prm_282_hiresvcmbodetemp|ttr,,
excel_import,DORADO,need jira,,,2025-11-16T00:00:00,TTR: CERT portion Powercycle,TTR,excel_import|dorado|need jira,20251116-140537,2025-11-16T14:05:37,NEW,||ttr: cert portion powercycle|ttr,,
excel_import,DORADO,need jira,,DC TP/ARS,2025-11-16T00:00:00,T299: Disable Track Center Search,TTR,excel_import|dorado|need jira,20251116-140537,2025-11-16T14:05:37,NEW,|dc tp/ars|t299: disable track center search|ttr,,
excel_import,DORADO,need jira,,DC,2025-11-16T00:00:00,Write Process Restructuring: Fix to VBAR Laser Setup,TTR,excel_import|dorado|need jira,20251116-140537,2025-11-16T14:05:37,NEW,|dc|write process restructuring: fix to vbar laser setup|ttr,,
excel_import,DORADO,need jira,,DC,2025-11-16T00:00:00,Test Time: T297 Data Trimming at PRE2,TTR,excel_import|dorado|need jira,20251116-140537,2025-11-16T14:05:37,NEW,|dc|test time: t297 data trimming at pre2|ttr,,
excel_import,DORADO,need jira,,DC,2025-11-16T00:00:00,Test Time: T297 Data Trimming at CAL2,TTR,excel_import|dorado|need jira,20251116-140537,2025-11-16T14:05:37,NEW,|dc|test time: t297 data trimming at cal2|ttr,,
excel_import,DORADO,need jira,,,2025-11-16T00:00:00,T282 C0 sensitivity opti,TTR,excel_import|dorado|need jira,20251116-140537,2025-11-16T14:05:37,NEW,||t282 c0 sensitivity opti|ttr,,
excel_import,DORADO,need jira,,,2025-11-16T00:00:00,Erasure Testing - Fast Write Modes (T298/T299),TTR,excel_import|dorado|need jira,20251116-140537,2025-11-16T14:05:37,NEW,||erasure testing - fast write modes (t298/t299)|ttr,,
excel_import,DORADO,need jira,,,2025-11-16T00:00:00,TTR: To close TT gap (vs Marlin) - BER measurement,TTR,excel_import|dorado|need jira,20251116-140537,2025-11-16T14:05:37,NEW,||ttr: to close tt gap (vs marlin) - ber measurement|ttr,,
excel_import,DORADO,need jira,,,2025-11-16T00:00:00,T282 sensitivity projection optimization - data & test time reduction,TTR,excel_import|dorado|need jira,20251116-140537,2025-11-16T14:05:37,NEW,||t282 sensitivity projection optimization - data & test time reduction|ttr,,
excel_import,DORADO,need jira,,Servo DC,2025-11-16T00:00:00,MarlinBP remove state (est. 43 hrs),TTR,excel_import|dorado|need jira,20251116-140537,2025-11-16T14:05:37,NEW,|servo dc|marlinbp remove state (est. 43 hrs)|ttr,,
excel_import,DORADO,need jira,,,2025-11-16T00:00:00,T451 Random Pattern Generation 5% TTR,TTR,excel_import|dorado|need jira,20251116-140537,2025-11-16T14:05:37,NEW,||t451 random pattern generation 5% ttr|ttr,,
excel_import,DORADO,need jira,,,2025-11-16T00:00:00,SPFS T2108 Read TTR by increasing CertTrkStep (SkInc) to 75 from default 30,TTR,excel_import|dorado|need jira,20251116-140537,2025-11-16T14:05:37,NEW,||spfs t2108 read ttr by increasing certtrkstep (skinc) to 75 from default 30|ttr,,
excel_import,DORADO,?,,Korat FW/ARS DC,2025-11-16T00:00:00,T299 reduce num write,TTR,excel_import|dorado|?,20251116-140537,2025-11-16T14:05:37,NEW,|korat fw/ars dc|t299 reduce num write|ttr,,
excel_import,DORADO,,,,2025-11-16T00:00:00,Reduce redundant zones test of VBAR_ATI,TTR,excel_import|dorado|,20251116-140537,2025-11-16T14:05:37,NEW,||reduce redundant zones test of vbar_ati|ttr,,
excel_import,DORADO,?,,DC,2025-11-16T00:00:00,"Project to remove UACT1 ""milli"" actuator",TTR,excel_import|dorado|?,20251116-140537,2025-11-16T14:05:37,NEW,"|dc|project to remove uact1 ""milli"" actuator|ttr",,
excel_import,DORADO,?,,Korat,2025-11-16T00:00:00,T285 DRCM opti,TTR,excel_import|dorado|?,20251116-140537,2025-11-16T14:05:37,NEW,|korat|t285 drcm opti|ttr,,
excel_import,DORADO,,,Korat FW,2025-11-16T00:00:00,T299 RAP Saving (4),TTR,excel_import|dorado|,20251116-140537,2025-11-16T14:05:37,NEW,|korat fw|t299 rap saving (4)|ttr,,
excel_import,DORADO,,,Korat FW,2025-11-16T00:00:00,uJog Goby,TTR,excel_import|dorado|,20251116-140537,2025-11-16T14:05:37,NEW,|korat fw|ujog goby|ttr,,
excel_import,DORADO,,,Korat FW/Servo DC,2025-11-16T00:00:00,XBAR,TTR,excel_import|dorado|,20251116-140537,2025-11-16T14:05:37,NEW,|korat fw/servo dc|xbar|ttr,,
excel_import,DORADO,,,Korat FW/ARS DC,2025-11-16T00:00:00,VBAR ATI predict			,TTR,excel_import|dorado|,20251116-140537,2025-11-16T14:05:37,NEW,|korat fw/ars dc|vbar ati predict|ttr,,
excel_import,DORADO,,,,2025-11-16T00:00:00,Remove PWT opti,TTR,excel_import|dorado|,20251116-140537,2025-11-16T14:05:37,NEW,||remove pwt opti|ttr,,
excel_import,DORADO,,,,2025-11-16T00:00:00,VBAR Laser Predition,TTR,excel_import|dorado|,20251116-140537,2025-11-16T14:05:37,NEW,||vbar laser predition|ttr,,
excel_import,DORADO,,,,2025-11-16T00:00:00,WP opti Prediction,TTR,excel_import|dorado|,20251116-140537,2025-11-16T14:05:37,NEW,||wp opti prediction|ttr,,
excel_import,DORADO,need jira,,DC,2025-11-16T00:00:00,T461 AC Erase Support,TTR,excel_import|dorado|need jira,20251116-140537,2025-11-16T14:05:37,NEW,|dc|t461 ac erase support|ttr,,
excel_import,DORADO,need jira,,,2025-11-16T00:00:00,FNC2 T150 Linearization monitor (1.2),TTR,excel_import|dorado|need jira,20251116-140537,2025-11-16T14:05:37,NEW,||fnc2 t150 linearization monitor (1.2)|ttr,,
excel_import,DORADO,need jira,,,2025-11-16T00:00:00,T461 similar to marlin JIRA1036,TTR,excel_import|dorado|need jira,20251116-140537,2025-11-16T14:05:37,NEW,||t461 similar to marlin jira1036|ttr,,
excel_import,DORADO,need jira,,,2025-11-16T00:00:00,PC file compression ,TTR,excel_import|dorado|need jira,20251116-140537,2025-11-16T14:05:37,NEW,||pc file compression|ttr,,
excel_import,DORADO,Dorado -1289,,,2025-11-16T00:00:00,OEE SPSC2 + PWT  ,TTR,excel_import|dorado|dorado -1289,20251116-140537,2025-11-16T14:05:37,NEW,||oee spsc2 + pwt|ttr,,
excel_import,DORADO,,,,2025-11-16T00:00:00,Total MQM TTR,TTR,excel_import|dorado|,20251116-140537,2025-11-16T14:05:37,NEW,||total mqm ttr|ttr,,
excel_import,DORADO,,,,2025-11-16T00:00:00,Total NDS TTR,TTR,excel_import|dorado|,20251116-140537,2025-11-16T14:05:37,NEW,||total nds ttr|ttr,,
excel_import,DORADO,,,,2025-11-16T00:00:00,Total Soak TTR,TTR,excel_import|dorado|,20251116-140537,2025-11-16T14:05:37,NEW,||total soak ttr|ttr,,
excel_import,DORADO,,,,2025-11-16T00:00:00,Total  CERT TTR,TTR,excel_import|dorado|,20251116-140537,2025-11-16T14:05:37,NEW,||total cert ttr|ttr,,
excel_import,DORADO,,,,2025-11-16T00:00:00,PRE2 GMR_RES_2x monitor (0.2),TTR,excel_import|dorado|,20251116-140537,2025-11-16T14:05:37,NEW,||pre2 gmr_res_2x monitor (0.2)|ttr,,
